Id,Sales
1,7211.26
2,7618.5
3,8554.35
4,8072.57
5,7765.93
6,7113.0
7,7623.66
8,7515.95
9,6866.24
10,6527.18
11,7661.86
12,8121.36
13,7475.15
14,6675.98
15,6240.12
16,6561.6
17,7972.53
18,7622.41
19,10077.37
20,8745.82
21,7799.61
22,7772.97
23,7985.07
24,6972.45
25,10340.63
26,7694.26
27,7523.74
28,7211.26
29,7096.22
30,7105.5
31,7541.46
32,10404.39
33,7213.34
34,7591.44
35,6495.63
36,8916.84
37,6690.61
38,8076.25
39,7993.89
40,7659.99
41,7588.45
42,8281.23
43,7646.04
44,7604.65
45,7646.19
46,7695.02
47,6656.86
48,10940.96
49,7149.18
50,9325.45
51,7275.74
52,6623.4
53,8012.63
54,7898.67
55,6563.32
56,9085.59
57,7403.81
58,7896.36
59,9353.35
60,7643.99
61,7635.99
62,8392.85
63,6634.53
64,8773.26
65,7690.08
66,8169.88
67,6536.32
68,6623.65
69,8657.91
70,7067.76
71,7818.89
72,7501.61
73,8174.23
74,7796.75
75,6442.32
76,8265.19
77,7498.12
78,8311.29
79,7470.57
80,7249.22
81,7672.09
82,8001.78
83,8192.48
84,7493.54
85,7155.67
86,8522.25
87,7635.16
88,7219.2
89,7950.15
90,7777.15
91,6672.12
92,8245.4
93,7114.43
94,6663.9
95,6535.82
96,7526.69
97,7067.76
98,6535.39
99,6450.07
100,7533.8
101,7213.34
102,7579.29
103,6612.56
104,6735.4
105,7631.32
106,6601.59
107,7132.06
108,7242.12
109,8261.66
110,8870.99
111,7645.38
112,8338.45
113,6665.1
114,8673.51
115,7730.3
116,7607.71
117,8265.05
118,7214.95
119,8099.55
120,7502.83
121,7737.25
122,8145.17
123,8024.98
124,7646.04
125,6507.04
126,6524.09
127,6958.6
128,8022.81
129,6544.03
130,6423.78
131,7690.08
132,7205.71
133,7335.78
134,8269.04
135,7632.36
136,8277.5
137,7993.89
138,7222.46
139,7570.72
140,7972.18
141,8124.76
142,5058.18
143,8261.66
144,6647.45
145,7938.52
146,6520.79
147,6579.62
148,7639.74
149,7787.76
150,8482.34
151,11488.63
152,7993.87
153,7646.04
154,7369.68
155,7256.29
156,7747.48
157,6689.59
158,7900.94
159,8342.07
160,7588.69
161,6536.37
162,7987.98
163,7725.17
164,7268.57
165,7348.43
166,7458.55
167,7677.65
168,7163.07
169,7175.14
170,6710.91
171,7901.63
172,7493.54
173,7787.76
174,7706.91
175,7502.83
176,8855.46
177,8104.69
178,7650.62
179,7695.02
180,8622.74
181,6736.64
182,8377.21
183,7181.53
184,7309.01
185,6769.38
186,8132.55
187,6549.72
188,9617.99
189,8013.36
190,9002.7
191,8129.56
192,7769.78
193,7214.95
194,18676.4
195,10905.44
196,7275.74
197,4588.65
198,6709.4
199,8942.28
200,6792.01
201,13408.39
202,18136.12
203,7548.64
204,7034.09
205,7334.28
206,7977.38
207,9435.25
208,7489.56
209,8335.06
210,6329.7
211,6844.54
212,7493.54
213,8159.38
214,7512.52
215,8487.2
216,8155.0
217,7067.76
218,6698.26
219,7706.91
220,6667.28
221,6708.75
222,7993.89
223,7994.81
224,7113.0
225,7760.5
226,7093.18
227,7278.7
228,7595.77
229,8222.87
230,9618.62
231,7754.44
232,7591.14
233,7562.12
234,7288.31
235,6452.84
236,6712.48
237,6492.4
238,7468.31
239,7489.55
240,8477.93
241,7604.58
242,6524.09
243,8152.39
244,7830.44
245,6703.95
246,7562.76
247,15323.29
248,7646.04
249,6984.28
250,7162.87
251,7089.39
252,6552.87
253,5718.55
254,7191.71
255,8038.15
256,7686.19
257,16250.54
258,8717.35
259,7631.02
260,7603.09
261,7489.55
262,8335.06
263,8518.79
264,10041.34
265,7253.08
266,9729.11
267,7449.02
268,8335.06
269,7690.5
270,7887.75
271,7499.68
272,6736.64
273,7493.54
274,7215.97
275,8688.86
276,8056.11
277,7626.43
278,7327.94
279,8124.76
280,12462.27
281,7469.43
282,7067.76
283,7883.19
284,7695.94
285,7946.81
286,6977.3
287,7629.22
288,7646.04
289,7502.83
290,8931.72
291,7792.59
292,8541.75
293,6767.94
294,18241.58
295,7993.89
296,7602.94
297,8613.7
298,7706.91
299,8165.75
300,6802.46
301,7706.91
302,8003.75
303,8273.99
304,7269.52
305,8291.34
306,6601.59
307,6736.64
308,7920.56
309,7552.88
310,6492.4
311,7694.26
312,6625.43
313,6634.19
314,7467.7
315,7771.36
316,8338.45
317,7493.54
318,8837.19
319,7493.54
320,8189.04
321,7971.23
322,7449.86
323,6471.71
324,6184.56
325,7541.29
326,7770.56
327,7541.46
328,7884.06
329,6541.09
330,8914.76
331,6640.22
332,7802.42
333,8171.14
334,8124.76
335,9396.52
336,8440.94
337,7115.14
338,6611.08
339,6710.06
340,8035.59
341,6601.41
342,7874.95
343,6547.7
344,9997.38
345,8038.15
346,10217.84
347,6764.77
348,6634.53
349,7593.3
350,8663.58
351,8208.18
352,7418.92
353,7492.4
354,7764.77
355,8913.15
356,7563.73
357,8248.33
358,8186.0
359,8121.36
360,9529.64
361,7694.94
362,13403.16
363,7213.34
364,7668.95
365,7270.71
366,10846.35
367,6623.84
368,6572.53
369,7998.5
370,7498.12
371,7067.76
372,7629.22
373,7633.35
374,6507.03
375,7493.54
376,6694.67
377,7541.46
378,7213.34
379,10250.64
380,6561.6
381,6413.07
382,7608.32
383,9030.74
384,8524.13
385,7395.51
386,6315.46
387,6633.97
388,7606.8
389,7523.62
390,6712.48
391,8335.06
392,7249.22
393,6723.45
394,7652.4
395,7502.83
396,7748.46
397,8523.64
398,7665.98
399,6529.12
400,7470.57
401,7193.71
402,7663.49
403,8208.48
404,8036.9
405,10898.84
406,8090.72
407,8261.66
408,8121.36
409,10439.91
410,8265.96
411,6543.36
412,7250.04
413,7660.48
414,6479.49
415,6376.66
416,6637.1
417,7384.56
418,7892.75
419,6656.19
420,7230.73
421,7628.74
422,7637.31
423,8027.4
424,7670.04
425,7210.92
426,7817.82
427,6857.92
428,6591.76
429,9614.79
430,6589.65
431,6541.09
432,7113.0
433,8292.01
434,19175.64
435,6429.12
436,7493.54
437,7693.75
438,6924.69
439,6468.9
440,7493.54
441,7717.21
442,6662.47
443,7674.72
444,6519.76
445,8667.66
446,6471.71
447,7489.55
448,7642.07
449,7655.47
450,9191.17
451,8091.02
452,7390.81
453,6698.26
454,8359.37
455,15674.87
456,8943.61
457,7964.43
458,6375.82
459,7646.04
460,7475.15
461,7261.86
462,8568.82
463,8329.26
464,6519.43
465,8737.83
466,6717.46
467,6720.63
468,7272.88
469,7624.05
470,7117.6
471,7450.96
472,6609.15
473,7668.07
474,8995.93
475,7620.11
476,8213.52
477,6587.05
478,7493.54
479,6507.06
480,7670.04
481,6931.74
482,8165.75
483,6519.76
484,7953.05
485,7785.46
486,6601.91
487,7498.12
488,7219.2
489,7104.21
490,6488.92
491,7502.83
492,7767.76
493,7741.29
494,8568.68
495,7494.41
496,6318.96
497,8083.73
498,6856.74
499,10271.33
500,7490.04
501,8212.26
502,6519.76
503,7470.76
504,7659.18
505,7653.37
506,5049.49
507,7423.29
508,7320.69
509,7211.26
510,6507.04
511,7793.37
512,7702.55
513,8252.98
514,8814.2
515,6577.11
516,7922.4
517,7381.64
518,7026.84
519,7598.71
520,8267.42
521,6623.65
522,6642.59
523,9092.69
524,6703.31
525,7022.36
526,6901.96
527,7163.07
528,7414.67
529,6486.14
530,8064.89
531,7572.89
532,7117.24
533,7498.12
534,7374.45
535,7006.05
536,7693.25
537,6518.12
538,9991.48
539,7302.66
540,7105.5
541,7263.19
542,6569.83
543,6929.76
544,0.0
545,7029.51
546,6717.46
547,8141.41
548,6557.11
549,7432.06
550,6712.48
551,11250.74
552,7624.88
553,6633.21
554,7588.58
555,7231.42
556,6544.13
557,8075.35
558,7620.11
559,7270.71
560,7646.04
561,8128.26
562,7793.25
563,7249.22
564,7489.25
565,8319.6
566,8047.34
567,8632.52
568,16010.52
569,7502.54
570,6595.11
571,8071.62
572,8129.81
573,7639.74
574,7978.56
575,8262.49
576,8124.76
577,6519.76
578,7646.04
579,6675.98
580,6534.97
581,7086.23
582,7450.96
583,6484.43
584,7627.23
585,16431.87
586,8121.36
587,8035.42
588,8393.79
589,7541.46
590,8469.17
591,8773.76
592,8947.6
593,8213.52
594,8253.09
595,7990.8
596,10606.39
597,7513.26
598,7558.51
599,7022.8
600,7470.76
601,8928.23
602,7651.71
603,6441.05
604,7657.85
605,6447.9
606,6440.03
607,6550.82
608,7659.02
609,8166.94
610,8161.6
611,7938.3
612,7708.71
613,7317.45
614,6728.24
615,8226.55
616,6582.73
617,8050.74
618,7306.27
619,5929.23
620,7515.95
621,7170.25
622,6566.59
623,7545.62
624,7981.45
625,7946.26
626,7697.99
627,8001.72
628,5612.71
629,7114.43
630,6618.95
631,6911.51
632,6727.85
633,8846.36
634,7615.25
635,7951.81
636,7956.0
637,8075.35
638,6895.73
639,8449.61
640,7027.7
641,9671.67
642,7213.34
643,7649.96
644,6622.63
645,7626.08
646,7155.67
647,11745.02
648,6582.73
649,6643.06
650,7651.75
651,7704.83
652,7056.5
653,8012.63
654,6543.36
655,7498.12
656,6456.18
657,8102.18
658,6924.69
659,7113.0
660,6625.43
661,6534.97
662,7647.37
663,8119.32
664,6213.67
665,7620.11
666,8345.89
667,6484.43
668,8025.68
669,7499.68
670,7930.11
671,7695.94
672,8213.52
673,7613.91
674,7575.26
675,6753.93
676,8560.41
677,0.0
678,8121.36
679,7718.54
680,5981.7
681,7113.0
682,8318.72
683,7673.43
684,8223.25
685,7383.28
686,6810.48
687,7066.48
688,7537.81
689,7284.56
690,8518.79
691,8121.36
692,8355.67
693,6394.14
694,6676.16
695,7971.23
696,5807.82
697,8226.17
698,7588.58
699,8158.1
700,8410.41
701,7628.23
702,6623.04
703,7663.55
704,8261.66
705,7892.83
706,9097.52
707,7067.71
708,7568.88
709,8725.14
710,8051.93
711,7037.98
712,6475.01
713,7316.71
714,6656.19
715,6497.88
716,7646.04
717,7787.76
718,7541.46
719,7968.19
720,7370.17
721,7641.14
722,8082.87
723,7470.57
724,8295.13
725,7660.46
726,7230.56
727,7387.49
728,7702.55
729,6519.76
730,7493.54
731,8265.05
732,7316.61
733,8162.71
734,6563.32
735,6815.82
736,8222.79
737,7774.85
738,7414.67
739,8045.46
740,7133.57
741,7688.24
742,6632.79
743,7499.68
744,8170.33
745,7731.77
746,9756.26
747,8936.05
748,8895.32
749,7611.69
750,7318.73
751,6461.86
752,7599.12
753,8563.0
754,7479.86
755,8248.33
756,6528.31
757,7915.42
758,7772.97
759,6924.65
760,6322.53
761,6502.0
762,6117.2
763,6622.19
764,6935.98
765,7329.46
766,6634.53
767,7646.04
768,6523.58
769,7729.39
770,8679.25
771,7533.8
772,8228.44
773,7942.66
774,6418.5
775,8970.75
776,7646.04
777,7570.77
778,7683.45
779,6429.12
780,13179.06
781,7637.31
782,6277.85
783,7663.76
784,8371.57
785,9363.53
786,7773.74
787,7498.83
788,6989.01
789,13066.5
790,7015.38
791,7592.78
792,7502.83
793,7418.92
794,7615.24
795,9046.66
796,7029.51
797,6604.75
798,6924.69
799,7163.21
800,8435.93
801,6924.69
802,7698.83
803,5652.74
804,7643.52
805,8315.97
806,7470.57
807,7298.64
808,7469.43
809,7493.54
810,7936.67
811,8253.72
812,7358.82
813,7475.15
814,8338.45
815,7266.11
816,8202.91
817,10435.23
818,6623.23
819,7662.38
820,8171.14
821,7493.54
822,8269.73
823,6536.3
824,7660.59
825,7663.55
826,5128.95
827,6524.09
828,7395.34
829,7912.2
830,7067.76
831,7502.83
832,7257.35
833,8447.39
834,7792.59
835,6819.33
836,7993.89
837,8210.13
838,9882.67
839,6675.98
840,7523.62
841,0.0
842,8817.55
843,6638.44
844,7950.15
845,6500.46
846,7668.08
847,6566.67
848,6642.46
849,7615.53
850,6519.76
851,6602.64
852,6634.82
853,9785.48
854,8236.58
855,9917.96
856,7493.54
857,7319.38
858,7683.9
859,8552.82
860,8404.35
861,7795.24
862,7230.11
863,7679.46
864,7566.79
865,6883.65
866,6644.75
867,7721.93
868,8150.67
869,7541.8
870,6803.94
871,6392.4
872,6693.87
873,8206.64
874,7711.7
875,10226.21
876,8745.82
877,7828.91
878,7772.97
879,7995.52
880,7109.87
881,10329.2
882,7765.91
883,7593.91
884,7382.94
885,7115.46
886,7105.5
887,7574.66
888,10444.78
889,7424.11
890,7809.49
891,6608.23
892,9013.36
893,6899.64
894,8125.71
895,8306.55
896,7780.12
897,7645.94
898,8311.24
899,7717.69
900,7693.93
901,7675.29
902,7880.93
903,6831.41
904,10843.77
905,7359.95
906,9478.85
907,7460.89
908,6807.55
909,8074.36
910,7964.07
911,6694.88
912,9062.93
913,7482.42
914,7897.44
915,9402.8
916,7659.81
917,7782.35
918,8594.6
919,6780.13
920,8852.65
921,7864.09
922,8251.87
923,6648.92
924,6769.24
925,8707.25
926,7221.43
927,7818.89
928,7528.8
929,8182.32
930,7807.65
931,6602.84
932,8459.54
933,7547.13
934,8311.29
935,7559.86
936,7437.48
937,7701.4
938,8033.44
939,8260.92
940,7565.19
941,7343.93
942,8518.37
943,7706.8
944,7367.91
945,7981.81
946,7808.8
947,6830.92
948,8313.84
949,7337.61
950,6838.05
951,6630.79
952,7561.67
953,7221.43
954,6667.65
955,6548.48
956,7567.0
957,7424.11
958,7631.91
959,6780.22
960,6945.7
961,7687.13
962,6832.93
963,7355.25
964,7337.35
965,8269.76
966,8884.41
967,7717.03
968,8323.24
969,6793.06
970,8671.98
971,7916.21
972,7673.11
973,8273.15
974,7334.73
975,8128.86
976,7574.48
977,7910.04
978,8153.27
979,8054.29
980,7717.69
981,6619.64
982,6635.0
983,7010.49
984,8254.42
985,6655.55
986,6541.34
987,7864.09
988,7211.53
989,7506.68
990,8464.93
991,7809.81
992,8293.1
993,8306.55
994,7473.86
995,7651.11
996,8203.8
997,8154.06
998,5071.66
999,8269.76
1000,6762.08
1001,8252.34
1002,6680.58
1003,6697.19
1004,7688.75
1005,7952.27
1006,8471.48
1007,11484.37
1008,8263.41
1009,7717.69
1010,7555.59
1011,7263.79
1012,7760.59
1013,6948.13
1014,7956.8
1015,8669.77
1016,7677.98
1017,6631.49
1018,7973.88
1019,7816.09
1020,7527.89
1021,7371.42
1022,7458.55
1023,7736.83
1024,7213.91
1025,7343.93
1026,6895.39
1027,7914.69
1028,7565.19
1029,7952.27
1030,7880.93
1031,7574.48
1032,8844.6
1033,8125.47
1034,7699.63
1035,7880.93
1036,8850.57
1037,6995.17
1038,8339.28
1039,7197.13
1040,7324.61
1041,6924.11
1042,8131.63
1043,6649.65
1044,9573.3
1045,8274.49
1046,9093.04
1047,8131.9
1048,7782.83
1049,7366.33
1050,18637.34
1051,10898.62
1052,7460.89
1053,4616.72
1054,6878.43
1055,8994.16
1056,6746.99
1057,13400.14
1058,18290.39
1059,7604.44
1060,7262.49
1061,7455.06
1062,8277.09
1063,9642.27
1064,7554.96
1065,8319.84
1066,6339.07
1067,6858.02
1068,7565.19
1069,8169.82
1070,7561.53
1071,8538.65
1072,8173.16
1073,7221.43
1074,6801.3
1075,7880.93
1076,6812.87
1077,6811.79
1078,8345.56
1079,8316.44
1080,7227.77
1081,7749.74
1082,7313.74
1083,7455.06
1084,7830.68
1085,8275.31
1086,9424.76
1087,7788.7
1088,7626.11
1089,7627.52
1090,7405.27
1091,6627.39
1092,6971.01
1093,6605.0
1094,7647.12
1095,7556.2
1096,8518.02
1097,7839.49
1098,6685.03
1099,8204.83
1100,8020.35
1101,6846.5
1102,7637.89
1103,15359.18
1104,7717.69
1105,7013.39
1106,7396.64
1107,7241.43
1108,6654.03
1109,5763.39
1110,7242.55
1111,8069.81
1112,7746.25
1113,17685.55
1114,8717.35
1115,7702.67
1116,7734.45
1117,7556.2
1118,8319.84
1119,8518.79
1120,10079.84
1121,7318.48
1122,9783.74
1123,7472.53
1124,8319.84
1125,7792.99
1126,7914.95
1127,7652.95
1128,7009.21
1129,7565.19
1130,7189.35
1131,8584.68
1132,8069.16
1133,7698.08
1134,7539.23
1135,8154.06
1136,12548.2
1137,7558.71
1138,7221.43
1139,7914.84
1140,7776.34
1141,8048.87
1142,7119.6
1143,7663.97
1144,7717.69
1145,7574.48
1146,8983.61
1147,7824.25
1148,8813.86
1149,6913.54
1150,18168.99
1151,8313.5
1152,7640.69
1153,8613.7
1154,7880.93
1155,8183.92
1156,6920.03
1157,7880.93
1158,8010.87
1159,8468.35
1160,7348.73
1161,8291.34
1162,6832.93
1163,7009.21
1164,8220.27
1165,7650.91
1166,6587.63
1167,7765.91
1168,6883.97
1169,6802.05
1170,7500.9
1171,7839.08
1172,8323.24
1173,7565.19
1174,8823.36
1175,7565.19
1176,8204.86
1177,8005.49
1178,7500.69
1179,6578.52
1180,6247.23
1181,7720.0
1182,7799.87
1183,7574.66
1184,7779.88
1185,6695.21
1186,8984.48
1187,6782.77
1188,7791.56
1189,8157.03
1190,8154.06
1191,9461.65
1192,8468.35
1193,7335.69
1194,6817.76
1195,6887.61
1196,8154.02
1197,6722.09
1198,7874.95
1199,6509.62
1200,10018.2
1201,8069.81
1202,10239.58
1203,7011.86
1204,6780.13
1205,7645.69
1206,8684.74
1207,8226.35
1208,7418.92
1209,7564.05
1210,7855.54
1211,8913.15
1212,7598.61
1213,8531.75
1214,8194.09
1215,8150.67
1216,9503.57
1217,7740.47
1218,13517.47
1219,7424.11
1220,7768.76
1221,7320.72
1222,10829.04
1223,6723.77
1224,6801.59
1225,8008.95
1226,7547.13
1227,7221.43
1228,7678.23
1229,7667.62
1230,6624.6
1231,7565.19
1232,6904.98
1233,7574.66
1234,7424.11
1235,10238.22
1236,6693.87
1237,6597.22
1238,7679.97
1239,9071.64
1240,8543.76
1241,7411.11
1242,6332.1
1243,6765.3
1244,7696.09
1245,7574.45
1246,6971.01
1247,8319.84
1248,7437.48
1249,6718.64
1250,7799.76
1251,7574.48
1252,7713.56
1253,8519.76
1254,7745.83
1255,6703.67
1256,7559.86
1257,7259.11
1258,7749.18
1259,8263.53
1260,8111.81
1261,10923.32
1262,8101.16
1263,8269.76
1264,8150.67
1265,10356.85
1266,8314.5
1267,6656.01
1268,7437.77
1269,7749.76
1270,6592.09
1271,6585.69
1272,6754.67
1273,7417.77
1274,7908.35
1275,6928.77
1276,7343.93
1277,7718.03
1278,7708.96
1279,8034.51
1280,7699.34
1281,7219.7
1282,7843.61
1283,7092.67
1284,6721.09
1285,9519.72
1286,6689.17
1287,6695.21
1288,7230.11
1289,8486.37
1290,19146.19
1291,6546.69
1292,7565.19
1293,7715.49
1294,7068.52
1295,6598.06
1296,7565.19
1297,7717.21
1298,6764.96
1299,7746.37
1300,6637.32
1301,8895.49
1302,6578.52
1303,7556.2
1304,7857.51
1305,7890.38
1306,9212.91
1307,8422.79
1308,7385.58
1309,6848.49
1310,8345.55
1311,15742.13
1312,8951.56
1313,7974.87
1314,6414.59
1315,7717.69
1316,7541.8
1317,7435.87
1318,8567.3
1319,8329.26
1320,6637.0
1321,8772.47
1322,6989.2
1323,6780.06
1324,7320.97
1325,7842.1
1326,7320.52
1327,7656.83
1328,6867.69
1329,7731.12
1330,9059.56
1331,7686.75
1332,8221.62
1333,6797.36
1334,7565.19
1335,6614.87
1336,7699.34
1337,7166.49
1338,8183.92
1339,6637.32
1340,8017.13
1341,7814.77
1342,6701.84
1343,7547.13
1344,7367.91
1345,7307.13
1346,6601.52
1347,7574.48
1348,8000.33
1349,8104.24
1350,8584.5
1351,7564.58
1352,6490.56
1353,8083.73
1354,7091.48
1355,10588.24
1356,7622.21
1357,8230.43
1358,6636.91
1359,7454.77
1360,7761.67
1361,7691.53
1362,5077.56
1363,7466.56
1364,7353.89
1365,7343.93
1366,6619.64
1367,7819.16
1368,7832.87
1369,8268.8
1370,8814.2
1371,6783.53
1372,7954.05
1373,7447.05
1374,7166.48
1375,7651.32
1376,8305.92
1377,6769.24
1378,6788.19
1379,9114.18
1380,6817.14
1381,7191.37
1382,6901.96
1383,7213.91
1384,7447.87
1385,6603.71
1386,8094.2
1387,7805.45
1388,7124.58
1389,7547.13
1390,7424.46
1391,7109.09
1392,7768.38
1393,6635.68
1394,10093.78
1395,7473.73
1396,7105.5
1397,7314.03
1398,6669.35
1399,7089.69
1400,0.0
1401,7278.3
1402,6989.2
1403,8170.72
1404,6699.27
1405,7497.46
1406,6971.01
1407,11479.99
1408,7696.52
1409,6744.91
1410,7631.77
1411,7411.5
1412,6773.19
1413,8131.76
1414,7700.79
1415,7320.72
1416,7717.69
1417,8225.36
1418,7803.69
1419,7476.5
1420,7642.51
1421,8306.73
1422,8102.13
1423,8628.65
1424,15849.57
1425,7491.78
1426,6823.58
1427,8071.62
1428,8178.35
1429,7688.75
1430,8274.36
1431,8270.58
1432,8154.06
1433,6636.91
1434,7717.69
1435,6803.94
1436,6695.91
1437,7314.7
1438,7656.83
1439,6613.58
1440,7684.72
1441,16545.06
1442,8150.67
1443,8021.31
1444,8393.79
1445,7574.66
1446,8467.65
1447,8708.01
1448,8876.25
1449,8221.62
1450,8261.19
1451,8022.46
1452,10543.7
1453,7546.1
1454,7869.69
1455,6930.58
1456,7454.77
1457,8914.41
1458,7723.36
1459,6536.28
1460,7729.5
1461,6495.99
1462,6637.22
1463,6668.38
1464,7692.22
1465,8175.04
1466,8146.39
1467,8345.56
1468,7774.11
1469,7477.23
1470,6831.28
1471,8244.72
1472,6728.33
1473,8080.05
1474,7405.27
1475,6176.15
1476,7566.79
1477,7334.79
1478,6758.98
1479,7566.08
1480,8056.22
1481,8201.89
1482,7967.82
1483,8014.77
1484,5709.27
1485,7337.61
1486,6739.63
1487,6927.11
1488,6830.9
1489,8832.54
1490,7746.6
1491,8001.08
1492,7966.44
1493,8306.97
1494,6923.8
1495,8465.43
1496,7035.05
1497,9790.88
1498,7424.11
1499,7698.97
1500,6768.22
1501,7708.07
1502,7343.93
1503,11599.57
1504,6728.33
1505,6883.96
1506,7741.04
1507,7704.83
1508,7209.59
1509,8074.36
1510,6638.33
1511,7547.13
1512,6580.37
1513,8333.8
1514,7093.7
1515,7230.11
1516,6883.97
1517,6695.91
1518,7883.44
1519,8202.63
1520,6397.82
1521,7686.75
1522,8344.36
1523,6613.58
1524,8054.99
1525,7652.95
1526,7928.59
1527,7776.34
1528,8221.62
1529,7711.4
1530,7690.02
1531,6994.83
1532,8556.53
1533,0.0
1534,8150.67
1535,7718.54
1536,5981.7
1537,7227.77
1538,8334.54
1539,7837.94
1540,8231.34
1541,7451.72
1542,7065.42
1543,7294.88
1544,7707.45
1545,7284.56
1546,8518.79
1547,8150.67
1548,8377.41
1549,6568.69
1550,6871.34
1551,8005.49
1552,5833.14
1553,8315.88
1554,7646.07
1555,8158.1
1556,8410.41
1557,7551.35
1558,6754.6
1559,7794.9
1560,8269.76
1561,7956.91
1562,9121.85
1563,7214.1
1564,7626.38
1565,8725.14
1566,8420.19
1567,7191.64
1568,6604.16
1569,7476.5
1570,6914.73
1571,6610.48
1572,7717.69
1573,7952.27
1574,7574.66
1575,8002.45
1576,7420.19
1577,7696.53
1578,8137.66
1579,7559.86
1580,8293.6
1581,7866.33
1582,7366.6
1583,7563.86
1584,7832.87
1585,6637.32
1586,7565.19
1587,8273.15
1588,7539.44
1589,8173.15
1590,6694.88
1591,6933.39
1592,8249.98
1593,8020.35
1594,7447.87
1595,8098.95
1596,7362.55
1597,7723.12
1598,6809.23
1599,7652.95
1600,8178.43
1601,7761.7
1602,9764.3
1603,9081.63
1604,9014.54
1605,7709.18
1606,7369.57
1607,6591.01
1608,7633.02
1609,8628.81
1610,7569.15
1611,8531.75
1612,6640.91
1613,8249.26
1614,7772.97
1615,7045.32
1616,6494.14
1617,6619.57
1618,6117.2
1619,6832.49
1620,7142.66
1621,7503.48
1622,6780.13
1623,7717.69
1624,6636.18
1625,7782.0
1626,8679.25
1627,7567.0
1628,8556.13
1629,8006.74
1630,6541.12
1631,8970.75
1632,7717.69
1633,7645.9
1634,7755.1
1635,6546.69
1636,13220.58
1637,7708.96
1638,6462.0
1639,7743.61
1640,8531.89
1641,9351.1
1642,7837.82
1643,7665.69
1644,7106.57
1645,13138.6
1646,7015.38
1647,7701.7
1648,7574.48
1649,7418.92
1650,7833.29
1651,9086.24
1652,7295.11
1653,6736.22
1654,7093.7
1655,7163.21
1656,8437.01
1657,7068.52
1658,7733.58
1659,5700.48
1660,7814.95
1661,8315.97
1662,7559.86
1663,7478.73
1664,7558.71
1665,7565.19
1666,7968.32
1667,8253.72
1668,7432.47
1669,7541.8
1670,8323.24
1671,7338.62
1672,8251.45
1673,10506.25
1674,6743.9
1675,7808.74
1676,8181.58
1677,7565.19
1678,8296.59
1679,6653.87
1680,7849.66
1681,7794.9
1682,5142.23
1683,6659.84
1684,7428.54
1685,7939.4
1686,7221.43
1687,7574.48
1688,7257.35
1689,8447.39
1690,7824.25
1691,7065.66
1692,8195.66
1693,8218.22
1694,9844.75
1695,6834.79
1696,7574.45
1697,0.0
1698,8858.77
1699,6759.12
1700,7981.81
1701,6629.62
1702,7701.29
1703,6611.1
1704,6758.35
1705,7704.81
1706,6636.91
1707,6763.57
1708,6766.15
1709,9826.39
1710,8244.68
1711,9832.55
1712,7565.19
1713,7659.02
1714,8450.72
1715,8837.57
1716,8831.58
1717,8052.36
1718,7598.05
1719,7778.55
1720,7680.16
1721,7568.46
1722,7398.74
1723,7833.95
1724,8291.46
1725,7707.81
1726,7612.54
1727,6824.33
1728,7327.64
1729,8645.17
1730,7838.73
1731,10556.4
1732,9103.21
1733,8116.19
1734,8481.58
1735,8107.85
1736,7458.29
1737,10654.55
1738,7885.47
1739,7703.09
1740,7847.14
1741,7958.1
1742,7630.87
1743,7679.6
1744,10693.35
1745,7829.34
1746,8479.48
1747,7336.64
1748,9011.83
1749,7399.37
1750,8172.29
1751,8674.39
1752,7927.39
1753,7740.88
1754,8382.68
1755,7829.71
1756,7820.96
1757,7750.62
1758,7913.63
1759,7186.1
1760,11125.37
1761,7815.57
1762,9674.53
1763,7460.89
1764,7176.6
1765,8214.51
1766,8767.46
1767,7474.68
1768,9227.61
1769,8023.99
1770,8071.42
1771,9366.19
1772,7742.92
1773,7756.86
1774,8614.3
1775,7603.74
1776,10043.66
1777,7958.47
1778,8312.87
1779,7528.71
1780,7592.86
1781,9346.97
1782,7701.26
1783,8346.14
1784,8109.12
1785,8295.81
1786,8168.44
1787,6995.06
1788,8573.76
1789,7705.67
1790,8931.28
1791,7725.87
1792,7850.46
1793,7952.69
1794,8113.79
1795,8374.26
1796,7723.73
1797,7737.9
1798,8547.53
1799,7818.83
1800,7702.48
1801,8095.17
1802,8080.83
1803,7478.26
1804,8427.18
1805,7773.35
1806,7595.63
1807,7407.96
1808,7710.34
1809,7701.26
1810,7227.04
1811,7691.16
1812,7671.93
1813,7829.34
1814,7758.94
1815,7941.66
1816,7840.55
1817,7786.21
1818,7220.63
1819,7773.35
1820,7794.74
1821,8362.3
1822,9826.37
1823,7836.59
1824,8453.01
1825,7628.29
1826,8725.92
1827,8139.45
1828,8388.92
1829,8355.72
1830,7585.41
1831,8261.69
1832,7736.91
1833,8533.91
1834,8199.85
1835,8187.12
1836,7829.71
1837,7385.62
1838,7314.53
1839,7017.33
1840,8546.97
1841,7283.85
1842,7267.46
1843,7958.47
1844,8137.74
1845,8037.42
1846,8673.65
1847,7794.42
1848,8395.55
1849,8649.95
1850,8221.83
1851,7756.05
1852,8483.27
1853,8284.87
1854,5804.96
1855,8362.3
1856,7350.31
1857,8697.8
1858,7466.19
1859,7431.55
1860,7800.77
1861,8288.48
1862,8492.74
1863,11836.29
1864,8766.72
1865,7829.71
1866,8032.52
1867,7859.33
1868,7905.5
1869,7840.16
1870,8167.7
1871,8784.59
1872,7827.01
1873,7295.21
1874,8061.35
1875,7902.62
1876,8244.67
1877,7736.92
1878,7952.83
1879,7821.44
1880,7460.15
1881,8024.32
1882,7293.25
1883,8008.23
1884,7723.73
1885,8313.99
1886,7948.68
1887,7736.91
1888,9137.26
1889,8204.28
1890,7811.65
1891,7936.17
1892,8718.17
1893,7881.89
1894,9190.85
1895,7252.46
1896,7441.05
1897,7799.01
1898,8867.91
1899,7417.14
1900,9849.41
1901,8690.28
1902,9204.24
1903,8207.23
1904,7895.83
1905,7589.66
1906,18503.12
1907,11188.01
1908,7460.89
1909,5516.25
1910,7192.12
1911,8994.16
1912,7766.95
1913,13429.84
1914,18404.15
1915,7699.2
1916,7820.54
1917,7965.13
1918,8650.24
1919,9723.06
1920,8300.11
1921,8459.6
1922,6445.17
1923,7329.16
1924,7723.73
1925,8273.59
1926,7720.07
1927,9024.17
1928,8233.33
1929,7616.59
1930,7448.14
1931,7975.31
1932,7630.37
1933,7400.01
1934,8695.84
1935,8671.36
1936,7595.7
1937,8162.1
1938,8055.39
1939,7832.36
1940,8585.87
1941,8399.63
1942,9452.98
1943,7945.52
1944,7738.14
1945,8428.16
1946,8272.82
1947,7004.79
1948,7809.45
1949,7364.06
1950,8003.22
1951,7722.21
1952,8677.15
1953,8530.39
1954,7391.14
1955,8318.17
1956,8602.55
1957,7581.1
1958,7791.25
1959,15517.88
1960,7829.71
1961,7088.72
1962,7981.81
1963,7636.12
1964,7416.06
1965,5921.17
1966,7488.79
1967,8174.61
1968,7858.28
1969,17822.45
1970,9151.43
1971,7844.22
1972,7851.98
1973,7722.21
1974,8459.6
1975,8985.43
1976,10103.17
1977,8131.15
1978,9956.65
1979,8302.74
1980,8459.6
1981,7925.25
1982,8380.25
1983,7983.31
1984,7865.21
1985,7723.73
1986,7238.75
1987,8954.19
1988,8220.72
1989,7813.99
1990,7950.72
1991,8284.87
1992,12461.62
1993,7748.47
1994,7701.26
1995,8126.24
1996,7866.98
1997,8127.68
1998,7821.64
1999,7790.81
2000,7829.71
2001,7736.91
2002,9090.5
2003,8108.51
2004,8710.49
2005,7654.99
2006,18010.74
2007,8695.84
2008,7714.77
2009,9050.23
2010,7948.68
2011,8242.31
2012,7619.85
2013,7928.53
2014,8105.69
2015,8572.23
2016,7611.34
2017,8536.28
2018,7220.63
2019,7865.21
2020,8695.5
2021,7764.28
2022,7346.69
2023,7885.47
2024,7813.5
2025,7457.4
2026,7651.7
2027,8401.67
2028,8453.01
2029,7723.73
2030,9096.26
2031,7723.73
2032,8267.62
2033,8158.08
2034,7659.93
2035,7297.0
2036,6285.21
2037,7851.84
2038,8146.96
2039,7679.6
2040,8103.28
2041,7412.95
2042,9000.39
2043,7438.28
2044,8094.22
2045,8250.82
2046,8284.87
2047,9146.14
2048,8486.37
2049,8075.25
2050,7164.42
2051,7774.51
2052,8014.82
2053,7528.38
2054,8346.23
2055,7205.98
2056,10265.02
2057,8174.61
2058,10191.53
2059,7816.33
2060,7630.37
2061,7721.25
2062,8786.83
2063,8264.66
2064,7418.92
2065,7746.34
2066,7875.36
2067,9506.98
2068,7696.04
2069,8699.97
2070,8287.88
2071,8255.47
2072,9460.94
2073,7949.19
2074,13617.63
2075,7829.34
2076,7858.58
2077,7663.7
2078,11083.46
2079,7475.39
2080,7139.75
2081,8071.97
2082,7705.67
2083,7616.59
2084,7805.07
2085,8026.52
2086,7439.88
2087,7723.73
2088,7839.93
2089,7679.6
2090,7829.34
2091,10367.48
2092,7321.87
2093,7014.66
2094,7813.99
2095,9221.74
2096,8807.71
2097,7587.15
2098,6865.05
2099,7542.05
2100,7827.01
2101,7687.83
2102,7809.45
2103,8459.6
2104,7807.7
2105,6825.72
2106,7923.25
2107,7736.91
2108,8043.14
2109,8682.65
2110,7811.05
2111,7058.36
2112,7725.87
2113,8079.44
2114,7843.75
2115,8376.87
2116,8174.57
2117,11117.3
2118,8213.49
2119,8362.3
2120,8291.46
2121,10474.94
2122,8423.22
2123,7406.02
2124,7648.48
2125,7876.8
2126,7403.79
2127,7135.74
2128,7514.0
2129,7611.47
2130,8118.01
2131,7869.81
2132,7810.68
2133,7845.06
2134,7824.87
2135,8129.33
2136,8007.35
2137,7219.7
2138,8125.38
2139,7874.5
2140,7494.84
2141,9808.32
2142,7427.18
2143,7412.95
2144,7572.52
2145,8587.03
2146,19130.95
2147,7256.24
2148,7723.73
2149,7715.49
2150,7434.16
2151,7262.14
2152,7723.73
2153,8306.7
2154,7542.58
2155,7869.82
2156,7419.18
2157,8763.09
2158,7264.31
2159,7722.21
2160,8596.27
2161,8706.54
2162,9280.97
2163,8780.7
2164,7847.29
2165,7495.34
2166,8511.12
2167,15981.15
2168,9374.57
2169,8048.15
2170,6572.37
2171,7829.71
2172,7707.81
2173,7864.25
2174,8627.22
2175,8911.19
2176,7428.54
2177,9090.17
2178,7848.42
2179,7630.3
2180,8139.73
2181,8512.08
2182,8010.7
2183,7908.59
2184,7814.04
2185,7825.69
2186,9168.36
2187,7813.79
2188,8351.39
2189,7587.49
2190,7723.73
2191,7507.67
2192,8007.35
2193,7930.05
2194,8285.81
2195,7403.31
2196,8121.3
2197,8122.78
2198,7482.49
2199,7705.67
2200,7651.97
2201,8010.7
2202,7375.65
2203,7736.91
2204,8511.02
2205,8553.14
2206,8683.24
2207,7703.09
2208,6871.96
2209,8613.06
2210,7883.84
2211,10817.44
2212,8106.44
2213,8350.95
2214,7438.39
2215,7838.41
2216,7848.21
2217,7770.32
2218,5508.02
2219,7571.78
2220,7547.59
2221,7840.79
2222,7385.62
2223,8048.45
2224,7919.98
2225,8341.54
2226,9247.58
2227,7160.93
2228,8126.24
2229,8167.12
2230,7604.73
2231,7793.17
2232,8721.58
2233,7619.49
2234,7504.7
2235,9105.8
2236,7734.75
2237,7608.21
2238,7289.03
2239,7460.15
2240,7641.57
2241,7383.78
2242,8283.83
2243,8514.82
2244,7682.29
2245,7705.67
2246,7909.23
2247,7645.71
2248,7902.93
2249,7512.28
2250,10174.66
2251,7775.19
2252,7630.87
2253,7473.27
2254,7454.85
2255,7861.05
2256,0.0
2257,8041.86
2258,7844.42
2259,8303.55
2260,7426.26
2261,8251.57
2262,7809.45
2263,11863.69
2264,7838.08
2265,7503.64
2266,8029.35
2267,8325.07
2268,7111.35
2269,8740.84
2270,7827.83
2271,7663.7
2272,7829.71
2273,8324.1
2274,7892.55
2275,7860.77
2276,8035.76
2277,8395.52
2278,8750.46
2279,8730.74
2280,15678.52
2281,8019.46
2282,7196.78
2283,8707.52
2284,8241.11
2285,7800.77
2286,8652.79
2287,8400.36
2288,8284.87
2289,7438.39
2290,7829.71
2291,7612.54
2292,7431.52
2293,8030.61
2294,7908.59
2295,7315.24
2296,7803.01
2297,16795.03
2298,8291.46
2299,8077.87
2300,8975.0
2301,7679.6
2302,8553.5
2303,9038.87
2304,9400.44
2305,8351.39
2306,8400.94
2307,8286.33
2308,10593.11
2309,7554.91
2310,8578.7
2311,7276.75
2312,7838.41
2313,9225.89
2314,7842.92
2315,7310.4
2316,7849.06
2317,7205.98
2318,6975.38
2319,7528.51
2320,7782.87
2321,8278.8
2322,8240.18
2323,8639.49
2324,8457.87
2325,7961.96
2326,7580.17
2327,8350.28
2328,7514.06
2329,8290.42
2330,7858.21
2331,6654.24
2332,7680.16
2333,7838.56
2334,7151.2
2335,8494.32
2336,8663.9
2337,8481.27
2338,8518.36
2339,8124.61
2340,5907.81
2341,7744.85
2342,7433.16
2343,7048.8
2344,7605.3
2345,9105.44
2346,7864.13
2347,8321.46
2348,8025.25
2349,8517.41
2350,7641.49
2351,8538.16
2352,7642.64
2353,9265.8
2354,7829.34
2355,7818.54
2356,7516.03
2357,7691.01
2358,7709.88
2359,11775.4
2360,7514.06
2361,7788.2
2362,7871.96
2363,8006.37
2364,7393.57
2365,8214.51
2366,7388.33
2367,7705.67
2368,7228.59
2369,8530.68
2370,7515.42
2371,7572.52
2372,7778.86
2373,7431.52
2374,8925.38
2375,8274.73
2376,6859.08
2377,7813.79
2378,8446.64
2379,7315.24
2380,8283.83
2381,7983.31
2382,8087.61
2383,7866.98
2384,8351.39
2385,7810.72
2386,7702.94
2387,7818.25
2388,8686.96
2389,0.0
2390,8291.46
2391,8285.91
2392,6550.84
2393,7595.7
2394,8433.28
2395,8217.35
2396,8335.11
2397,8047.26
2398,7874.01
2399,7820.54
2400,7839.97
2401,7938.8
2402,8985.43
2403,8291.46
2404,8401.58
2405,6946.09
2406,7765.71
2407,8158.08
2408,6607.78
2409,8304.14
2410,7764.37
2411,8711.0
2412,8894.46
2413,7799.44
2414,7521.89
2415,7912.43
2416,8362.3
2417,8084.93
2418,9669.57
2419,7481.92
2420,7744.67
2421,9118.14
2422,8748.5
2423,7701.26
2424,7351.77
2425,7932.02
2426,7838.95
2427,7452.7
2428,7829.71
2429,8313.99
2430,7679.6
2431,8155.05
2432,7741.68
2433,7814.26
2434,8680.7
2435,7725.87
2436,8420.32
2437,8142.55
2438,7710.06
2439,7983.91
2440,7919.98
2441,7419.18
2442,7723.73
2443,8355.72
2444,8610.64
2445,8252.47
2446,7465.79
2447,7602.19
2448,8241.59
2449,8489.57
2450,7641.57
2451,8177.76
2452,7976.14
2453,7824.88
2454,7573.65
2455,7983.31
2456,8308.2
2457,8234.28
2458,10064.18
2459,9081.63
2460,8836.64
2461,7810.72
2462,7558.61
2463,7193.75
2464,8120.77
2465,9213.09
2466,7739.04
2467,8661.82
2468,7509.68
2469,8598.13
2470,8481.58
2471,7599.34
2472,6838.34
2473,7430.66
2474,6589.82
2475,7734.63
2476,7346.47
2477,7891.66
2478,7545.7
2479,7829.71
2480,7403.78
2481,7909.04
2482,9037.27
2483,7671.93
2484,8654.14
2485,8161.19
2486,6561.01
2487,9189.77
2488,7829.71
2489,7784.77
2490,7874.66
2491,7256.24
2492,15061.96
2493,7824.87
2494,6893.93
2495,7830.15
2496,9161.14
2497,9645.85
2498,8019.88
2499,7917.45
2500,7676.35
2501,13273.89
2502,7504.72
2503,8165.49
2504,7736.91
2505,7418.92
2506,8600.15
2507,9102.14
2508,8058.67
2509,7457.16
2510,7515.42
2511,7479.58
2512,8613.54
2513,7434.16
2514,7848.47
2515,6473.34
2516,7886.6
2517,8696.42
2518,7725.87
2519,8557.26
2520,7748.47
2521,7723.73
2522,8081.69
2523,8513.01
2524,7826.9
2525,7707.81
2526,8453.01
2527,7707.02
2528,8360.17
2529,10557.72
2530,7445.44
2531,7756.86
2532,8275.37
2533,7723.73
2534,9199.67
2535,7401.48
2536,7856.42
2537,7912.43
2538,5167.17
2539,7352.39
2540,7622.24
2541,8404.7
2542,7701.26
2543,7736.91
2544,7725.56
2545,8876.02
2546,8056.04
2547,7870.1
2548,8649.85
2549,8357.97
2550,10622.04
2551,7643.39
2552,7687.83
2553,0.0
2554,9092.83
2555,7531.02
2556,8095.17
2557,7377.23
2558,7784.39
2559,7018.12
2560,7338.29
2561,7831.85
2562,7438.39
2563,7509.97
2564,7492.32
2565,9818.31
2566,8384.43
2567,9996.1
2568,7723.73
2569,9318.1
2570,9331.43
2571,12112.07
2572,10249.26
2573,9894.17
2574,8420.67
2575,9672.17
2576,9502.63
2577,8828.23
2578,8252.7
2579,10107.11
2580,10249.64
2581,9465.74
2582,8317.49
2583,8688.58
2584,9055.59
2585,9452.2
2586,9978.0
2587,11047.16
2588,13274.4
2589,10496.23
2590,10029.66
2591,9769.01
2592,9290.55
2593,11779.55
2594,9928.27
2595,9422.75
2596,9028.84
2597,8123.32
2598,8843.07
2599,10093.99
2600,12710.86
2601,9538.93
2602,8338.26
2603,7910.3
2604,10719.0
2605,8187.29
2606,9456.15
2607,10186.9
2608,9935.22
2609,10088.95
2610,10029.41
2611,9906.21
2612,9913.18
2613,9355.0
2614,9719.8
2615,9592.87
2616,15625.76
2617,9368.27
2618,12433.73
2619,10509.61
2620,8896.6
2621,10153.76
2622,11458.24
2623,8256.37
2624,8366.32
2625,9599.68
2626,9385.08
2627,11721.9
2628,9944.29
2629,8965.34
2630,10505.65
2631,8368.66
2632,14366.88
2633,9376.37
2634,10285.36
2635,8448.61
2636,8402.39
2637,9730.77
2638,8611.42
2639,9555.4
2640,9458.79
2641,10245.38
2642,8163.57
2643,8932.55
2644,10069.43
2645,9697.33
2646,10619.56
2647,9458.5
2648,9017.23
2649,10857.74
2650,10128.64
2651,9687.89
2652,9908.44
2653,8496.94
2654,10565.76
2655,9725.7
2656,8824.65
2657,10327.48
2658,9605.42
2659,8044.71
2660,9815.75
2661,8184.87
2662,8784.43
2663,8169.67
2664,9673.02
2665,9456.93
2666,8119.85
2667,8463.88
2668,10223.22
2669,9422.01
2670,9856.35
2671,8154.55
2672,8724.19
2673,9609.96
2674,8931.39
2675,8062.44
2676,10380.05
2677,10369.24
2678,11273.23
2679,10030.21
2680,10430.86
2681,8721.82
2682,11187.39
2683,10297.71
2684,11177.2
2685,10499.67
2686,9261.85
2687,10377.72
2688,9799.64
2689,11497.92
2690,9625.16
2691,10273.97
2692,9975.79
2693,8341.06
2694,8039.56
2695,9378.8
2696,10691.93
2697,8351.04
2698,7940.64
2699,9423.91
2700,11439.52
2701,9487.14
2702,9503.5
2703,9361.05
2704,10061.62
2705,10344.29
2706,9246.58
2707,9884.14
2708,8506.69
2709,10284.54
2710,7409.26
2711,10092.13
2712,8882.17
2713,11037.42
2714,8525.67
2715,8361.59
2716,10260.15
2717,9651.04
2718,8071.37
2719,13389.83
2720,10172.46
2721,9856.45
2722,9552.47
2723,6936.61
2724,9551.66
2725,8321.83
2726,9243.53
2727,12652.75
2728,9600.76
2729,8216.54
2730,9836.14
2731,10170.38
2732,9610.41
2733,8572.53
2734,9915.77
2735,8369.98
2736,9052.09
2737,7404.18
2738,8256.24
2739,9579.45
2740,9948.4
2741,9729.09
2742,9470.61
2743,9829.79
2744,10182.03
2745,9813.95
2746,9876.81
2747,9776.39
2748,13576.37
2749,8649.55
2750,10149.59
2751,8975.13
2752,9588.83
2753,8221.51
2754,10209.37
2755,8415.51
2756,11251.85
2757,10286.13
2758,12001.14
2759,9591.05
2760,8868.72
2761,9578.41
2762,23308.23
2763,15838.57
2764,10509.61
2765,7861.76
2766,9775.49
2767,11293.67
2768,8549.31
2769,12644.18
2770,17801.79
2771,9461.93
2772,9372.23
2773,9587.39
2774,10007.71
2775,14172.88
2776,10620.89
2777,10496.01
2778,8960.93
2779,8894.86
2780,9907.54
2781,10002.22
2782,9642.32
2783,8513.23
2784,9780.4
2785,9328.7
2786,8637.71
2787,9423.01
2788,8237.87
2789,8861.97
2790,9873.2
2791,11213.63
2792,8368.23
2793,9053.35
2794,9254.0
2795,9124.63
2796,9997.16
2797,9886.86
2798,9996.72
2799,10315.96
2800,9759.12
2801,9373.12
2802,9274.37
2803,8658.55
2804,8585.2
2805,8494.96
2806,9868.92
2807,9452.02
2808,9605.69
2809,9853.51
2810,8274.53
2811,10033.16
2812,12258.83
2813,8734.53
2814,9640.29
2815,18636.35
2816,9943.34
2817,9388.6
2818,8984.16
2819,8252.45
2820,8614.35
2821,8982.29
2822,9433.8
2823,10151.79
2824,9765.1
2825,18066.22
2826,11534.32
2827,9584.53
2828,9545.97
2829,9452.02
2830,10496.01
2831,9507.16
2832,11307.52
2833,10232.32
2834,12740.66
2835,12051.68
2836,10496.01
2837,9489.15
2838,11450.41
2839,9848.14
2840,8664.56
2841,9675.88
2842,8451.03
2843,10434.53
2844,10108.46
2845,9688.54
2846,11059.22
2847,10456.11
2848,13875.45
2849,9449.07
2850,8622.63
2851,10997.15
2852,10152.22
2853,9868.55
2854,8686.85
2855,9562.86
2856,10323.8
2857,9664.94
2858,10082.85
2859,9961.18
2860,8709.86
2861,8336.15
2862,21745.94
2863,11255.63
2864,9708.62
2865,10388.09
2866,10012.33
2867,9913.38
2868,8290.29
2869,9806.36
2870,9345.61
2871,10436.44
2872,8377.28
2873,11170.72
2874,8931.39
2875,8793.83
2876,9968.18
2877,9484.99
2878,8520.05
2879,9946.99
2880,8022.42
2881,8358.21
2882,10124.61
2883,9776.86
2884,10430.86
2885,9883.36
2886,9869.25
2887,9675.88
2888,10030.8
2889,10842.55
2890,9492.74
2891,8275.97
2892,6698.79
2893,10067.14
2894,10281.24
2895,10028.39
2896,8199.29
2897,8376.3
2898,11918.84
2899,8372.01
2900,8319.64
2901,9825.53
2902,10479.88
2903,11846.49
2904,10879.9
2905,8948.02
2906,7545.69
2907,8732.28
2908,9644.46
2909,8231.26
2910,8722.63
2911,8193.68
2912,10309.57
2913,10170.75
2914,12270.17
2915,8361.8
2916,8327.46
2917,9154.38
2918,11039.17
2919,9780.4
2920,9194.19
2921,9796.47
2922,9836.65
2923,10704.01
2924,9491.17
2925,10753.86
2926,10058.05
2927,10177.78
2928,12951.04
2929,9497.11
2930,17188.14
2931,9361.3
2932,9332.84
2933,7719.84
2934,11181.39
2935,8382.47
2936,9226.15
2937,9775.05
2938,9741.65
2939,9275.89
2940,9937.13
2941,10564.27
2942,8301.34
2943,9952.23
2944,8794.22
2945,10180.53
2946,9305.62
2947,11810.38
2948,8981.49
2949,8778.51
2950,9421.56
2951,8124.7
2952,10242.42
2953,9812.06
2954,8714.76
2955,8219.33
2956,9904.74
2957,9459.31
2958,8586.55
2959,10496.01
2960,8958.71
2961,8513.18
2962,9604.59
2963,9947.08
2964,10292.31
2965,10787.17
2966,10409.63
2967,9093.23
2968,9533.28
2969,7102.03
2970,10298.16
2971,10083.44
2972,9825.68
2973,15969.58
2974,9752.94
2975,9949.82
2976,10268.6
2977,11685.14
2978,10328.71
2979,8282.14
2980,9240.96
2981,9978.0
2982,8400.54
2983,8037.11
2984,8347.09
2985,10167.31
2986,9589.51
2987,8592.92
2988,8584.7
2989,10339.59
2990,9962.79
2991,10089.85
2992,8820.7
2993,10957.85
2994,10132.75
2995,8809.35
2996,8221.56
2997,9936.61
2998,8242.09
2999,8376.3
3000,7022.54
3001,10106.24
3002,20147.66
3003,8089.88
3004,9675.88
3005,10626.24
3006,9301.66
3007,7965.75
3008,9842.72
3009,8628.63
3010,8525.51
3011,9712.94
3012,8164.13
3013,11833.78
3014,8261.48
3015,9452.02
3016,10416.29
3017,10954.72
3018,10653.0
3019,10331.02
3020,9189.1
3021,8702.03
3022,8975.03
3023,16889.88
3024,10152.79
3025,9597.96
3026,8961.65
3027,10269.2
3028,9465.74
3029,9023.66
3030,11596.78
3031,10294.22
3032,8113.38
3033,10320.68
3034,8869.96
3035,8446.01
3036,8705.17
3037,10037.73
3038,9068.89
3039,8989.13
3040,8382.97
3041,10652.83
3042,11073.12
3043,10426.11
3044,10319.2
3045,8580.29
3046,9659.25
3047,8205.62
3048,8911.77
3049,8867.46
3050,9913.38
3051,8321.93
3052,9963.61
3053,9643.87
3054,8400.73
3055,9786.24
3056,9272.41
3057,8871.96
3058,8009.94
3059,9982.73
3060,8624.46
3061,9953.56
3062,10430.86
3063,9299.22
3064,8405.22
3065,9920.17
3066,8341.53
3067,13603.86
3068,8685.27
3069,10026.72
3070,8184.74
3071,8673.35
3072,9790.55
3073,10309.96
3074,8043.25
3075,10337.0
3076,9689.95
3077,8870.91
3078,8450.33
3079,10392.59
3080,10261.48
3081,10207.31
3082,11056.99
3083,9307.35
3084,11235.47
3085,7607.29
3086,9328.7
3087,9672.41
3088,10601.85
3089,8419.22
3090,8229.59
3091,9318.72
3092,8479.55
3093,8793.2
3094,7581.22
3095,8950.04
3096,10167.31
3097,8418.3
3098,10844.96
3099,9815.81
3100,8552.28
3101,9754.18
3102,8581.65
3103,9437.72
3104,9931.17
3105,8303.35
3106,10267.84
3107,9824.94
3108,8843.07
3109,9433.8
3110,8245.29
3111,8714.13
3112,0.0
3113,9020.13
3114,8812.53
3115,10449.36
3116,8176.05
3117,10086.77
3118,8582.94
3119,14304.64
3120,9486.28
3121,8584.02
3122,9217.64
3123,8865.17
3124,9322.26
3125,9772.82
3126,10243.07
3127,7719.84
3128,9397.17
3129,10291.95
3130,8981.53
3131,8877.07
3132,9567.85
3133,9952.84
3134,12282.98
3135,11041.3
3136,16265.47
3137,9584.37
3138,9057.52
3139,10354.33
3140,10014.89
3141,10260.15
3142,10483.83
3143,10319.2
3144,10479.88
3145,8327.35
3146,10281.19
3147,8345.06
3148,8436.22
3149,9017.43
3150,9092.49
3151,8011.77
3152,10239.45
3153,18313.74
3154,10249.64
3155,9885.74
3156,10578.87
3157,9925.93
3158,11060.01
3159,4807.13
3160,10923.54
3161,10243.19
3162,10388.81
3163,12810.16
3164,8581.2
3165,10958.3
3166,10080.06
3167,5492.98
3168,8673.35
3169,9288.42
3170,10111.82
3171,8010.37
3172,9430.94
3173,8275.94
3174,8950.37
3175,8349.71
3176,10536.84
3177,10092.2
3178,10141.23
3179,10670.95
3180,10811.89
3181,9264.9
3182,8789.47
3183,9953.54
3184,8122.49
3185,10737.4
3186,9112.54
3187,7412.49
3188,9530.45
3189,9013.77
3190,8943.15
3191,8832.9
3192,9823.83
3193,9654.01
3194,11091.2
3195,9762.39
3196,8801.97
3197,8312.12
3198,9065.24
3199,8142.91
3200,8835.01
3201,9838.72
3202,9672.11
3203,9691.81
3204,9842.63
3205,9922.76
3206,8318.6
3207,10243.87
3208,8625.81
3209,12430.72
3210,9462.35
3211,9898.32
3212,8481.42
3213,9649.25
3214,8690.71
3215,11752.34
3216,8322.93
3217,8372.75
3218,9794.01
3219,9832.43
3220,9396.31
3221,10153.76
3222,8602.9
3223,9642.32
3224,7785.51
3225,10725.14
3226,9450.88
3227,8923.11
3228,7931.59
3229,8281.83
3230,10317.25
3231,9675.97
3232,8785.44
3233,10294.59
3234,10730.97
3235,8078.43
3236,10616.44
3237,9795.58
3238,9509.57
3239,10461.07
3240,10319.2
3241,9992.06
3242,8460.85
3243,8713.07
3244,11048.54
3245,0.0
3246,10442.06
3247,9210.26
3248,7252.34
3249,8460.46
3250,10248.95
3251,9887.59
3252,10136.66
3253,9963.6
3254,9034.83
3255,9390.22
3256,8917.24
3257,9084.39
3258,10762.83
3259,10418.28
3260,10775.71
3261,9212.76
3262,8435.92
3263,10505.24
3264,7259.92
3265,9752.32
3266,9910.03
3267,9212.18
3268,9698.92
3269,9841.66
3270,8465.34
3271,9738.0
3272,10702.89
3273,10005.57
3274,10151.73
3275,10275.59
3276,10130.43
3277,9262.81
3278,10425.2
3279,9390.53
3280,8237.48
3281,9264.61
3282,8444.31
3283,8455.02
3284,10397.07
3285,9764.97
3286,10180.53
3287,9912.3
3288,8471.88
3289,9749.65
3290,11045.9
3291,9440.68
3292,10757.61
3293,9768.81
3294,9323.29
3295,10861.74
3296,9141.3
3297,8323.6
3298,9718.0
3299,9924.71
3300,10041.21
3301,9923.97
3302,8332.77
3303,8565.27
3304,8597.34
3305,10406.88
3306,10124.61
3307,9819.44
3308,8491.83
3309,9843.47
3310,8262.22
3311,9848.14
3312,10300.78
3313,9716.79
3314,11746.58
3315,11828.89
3316,10987.1
3317,9919.11
3318,9204.21
3319,7917.78
3320,9686.22
3321,9255.74
3322,9727.72
3323,10798.93
3324,8395.21
3325,10833.56
3326,10029.66
3327,8903.23
3328,8983.36
3329,8349.71
3330,7425.96
3331,8594.8
3332,7820.45
3333,9102.7
3334,8331.09
3335,9780.33
3336,8479.4
3337,9477.39
3338,11257.99
3339,10251.05
3340,9387.71
3341,10323.91
3342,7724.99
3343,11357.78
3344,10269.2
3345,9787.57
3346,9685.29
3347,8022.1
3348,18812.09
3349,9742.42
3350,8555.33
3351,10778.16
3352,10661.04
3353,10514.41
3354,9666.42
3355,9100.48
3356,8775.14
3357,17066.57
3358,8749.48
3359,9009.22
3360,9874.49
3361,9208.28
3362,9652.98
3363,10226.33
3364,8795.85
3365,8009.64
3366,9450.88
3367,8745.18
3368,11276.53
3369,9418.81
3370,9990.31
3371,7808.46
3372,9605.41
3373,10010.51
3374,9683.33
3375,10895.07
3376,9519.41
3377,9669.7
3378,9993.67
3379,10319.64
3380,9612.96
3381,9465.74
3382,10430.86
3383,9755.19
3384,10328.71
3385,13026.36
3386,9016.42
3387,10078.37
3388,9803.39
3389,9951.72
3390,11267.87
3391,8237.48
3392,9692.73
3393,9695.87
3394,7319.37
3395,8330.9
3396,10124.61
3397,11609.52
3398,9438.56
3399,9799.64
3400,8906.22
3401,10882.34
3402,10043.07
3403,8665.93
3404,11257.5
3405,10388.81
3406,11965.93
3407,8140.94
3408,9470.58
3409,0.0
3410,13509.75
3411,9104.04
3412,10450.96
3413,8094.87
3414,10415.96
3415,8050.43
3416,9016.6
3417,9830.8
3418,8342.73
3419,8347.1
3420,8454.21
3421,15004.92
3422,10370.39
3423,18399.3
3424,9681.5
3425,0.0
3426,0.0
3427,0.0
3428,0.0
3429,0.0
3430,0.0
3431,0.0
3432,0.0
3433,0.0
3434,0.0
3435,0.0
3436,0.0
3437,0.0
3438,0.0
3439,0.0
3440,0.0
3441,0.0
3442,0.0
3443,0.0
3444,0.0
3445,0.0
3446,0.0
3447,0.0
3448,0.0
3449,0.0
3450,0.0
3451,0.0
3452,0.0
3453,0.0
3454,0.0
3455,0.0
3456,0.0
3457,0.0
3458,0.0
3459,0.0
3460,0.0
3461,0.0
3462,0.0
3463,0.0
3464,0.0
3465,0.0
3466,0.0
3467,0.0
3468,0.0
3469,0.0
3470,0.0
3471,0.0
3472,0.0
3473,0.0
3474,0.0
3475,0.0
3476,0.0
3477,0.0
3478,0.0
3479,0.0
3480,0.0
3481,0.0
3482,0.0
3483,0.0
3484,0.0
3485,0.0
3486,0.0
3487,0.0
3488,0.0
3489,0.0
3490,0.0
3491,0.0
3492,0.0
3493,0.0
3494,0.0
3495,0.0
3496,0.0
3497,0.0
3498,0.0
3499,0.0
3500,0.0
3501,0.0
3502,0.0
3503,0.0
3504,0.0
3505,0.0
3506,0.0
3507,0.0
3508,0.0
3509,0.0
3510,0.0
3511,0.0
3512,0.0
3513,0.0
3514,0.0
3515,0.0
3516,2823.42
3517,0.0
3518,0.0
3519,0.0
3520,0.0
3521,0.0
3522,0.0
3523,0.0
3524,0.0
3525,0.0
3526,0.0
3527,0.0
3528,0.0
3529,0.0
3530,0.0
3531,0.0
3532,0.0
3533,0.0
3534,0.0
3535,0.0
3536,0.0
3537,0.0
3538,0.0
3539,0.0
3540,0.0
3541,0.0
3542,0.0
3543,0.0
3544,0.0
3545,0.0
3546,0.0
3547,0.0
3548,0.0
3549,0.0
3550,0.0
3551,0.0
3552,0.0
3553,0.0
3554,0.0
3555,0.0
3556,0.0
3557,0.0
3558,0.0
3559,0.0
3560,0.0
3561,0.0
3562,0.0
3563,0.0
3564,0.0
3565,0.0
3566,0.0
3567,0.0
3568,0.0
3569,0.0
3570,0.0
3571,0.0
3572,0.0
3573,0.0
3574,0.0
3575,0.0
3576,0.0
3577,0.0
3578,0.0
3579,0.0
3580,0.0
3581,0.0
3582,0.0
3583,0.0
3584,2286.74
3585,0.0
3586,0.0
3587,0.0
3588,0.0
3589,0.0
3590,0.0
3591,0.0
3592,0.0
3593,0.0
3594,0.0
3595,0.0
3596,0.0
3597,0.0
3598,0.0
3599,0.0
3600,0.0
3601,0.0
3602,0.0
3603,0.0
3604,0.0
3605,0.0
3606,0.0
3607,0.0
3608,0.0
3609,0.0
3610,0.0
3611,0.0
3612,0.0
3613,0.0
3614,0.0
3615,0.0
3616,0.0
3617,0.0
3618,0.0
3619,0.0
3620,0.0
3621,0.0
3622,0.0
3623,0.0
3624,0.0
3625,15009.19
3626,13452.3
3627,0.0
3628,0.0
3629,0.0
3630,0.0
3631,0.0
3632,0.0
3633,0.0
3634,7421.47
3635,0.0
3636,0.0
3637,0.0
3638,0.0
3639,0.0
3640,0.0
3641,0.0
3642,0.0
3643,0.0
3644,0.0
3645,0.0
3646,0.0
3647,0.0
3648,0.0
3649,0.0
3650,0.0
3651,0.0
3652,0.0
3653,2865.18
3654,0.0
3655,0.0
3656,0.0
3657,0.0
3658,0.0
3659,0.0
3660,0.0
3661,0.0
3662,0.0
3663,2834.2
3664,0.0
3665,0.0
3666,0.0
3667,0.0
3668,0.0
3669,0.0
3670,0.0
3671,0.0
3672,0.0
3673,0.0
3674,0.0
3675,0.0
3676,0.0
3677,0.0
3678,0.0
3679,0.0
3680,0.0
3681,8939.9
3682,0.0
3683,0.0
3684,0.0
3685,0.0
3686,0.0
3687,0.0
3688,0.0
3689,0.0
3690,0.0
3691,0.0
3692,0.0
3693,0.0
3694,0.0
3695,0.0
3696,0.0
3697,0.0
3698,8080.02
3699,0.0
3700,0.0
3701,0.0
3702,0.0
3703,0.0
3704,0.0
3705,0.0
3706,0.0
3707,0.0
3708,0.0
3709,0.0
3710,0.0
3711,0.0
3712,0.0
3713,0.0
3714,0.0
3715,0.0
3716,0.0
3717,0.0
3718,0.0
3719,0.0
3720,0.0
3721,0.0
3722,0.0
3723,0.0
3724,0.0
3725,0.0
3726,0.0
3727,0.0
3728,0.0
3729,0.0
3730,0.0
3731,0.0
3732,0.0
3733,0.0
3734,0.0
3735,0.0
3736,0.0
3737,0.0
3738,0.0
3739,0.0
3740,0.0
3741,0.0
3742,0.0
3743,0.0
3744,0.0
3745,0.0
3746,0.0
3747,0.0
3748,0.0
3749,0.0
3750,0.0
3751,0.0
3752,0.0
3753,0.0
3754,0.0
3755,0.0
3756,0.0
3757,0.0
3758,0.0
3759,0.0
3760,2288.57
3761,0.0
3762,0.0
3763,0.0
3764,0.0
3765,0.0
3766,0.0
3767,0.0
3768,0.0
3769,0.0
3770,0.0
3771,0.0
3772,0.0
3773,0.0
3774,3631.12
3775,0.0
3776,0.0
3777,0.0
3778,0.0
3779,0.0
3780,0.0
3781,0.0
3782,0.0
3783,0.0
3784,0.0
3785,0.0
3786,0.0
3787,0.0
3788,0.0
3789,0.0
3790,0.0
3791,0.0
3792,0.0
3793,0.0
3794,0.0
3795,0.0
3796,0.0
3797,0.0
3798,0.0
3799,0.0
3800,0.0
3801,0.0
3802,0.0
3803,0.0
3804,0.0
3805,0.0
3806,0.0
3807,0.0
3808,0.0
3809,0.0
3810,0.0
3811,0.0
3812,0.0
3813,0.0
3814,0.0
3815,0.0
3816,0.0
3817,7205.18
3818,0.0
3819,0.0
3820,0.0
3821,0.0
3822,0.0
3823,0.0
3824,0.0
3825,0.0
3826,0.0
3827,2952.65
3828,0.0
3829,0.0
3830,0.0
3831,3627.64
3832,0.0
3833,0.0
3834,0.0
3835,0.0
3836,0.0
3837,0.0
3838,0.0
3839,0.0
3840,0.0
3841,0.0
3842,0.0
3843,0.0
3844,0.0
3845,0.0
3846,0.0
3847,0.0
3848,0.0
3849,0.0
3850,0.0
3851,0.0
3852,0.0
3853,0.0
3854,0.0
3855,0.0
3856,0.0
3857,0.0
3858,18699.55
3859,0.0
3860,0.0
3861,0.0
3862,0.0
3863,0.0
3864,0.0
3865,0.0
3866,0.0
3867,0.0
3868,0.0
3869,0.0
3870,0.0
3871,0.0
3872,6160.97
3873,0.0
3874,0.0
3875,0.0
3876,0.0
3877,0.0
3878,0.0
3879,0.0
3880,0.0
3881,0.0
3882,0.0
3883,0.0
3884,0.0
3885,0.0
3886,0.0
3887,0.0
3888,0.0
3889,0.0
3890,0.0
3891,0.0
3892,0.0
3893,0.0
3894,0.0
3895,0.0
3896,0.0
3897,0.0
3898,0.0
3899,0.0
3900,0.0
3901,0.0
3902,0.0
3903,0.0
3904,0.0
3905,0.0
3906,0.0
3907,0.0
3908,0.0
3909,0.0
3910,0.0
3911,0.0
3912,0.0
3913,0.0
3914,0.0
3915,0.0
3916,0.0
3917,0.0
3918,0.0
3919,0.0
3920,0.0
3921,0.0
3922,0.0
3923,0.0
3924,0.0
3925,0.0
3926,0.0
3927,0.0
3928,0.0
3929,0.0
3930,0.0
3931,0.0
3932,0.0
3933,0.0
3934,0.0
3935,0.0
3936,0.0
3937,0.0
3938,0.0
3939,0.0
3940,0.0
3941,0.0
3942,0.0
3943,0.0
3944,0.0
3945,0.0
3946,0.0
3947,12548.74
3948,0.0
3949,0.0
3950,0.0
3951,0.0
3952,0.0
3953,0.0
3954,0.0
3955,0.0
3956,0.0
3957,0.0
3958,0.0
3959,0.0
3960,0.0
3961,0.0
3962,0.0
3963,0.0
3964,0.0
3965,0.0
3966,0.0
3967,0.0
3968,0.0
3969,0.0
3970,0.0
3971,0.0
3972,0.0
3973,0.0
3974,0.0
3975,0.0
3976,0.0
3977,0.0
3978,0.0
3979,0.0
3980,0.0
3981,0.0
3982,0.0
3983,0.0
3984,0.0
3985,0.0
3986,0.0
3987,0.0
3988,0.0
3989,0.0
3990,0.0
3991,3550.31
3992,15902.57
3993,0.0
3994,0.0
3995,0.0
3996,0.0
3997,0.0
3998,0.0
3999,0.0
4000,0.0
4001,0.0
4002,0.0
4003,0.0
4004,0.0
4005,0.0
4006,0.0
4007,0.0
4008,0.0
4009,0.0
4010,0.0
4011,0.0
4012,0.0
4013,0.0
4014,0.0
4015,0.0
4016,0.0
4017,0.0
4018,0.0
4019,0.0
4020,12039.97
4021,0.0
4022,0.0
4023,0.0
4024,0.0
4025,0.0
4026,0.0
4027,0.0
4028,0.0
4029,0.0
4030,0.0
4031,0.0
4032,0.0
4033,0.0
4034,0.0
4035,0.0
4036,0.0
4037,0.0
4038,0.0
4039,0.0
4040,0.0
4041,0.0
4042,0.0
4043,0.0
4044,0.0
4045,0.0
4046,0.0
4047,0.0
4048,0.0
4049,0.0
4050,0.0
4051,0.0
4052,0.0
4053,0.0
4054,0.0
4055,0.0
4056,0.0
4057,0.0
4058,0.0
4059,0.0
4060,0.0
4061,0.0
4062,0.0
4063,0.0
4064,0.0
4065,0.0
4066,0.0
4067,0.0
4068,0.0
4069,0.0
4070,0.0
4071,0.0
4072,0.0
4073,0.0
4074,0.0
4075,0.0
4076,0.0
4077,0.0
4078,0.0
4079,0.0
4080,0.0
4081,0.0
4082,0.0
4083,0.0
4084,0.0
4085,0.0
4086,0.0
4087,0.0
4088,0.0
4089,0.0
4090,2399.83
4091,0.0
4092,0.0
4093,0.0
4094,2170.34
4095,0.0
4096,0.0
4097,0.0
4098,0.0
4099,0.0
4100,0.0
4101,0.0
4102,0.0
4103,0.0
4104,0.0
4105,0.0
4106,0.0
4107,0.0
4108,0.0
4109,0.0
4110,0.0
4111,0.0
4112,0.0
4113,0.0
4114,0.0
4115,0.0
4116,0.0
4117,0.0
4118,0.0
4119,0.0
4120,0.0
4121,0.0
4122,0.0
4123,0.0
4124,0.0
4125,0.0
4126,0.0
4127,0.0
4128,0.0
4129,0.0
4130,0.0
4131,0.0
4132,0.0
4133,0.0
4134,0.0
4135,0.0
4136,0.0
4137,0.0
4138,0.0
4139,0.0
4140,0.0
4141,0.0
4142,0.0
4143,0.0
4144,0.0
4145,2822.31
4146,0.0
4147,0.0
4148,0.0
4149,0.0
4150,0.0
4151,0.0
4152,0.0
4153,0.0
4154,0.0
4155,0.0
4156,0.0
4157,0.0
4158,0.0
4159,0.0
4160,12205.45
4161,0.0
4162,0.0
4163,0.0
4164,0.0
4165,0.0
4166,0.0
4167,0.0
4168,0.0
4169,0.0
4170,0.0
4171,0.0
4172,0.0
4173,0.0
4174,0.0
4175,0.0
4176,0.0
4177,0.0
4178,0.0
4179,0.0
4180,0.0
4181,0.0
4182,0.0
4183,0.0
4184,0.0
4185,0.0
4186,0.0
4187,0.0
4188,0.0
4189,0.0
4190,0.0
4191,0.0
4192,0.0
4193,0.0
4194,0.0
4195,0.0
4196,0.0
4197,0.0
4198,0.0
4199,0.0
4200,0.0
4201,0.0
4202,0.0
4203,0.0
4204,0.0
4205,0.0
4206,0.0
4207,0.0
4208,0.0
4209,0.0
4210,0.0
4211,0.0
4212,0.0
4213,0.0
4214,0.0
4215,0.0
4216,0.0
4217,0.0
4218,0.0
4219,0.0
4220,0.0
4221,0.0
4222,0.0
4223,0.0
4224,2753.37
4225,0.0
4226,0.0
4227,0.0
4228,0.0
4229,0.0
4230,0.0
4231,0.0
4232,0.0
4233,0.0
4234,0.0
4235,0.0
4236,0.0
4237,0.0
4238,0.0
4239,0.0
4240,0.0
4241,0.0
4242,0.0
4243,0.0
4244,0.0
4245,0.0
4246,0.0
4247,0.0
4248,0.0
4249,0.0
4250,0.0
4251,0.0
4252,0.0
4253,0.0
4254,0.0
4255,0.0
4256,0.0
4257,0.0
4258,0.0
4259,0.0
4260,0.0
4261,0.0
4262,0.0
4263,0.0
4264,0.0
4265,12903.13
4266,7649.81
4267,0.0
4268,0.0
4269,0.0
4270,0.0
4271,0.0
4272,0.0
4273,0.0
4274,0.0
4275,0.0
4276,0.0
4277,0.0
4278,0.0
4279,0.0
4280,0.0
4281,5132.48
4282,4416.26
4283,5967.91
4284,4745.11
4285,5884.84
4286,4622.35
4287,5432.42
4288,5265.9
4289,4471.27
4290,4448.74
4291,6478.95
4292,6030.25
4293,5237.69
4294,5224.8
4295,4943.57
4296,3953.44
4297,4544.34
4298,5721.35
4299,6185.02
4300,6915.05
4301,6372.79
4302,5301.27
4303,6181.11
4304,4075.32
4305,8783.17
4306,6580.09
4307,5186.66
4308,6215.39
4309,4279.32
4310,5163.36
4311,6514.82
4312,7710.59
4313,5644.61
4314,6178.69
4315,4776.79
4316,6319.29
4317,4567.72
4318,6224.6
4319,6246.86
4320,5486.79
4321,6412.71
4322,5967.91
4323,6556.73
4324,5059.03
4325,4780.27
4326,5264.62
4327,5896.65
4328,9604.26
4329,5610.01
4330,6270.29
4331,6049.26
4332,5248.51
4333,6309.02
4334,4428.35
4335,3974.48
4336,3702.68
4337,5662.36
4338,6156.31
4339,6504.42
4340,6564.76
4341,5210.37
4342,6557.12
4343,4456.47
4344,4451.57
4345,5210.37
4346,6200.39
4347,4086.39
4348,4512.71
4349,5569.47
4350,5017.06
4351,5275.22
4352,4564.72
4353,6297.53
4354,5561.85
4355,5216.36
4356,6446.86
4357,6523.73
4358,4659.93
4359,4983.31
4360,4622.35
4361,6526.36
4362,5986.78
4363,5967.91
4364,6433.87
4365,4553.51
4366,6271.61
4367,6597.7
4368,4797.78
4369,6181.67
4370,5864.94
4371,5457.57
4372,5967.91
4373,4582.79
4374,5499.78
4375,4704.97
4376,6521.59
4377,5051.5
4378,4173.97
4379,3199.16
4380,6514.82
4381,5644.61
4382,5371.29
4383,5529.05
4384,4522.8
4385,5366.26
4386,5231.29
4387,4411.27
4388,6372.11
4389,6000.56
4390,6705.16
4391,6430.83
4392,6325.2
4393,5128.87
4394,6245.53
4395,4992.66
4396,4581.91
4397,6297.53
4398,6252.84
4399,6006.09
4400,6548.7
4401,6201.67
4402,6240.73
4403,6006.09
4404,6556.73
4405,4513.72
4406,3728.28
4407,5297.94
4408,4903.75
4409,4600.67
4410,4435.7
4411,5231.1
4412,6472.98
4413,4874.36
4414,5374.26
4415,5111.26
4416,5711.35
4417,6464.03
4418,4392.44
4419,6514.82
4420,4903.75
4421,6325.76
4422,3409.15
4423,5971.97
4424,4183.42
4425,6537.21
4426,4503.66
4427,4868.85
4428,7236.09
4429,5832.18
4430,5134.37
4431,11061.37
4432,6691.67
4433,6556.73
4434,4890.45
4435,5445.93
4436,6246.04
4437,4184.38
4438,5200.86
4439,5199.94
4440,4509.65
4441,3166.98
4442,5976.4
4443,6506.23
4444,5520.8
4445,4940.89
4446,6200.73
4447,5236.83
4448,4772.78
4449,4411.93
4450,4432.92
4451,6089.59
4452,6433.87
4453,5832.18
4454,5231.1
4455,6477.91
4456,5715.25
4457,6181.11
4458,6500.73
4459,5264.62
4460,6429.14
4461,4212.26
4462,5932.78
4463,4914.18
4464,5584.51
4465,5520.08
4466,5532.06
4467,4999.94
4468,7599.89
4469,7369.29
4470,6578.21
4471,6639.74
4472,6111.66
4473,6863.09
4474,17491.73
4475,8986.39
4476,6049.26
4477,3743.86
4478,5933.57
4479,7447.03
4480,4464.42
4481,10226.06
4482,10834.44
4483,5423.99
4484,4429.61
4485,8176.51
4486,4768.77
4487,7030.67
4488,4404.52
4489,6013.98
4490,0.0
4491,6618.77
4492,6433.87
4493,5989.83
4494,6582.07
4495,6035.25
4496,6215.17
4497,5092.45
4498,4629.26
4499,5231.1
4500,5389.13
4501,4183.42
4502,4766.45
4503,4637.78
4504,4622.35
4505,5185.01
4506,4389.83
4507,4786.14
4508,5644.72
4509,6156.31
4510,6594.0
4511,6194.02
4512,6590.3
4513,4433.88
4514,4784.5
4515,5203.85
4516,4224.07
4517,5859.29
4518,5647.55
4519,5235.97
4520,5509.09
4521,6160.97
4522,3759.84
4523,5967.91
4524,7285.77
4525,5496.25
4526,5417.31
4527,12043.35
4528,6355.63
4529,4921.44
4530,5442.61
4531,4622.35
4532,4514.33
4533,4940.88
4534,4772.78
4535,6006.09
4536,6500.73
4537,9301.54
4538,5658.75
4539,6384.99
4540,5345.39
4541,5235.97
4542,6013.98
4543,5677.87
4544,10091.79
4545,5395.55
4546,6805.73
4547,5775.79
4548,6013.98
4549,6371.25
4550,4980.37
4551,5706.36
4552,4289.74
4553,6490.55
4554,6373.77
4555,6517.06
4556,5978.48
4557,6355.63
4558,4622.35
4559,6325.76
4560,8210.13
4561,4048.9
4562,5017.06
4563,6173.23
4564,6596.7
4565,6174.88
4566,5698.1
4567,6564.76
4568,6556.73
4569,6477.91
4570,7218.25
4571,5877.06
4572,5967.04
4573,6226.02
4574,17027.85
4575,5087.7
4576,6575.86
4577,6510.26
4578,5264.62
4579,5974.37
4580,5630.4
4581,5264.62
4582,6246.04
4583,6557.12
4584,4797.78
4585,5318.74
4586,5231.29
4587,4245.76
4588,4768.77
4589,5248.68
4590,4292.59
4591,6459.22
4592,4166.62
4593,4675.5
4594,6514.82
4595,7260.55
4596,6325.2
4597,6490.55
4598,5353.71
4599,6490.55
4600,6268.4
4601,5994.74
4602,5265.9
4603,4111.05
4604,4678.64
4605,6485.79
4606,5914.71
4607,6514.82
4608,2976.76
4609,5551.42
4610,7091.42
4611,5247.55
4612,4845.73
4613,6252.88
4614,6325.76
4615,7120.75
4616,5998.16
4617,4652.68
4618,3765.85
4619,5489.13
4620,5801.1
4621,4120.74
4622,5797.39
4623,3974.97
4624,6637.51
4625,6006.09
4626,7670.43
4627,5885.2
4628,4499.79
4629,5455.18
4630,6354.29
4631,6223.01
4632,5266.12
4633,5571.09
4634,6519.66
4635,6106.2
4636,6575.86
4637,5111.26
4638,6268.4
4639,6006.09
4640,6277.27
4641,6174.88
4642,14475.54
4643,5644.61
4644,6208.94
4645,5752.23
4646,7904.01
4647,3817.63
4648,4946.88
4649,5931.01
4650,6428.32
4651,4588.71
4652,6575.86
4653,5862.32
4654,5242.8
4655,6490.55
4656,5435.77
4657,6514.82
4658,5616.66
4659,7404.9
4660,4673.0
4661,5115.88
4662,6394.03
4663,4669.62
4664,5157.68
4665,5832.44
4666,4373.3
4667,5055.54
4668,5279.87
4669,5248.68
4670,4257.97
4671,6013.98
4672,4622.35
4673,5769.4
4674,5469.53
4675,6477.91
4676,4784.18
4677,6052.48
4678,6485.88
4679,5238.74
4680,4983.31
4681,5386.18
4682,6567.83
4683,5967.91
4684,6246.04
4685,8574.88
4686,6117.87
4687,5971.97
4688,6030.25
4689,8764.84
4690,6023.45
4691,4802.92
4692,4637.78
4693,5730.66
4694,4051.84
4695,4414.8
4696,6061.48
4697,6514.82
4698,5546.19
4699,4216.01
4700,1929.48
4701,5742.52
4702,6355.63
4703,6252.83
4704,5615.25
4705,7023.11
4706,5958.95
4707,4257.97
4708,6653.36
4709,4521.78
4710,4965.56
4711,5551.42
4712,4775.6
4713,6476.6
4714,13217.42
4715,4700.84
4716,6490.55
4717,5386.84
4718,3821.55
4719,4516.53
4720,6428.32
4721,5276.98
4722,6849.9
4723,6399.98
4724,4774.72
4725,6429.14
4726,3661.22
4727,5235.97
4728,6160.97
4729,7480.57
4730,8671.09
4731,4745.11
4732,5876.71
4733,4629.26
4734,4780.48
4735,16120.63
4736,8808.24
4737,6224.6
4738,3273.92
4739,6541.19
4740,5237.69
4741,4622.35
4742,6028.32
4743,4658.74
4744,5350.63
4745,6034.36
4746,5346.28
4747,4439.26
4748,4267.57
4749,6178.69
4750,5624.12
4751,3444.01
4752,4170.37
4753,6585.47
4754,7835.63
4755,5512.45
4756,6325.2
4757,4484.42
4758,6490.55
4759,5182.42
4760,5597.06
4761,4538.64
4762,5974.37
4763,4512.46
4764,6242.88
4765,5888.41
4766,5338.57
4767,6428.32
4768,4775.6
4769,5779.75
4770,4124.3
4771,6477.91
4772,7009.65
4773,4420.03
4774,6325.2
4775,4884.65
4776,5025.87
4777,6132.07
4778,7376.31
4779,9582.1
4780,4781.81
4781,5978.48
4782,4774.72
4783,5797.39
4784,6533.15
4785,6575.86
4786,3708.75
4787,5893.1
4788,6260.81
4789,5023.15
4790,4513.72
4791,6194.66
4792,6144.56
4793,5989.83
4794,5445.33
4795,5216.34
4796,6229.79
4797,5284.36
4798,4777.93
4799,5244.74
4800,5640.4
4801,4439.26
4802,3959.88
4803,6569.08
4804,5790.95
4805,6362.72
4806,4874.58
4807,4772.78
4808,6514.82
4809,5389.75
4810,6420.59
4811,4672.18
4812,5876.71
4813,6428.32
4814,5182.42
4815,4547.12
4816,5645.29
4817,4216.84
4818,7002.09
4819,7775.89
4820,5163.36
4821,4772.78
4822,5028.9
4823,4247.45
4824,4999.44
4825,4430.59
4826,5346.28
4827,6006.09
4828,4651.5
4829,5436.1
4830,4224.07
4831,8186.29
4832,5410.55
4833,5419.36
4834,4598.93
4835,4893.66
4836,4989.85
4837,5290.23
4838,6108.87
4839,5752.23
4840,6578.51
4841,6318.97
4842,6089.59
4843,4622.35
4844,5490.24
4845,6215.17
4846,4934.29
4847,6052.48
4848,14867.22
4849,4842.94
4850,5312.71
4851,5074.47
4852,6262.17
4853,7216.89
4854,6246.86
4855,6374.96
4856,6325.76
4857,4807.11
4858,6541.19
4859,5251.03
4860,3735.3
4861,5548.08
4862,3486.8
4863,4073.3
4864,6575.86
4865,17241.58
4866,6030.25
4867,5947.82
4868,5224.8
4869,6514.82
4870,6255.48
4871,1932.26
4872,6886.77
4873,6325.2
4874,6014.59
4875,6583.6
4876,11969.31
4877,4807.16
4878,3532.54
4879,3551.06
4880,5797.39
4881,4805.84
4882,6597.7
4883,4117.03
4884,6356.08
4885,4099.18
4886,5043.96
4887,5104.46
4888,6596.7
4889,5989.83
4890,6268.4
4891,4637.78
4892,5333.96
4893,4490.33
4894,4140.31
4895,5978.48
4896,3984.93
4897,6268.07
4898,5223.29
4899,3725.37
4900,5265.9
4901,5030.7
4902,5218.58
4903,5310.01
4904,5799.1
4905,4637.78
4906,5462.15
4907,6181.11
4908,5842.95
4909,4541.33
4910,4179.16
4911,4456.76
4912,4485.67
4913,5078.05
4914,5409.47
4915,5498.57
4916,5946.24
4917,3214.2
4918,4033.09
4919,5989.83
4920,5845.75
4921,8885.76
4922,5644.61
4923,6454.01
4924,4283.52
4925,5687.94
4926,4493.05
4927,8064.49
4928,3780.82
4929,5578.12
4930,5088.85
4931,6983.92
4932,5175.29
4933,6309.02
4934,4680.8
4935,6523.73
4936,3688.47
4937,5989.81
4938,3821.55
4939,4775.6
4940,5926.85
4941,4197.74
4942,7029.27
4943,6236.09
4944,4735.79
4945,5342.0
4946,5998.16
4947,4143.89
4948,6399.12
4949,5706.36
4950,6119.64
4951,6596.7
4952,6325.2
4953,6179.5
4954,5210.37
4955,5325.49
4956,6052.48
4957,0.0
4958,6030.25
4959,2824.99
4960,5152.26
4961,4622.35
4962,6325.2
4963,5832.18
4964,5990.44
4965,5445.93
4966,5608.51
4967,4429.61
4968,7029.22
4969,5771.31
4970,5674.18
4971,6030.25
4972,6158.8
4973,5200.04
4974,4682.7
4975,5994.74
4976,5567.63
4977,6284.22
4978,6575.86
4979,5856.97
4980,5915.46
4981,7173.1
4982,3810.85
4983,5409.47
4984,6000.56
4985,6242.88
4986,5551.42
4987,5521.06
4988,6575.86
4989,5872.39
4990,4759.86
4991,4459.06
4992,5541.14
4993,6584.18
4994,4187.76
4995,4614.31
4996,6556.73
4997,5832.18
4998,6514.82
4999,5987.95
5000,5885.7
5001,5381.9
5002,4934.29
5003,5056.97
5004,6020.42
5005,6043.37
5006,5845.45
5007,4622.35
5008,5953.68
5009,4807.11
5010,6490.55
5011,6297.53
5012,8025.59
5013,5945.05
5014,3957.42
5015,5630.4
5016,6493.62
5017,4375.96
5018,6514.82
5019,6174.88
5020,5224.83
5021,6564.76
5022,4308.03
5023,5706.36
5024,6325.2
5025,5458.49
5026,9371.86
5027,6259.8
5028,7834.89
5029,6179.5
5030,4772.83
5031,2818.57
5032,5920.42
5033,5247.09
5034,5026.28
5035,5111.26
5036,4038.74
5037,4637.78
5038,5301.27
5039,4757.38
5040,5301.47
5041,4665.28
5042,5167.69
5043,4484.42
5044,5251.61
5045,4622.35
5046,4346.17
5047,6556.73
5048,4088.94
5049,5229.31
5050,5207.74
5051,6514.82
5052,5111.26
5053,6181.67
5054,4873.63
5055,3934.6
5056,6556.73
5057,5611.79
5058,6588.67
5059,4665.28
5060,8125.25
5061,6394.03
5062,4971.02
5063,6615.14
5064,7507.24
5065,6580.99
5066,6026.16
5067,3312.58
5068,4749.6
5069,10205.08
5070,4602.38
5071,4495.04
5072,6439.51
5073,5583.08
5074,6113.93
5075,7207.47
5076,4856.26
5077,5724.57
5078,3821.55
5079,5940.77
5080,5967.91
5081,3821.55
5082,6575.86
5083,4051.25
5084,6144.7
5085,6170.05
5086,5615.53
5087,5002.17
5088,4391.57
5089,6490.55
5090,6186.92
5091,5318.74
5092,7728.65
5093,5542.3
5094,6325.2
5095,5084.6
5096,6007.75
5097,8135.3
5098,4514.33
5099,5210.37
5100,6252.88
5101,6490.55
5102,6190.25
5103,5555.57
5104,5464.45
5105,5311.06
5106,3664.03
5107,3759.84
5108,6491.1
5109,4980.37
5110,5112.78
5111,6450.76
5112,5217.12
5113,4954.92
5114,6195.06
5115,4257.97
5116,5201.26
5117,6013.98
5118,12447.22
5119,5250.3
5120,5265.9
5121,8812.31
5122,8254.83
5123,4136.05
5124,6181.67
5125,5555.57
5126,6605.74
5127,4499.3
5128,4995.66
5129,5328.15
5130,4807.11
5131,4822.78
5132,3803.98
5133,7820.28
5134,6013.98
5135,21436.92
5136,6490.55
5137,5321.7
5138,5606.7
5139,6321.61
5140,5995.96
5141,6101.0
5142,5819.89
5143,5468.43
5144,5303.7
5145,3854.6
5146,4645.13
5147,6107.95
5148,6269.84
5149,5275.49
5150,5221.51
5151,4944.76
5152,4225.58
5153,5861.33
5154,5697.16
5155,6185.02
5156,7195.42
5157,6286.58
5158,5172.51
5159,6245.72
5160,4523.65
5161,8783.17
5162,6267.26
5163,5203.54
5164,5180.65
5165,5262.92
5166,5221.31
5167,6188.74
5168,7710.59
5169,5634.17
5170,5965.04
5171,4708.58
5172,6421.58
5173,4327.99
5174,6238.8
5175,5954.18
5176,5735.3
5177,6160.89
5178,6296.0
5179,6245.21
5180,5293.78
5181,4750.6
5182,6222.69
5183,5870.54
5184,9552.83
5185,5599.57
5186,6843.22
5187,5912.53
5188,5270.62
5189,6292.44
5190,5690.88
5191,4928.32
5192,4543.77
5193,5662.36
5194,6219.74
5195,6714.45
5196,6189.85
5197,6173.92
5198,6286.34
5199,5036.05
5200,5805.77
5201,6222.69
5202,6491.29
5203,4092.77
5204,5335.07
5205,5569.47
5206,4924.42
5207,5063.59
5208,5718.12
5209,6297.18
5210,5768.57
5211,5238.46
5212,6275.75
5213,6197.64
5214,4814.99
5215,5218.06
5216,5868.65
5217,6460.04
5218,6232.49
5219,6296.0
5220,6196.51
5221,5783.66
5222,6337.49
5223,6252.9
5224,5830.75
5225,6216.69
5226,6081.1
5227,5429.86
5228,6296.0
5229,5686.92
5230,5320.98
5231,4680.23
5232,6195.5
5233,5498.02
5234,4173.97
5235,3390.34
5236,6188.74
5237,5634.17
5238,5407.3
5239,5756.94
5240,6339.5
5241,5402.27
5242,5253.39
5243,5158.79
5244,5783.8
5245,6257.84
5246,6771.78
5247,6163.53
5248,6327.48
5249,5183.57
5250,6343.38
5251,5994.79
5252,5749.99
5253,6297.18
5254,6098.23
5255,6251.8
5256,6272.05
5257,5965.04
5258,6260.17
5259,6251.8
5260,6220.28
5261,4645.66
5262,4235.86
5263,5210.29
5264,6286.34
5265,4682.42
5266,4558.43
5267,6222.69
5268,6267.38
5269,5672.9
5270,5386.8
5271,6173.92
5272,5711.35
5273,5965.04
5274,5578.41
5275,6188.74
5276,6286.34
5277,6309.18
5278,3232.06
5279,6210.29
5280,4181.58
5281,5986.22
5282,4635.6
5283,4928.37
5284,6769.34
5285,5832.18
5286,5107.95
5287,8801.79
5288,6609.75
5289,6243.32
5290,6258.59
5291,5517.66
5292,6224.71
5293,4575.72
5294,5217.74
5295,6286.34
5296,5131.68
5297,3251.77
5298,6239.8
5299,6156.64
5300,5530.05
5301,4951.2
5302,6199.54
5303,5222.09
5304,4836.83
5305,5507.68
5306,4467.61
5307,6140.14
5308,6196.51
5309,5832.18
5310,6222.69
5311,6286.04
5312,5804.83
5313,6245.72
5314,6107.95
5315,6222.69
5316,6286.34
5317,4755.74
5318,6210.75
5319,4861.78
5320,5584.51
5321,5520.82
5322,6316.04
5323,5020.18
5324,7570.35
5325,7220.12
5326,6530.98
5327,6639.74
5328,6139.27
5329,6606.63
5330,16572.15
5331,8966.18
5332,5912.53
5333,3653.79
5334,5907.45
5335,7203.42
5336,5678.35
5337,12610.46
5338,11314.51
5339,5460.0
5340,4683.49
5341,7693.56
5342,5965.04
5343,7046.47
5344,5615.39
5345,6288.14
5346,0.0
5347,6351.79
5348,6196.51
5349,6270.1
5350,6234.76
5351,6095.77
5352,6250.96
5353,5335.94
5354,4628.71
5355,6222.69
5356,5393.19
5357,4192.77
5358,5869.67
5359,6070.74
5360,5735.38
5361,5203.1
5362,5555.8
5363,5879.51
5364,6047.17
5365,6282.97
5366,6662.34
5367,6498.25
5368,6193.61
5369,5587.35
5370,5949.4
5371,5225.96
5372,4615.41
5373,5847.0
5374,5656.57
5375,5273.76
5376,5509.09
5377,5965.04
5378,4255.52
5379,6296.0
5380,6070.74
5381,5317.45
5382,5453.32
5383,12469.49
5384,6107.7
5385,5452.56
5386,5455.76
5387,5892.76
5388,4635.08
5389,4924.72
5390,4836.83
5391,6251.8
5392,6107.95
5393,12770.36
5394,5658.75
5395,6153.85
5396,5383.18
5397,5273.76
5398,6288.14
5399,5677.87
5400,9241.64
5401,5478.47
5402,6830.37
5403,5794.99
5404,6288.14
5405,6125.84
5406,5912.41
5407,5715.74
5408,4802.9
5409,6216.35
5410,6833.6
5411,6401.22
5412,6258.75
5413,6096.19
5414,5784.15
5415,6309.18
5416,8013.96
5417,4727.39
5418,4924.42
5419,6208.24
5420,6209.05
5421,6239.49
5422,5662.99
5423,6189.85
5424,6219.99
5425,6286.04
5426,6974.64
5427,6093.22
5428,6286.34
5429,5021.57
5430,15471.53
5431,5869.67
5432,6222.37
5433,6509.07
5434,6222.69
5435,6254.64
5436,5586.38
5437,6222.69
5438,6252.23
5439,6286.34
5440,5830.75
5441,6158.54
5442,5253.39
5443,4771.48
5444,6034.92
5445,5286.47
5446,4385.68
5447,6191.92
5448,4514.27
5449,4607.3
5450,6188.74
5451,7607.75
5452,6327.48
5453,6191.42
5454,5757.83
5455,6216.35
5456,6309.44
5457,6240.45
5458,5303.7
5459,4396.48
5460,4329.56
5461,6308.48
5462,6154.3
5463,6188.74
5464,3261.58
5465,5551.42
5466,6847.09
5467,5115.39
5468,4812.37
5469,6288.68
5470,6309.18
5471,9296.13
5472,6326.25
5473,5858.33
5474,3945.41
5475,5852.19
5476,6222.69
5477,4131.92
5478,5797.39
5479,4087.19
5480,6637.51
5481,6251.8
5482,8237.32
5483,5841.6
5484,5176.47
5485,5491.19
5486,6647.52
5487,6258.81
5488,5266.12
5489,5867.05
5490,6334.76
5491,7192.85
5492,6222.37
5493,6286.34
5494,6309.44
5495,6251.8
5496,6696.15
5497,6182.37
5498,11580.57
5499,5634.17
5500,6187.61
5501,5752.23
5502,7904.01
5503,3826.97
5504,5121.01
5505,6209.01
5506,6121.04
5507,5093.44
5508,6222.37
5509,6108.02
5510,5260.25
5511,6191.42
5512,6213.76
5513,6188.74
5514,5606.21
5515,7470.86
5516,4771.19
5517,5117.06
5518,6153.85
5519,4978.09
5520,5315.41
5521,5832.44
5522,4429.8
5523,5700.46
5524,5528.37
5525,5286.47
5526,4628.26
5527,6288.14
5528,5868.65
5529,6288.64
5530,5489.84
5531,6286.04
5532,4816.65
5533,6337.24
5534,6151.19
5535,5259.05
5536,5218.06
5537,5469.1
5538,6258.82
5539,6296.0
5540,6281.83
5541,8596.88
5542,6182.48
5543,6210.29
5544,6269.84
5545,8794.64
5546,6281.91
5547,4803.22
5548,5735.38
5549,5706.47
5550,4069.4
5551,4197.03
5552,6067.85
5553,6188.74
5554,5546.19
5555,4698.04
5556,2462.43
5557,5718.34
5558,6096.19
5559,6259.03
5560,5897.81
5561,5405.93
5562,6175.11
5563,4667.48
5564,6395.49
5565,4521.78
5566,4938.27
5567,5551.42
5568,5819.89
5569,6286.34
5570,16258.01
5571,4802.93
5572,6216.35
5573,5533.48
5574,4278.8
5575,4827.61
5576,6106.14
5577,5292.9
5578,6822.2
5579,6149.58
5580,4886.66
5581,6286.34
5582,3900.79
5583,5273.76
5584,5965.04
5585,7297.24
5586,8724.46
5587,5965.04
5588,5876.71
5589,4617.53
5590,4802.86
5591,12740.29
5592,8105.7
5593,6257.76
5594,4004.1
5595,6204.45
5596,5275.49
5597,5784.15
5598,6356.41
5599,4794.11
5600,5445.19
5601,6017.66
5602,5347.03
5603,5370.92
5604,4285.58
5605,5965.04
5606,5660.7
5607,3930.6
5608,4518.02
5609,6231.97
5610,8174.37
5611,5564.0
5612,6327.48
5613,4616.36
5614,6216.35
5615,5212.6
5616,5897.81
5617,5149.39
5618,6254.64
5619,4640.83
5620,6249.08
5621,6104.57
5622,5347.8
5623,6121.04
5624,5819.89
5625,5744.61
5626,4135.48
5627,6266.79
5628,6070.74
5629,5869.67
5630,6327.48
5631,4931.31
5632,5027.06
5633,6449.27
5634,7091.47
5635,8997.33
5636,4781.81
5637,6258.75
5638,4886.66
5639,5797.39
5640,6263.34
5641,6222.37
5642,3654.74
5643,5534.41
5644,6075.74
5645,5786.19
5646,4645.66
5647,6183.11
5648,6140.07
5649,6270.1
5650,6033.66
5651,5238.45
5652,6250.61
5653,5367.28
5654,5176.71
5655,5282.54
5656,5949.92
5657,5370.92
5658,4862.34
5659,7626.52
5660,5732.35
5661,6204.47
5662,4896.26
5663,4836.83
5664,6188.74
5665,5407.19
5666,6389.82
5667,5869.67
5668,5876.71
5669,6121.04
5670,5212.6
5671,4547.49
5672,5681.3
5673,4331.32
5674,7002.09
5675,7720.41
5676,5221.31
5677,4836.83
5678,4977.17
5679,4586.03
5680,5048.6
5681,5062.15
5682,5347.03
5683,6251.8
5684,4626.76
5685,5519.03
5686,4615.41
5687,8344.88
5688,5622.62
5689,5264.99
5690,4401.88
5691,5508.02
5692,5163.98
5693,5592.37
5694,6098.45
5695,5752.23
5696,6233.7
5697,6321.25
5698,6132.6
5699,5784.15
5700,5561.96
5701,6250.96
5702,5783.08
5703,6374.45
5704,15045.6
5705,4964.12
5706,5334.81
5707,5449.62
5708,6303.2
5709,6750.14
5710,5965.04
5711,6377.24
5712,6309.18
5713,4919.05
5714,6179.8
5715,5223.32
5716,4353.29
5717,5568.3
5718,3939.89
5719,4303.15
5720,6222.37
5721,15876.13
5722,6269.84
5723,6192.25
5724,5595.14
5725,6188.74
5726,6353.33
5727,4017.73
5728,7652.67
5729,6327.48
5730,6288.75
5731,6823.2
5732,11873.59
5733,5308.81
5734,5962.66
5735,3398.66
5736,5797.39
5737,5053.1
5738,6252.9
5739,4117.03
5740,6126.82
5741,4148.73
5742,5218.1
5743,5121.91
5744,6209.05
5745,6270.1
5746,6309.44
5747,5869.67
5748,5416.88
5749,5784.15
5750,4138.47
5751,6258.75
5752,4862.34
5753,6507.67
5754,5900.7
5755,4325.58
5756,5303.7
5757,5012.66
5758,5240.68
5759,5392.93
5760,5783.4
5761,5899.57
5762,6070.74
5763,6245.72
5764,5842.95
5765,5664.86
5766,4196.72
5767,4471.49
5768,4483.83
5769,5297.36
5770,5447.27
5771,5534.57
5772,6209.64
5773,6275.75
5774,4086.74
5775,6270.1
5776,5845.75
5777,9927.93
5778,5634.17
5779,6116.8
5780,4639.52
5781,6114.52
5782,6102.03
5783,7684.5
5784,4862.34
5785,5578.86
5786,5323.6
5787,6273.05
5788,5229.22
5789,6292.44
5790,4644.88
5791,6197.64
5792,3855.1
5793,6286.34
5794,4278.8
5795,5819.89
5796,5916.4
5797,4619.69
5798,6884.65
5799,6271.89
5800,4767.99
5801,5393.55
5802,6289.04
5803,4439.23
5804,6382.54
5805,5731.74
5806,6209.09
5807,6209.05
5808,6327.48
5809,6169.08
5810,6173.92
5811,5326.24
5812,6374.45
5813,4679.82
5814,6269.84
5815,3661.72
5816,5182.43
5817,5735.38
5818,6327.48
5819,5832.18
5820,6270.71
5821,5517.66
5822,5609.26
5823,4683.49
5824,6999.21
5825,5790.51
5826,5674.18
5827,6269.84
5828,6319.72
5829,5222.14
5830,5101.11
5831,6240.45
5832,5188.85
5833,6359.46
5834,6222.37
5835,5856.97
5836,5915.46
5837,6765.49
5838,4871.54
5839,5447.27
5840,6257.84
5841,6249.08
5842,5551.42
5843,5556.92
5844,6222.37
5845,5872.39
5846,5954.18
5847,5377.38
5848,5547.52
5849,5784.15
5850,4669.79
5851,4491.55
5852,6218.39
5853,5832.18
5854,6188.74
5855,6233.65
5856,5845.28
5857,5417.91
5858,5783.08
5859,5291.72
5860,6311.3
5861,5854.16
5862,5799.42
5863,5868.65
5864,4554.85
5865,4919.05
5866,6216.35
5867,6278.21
5868,7716.09
5869,6225.32
5870,4862.34
5871,5586.38
5872,7232.8
5873,6070.74
5874,6188.74
5875,6239.49
5876,5234.92
5877,6189.85
5878,4758.58
5879,5715.74
5880,6327.48
5881,5458.49
5882,7975.02
5883,6259.8
5884,8463.72
5885,6169.08
5886,4836.88
5887,3379.72
5888,5943.59
5889,5413.45
5890,5261.03
5891,6286.34
5892,4056.3
5893,5869.67
5894,5172.51
5895,4747.46
5896,5302.66
5897,4767.38
5898,5197.86
5899,4616.36
5900,4571.45
5901,5985.22
5902,4839.39
5903,6233.7
5904,4106.5
5905,5265.32
5906,5484.51
5907,6188.74
5908,6286.34
5909,6216.69
5910,4836.47
5911,4640.36
5912,6208.77
5913,5647.79
5914,6252.9
5915,4767.38
5916,8283.84
5917,6144.21
5918,4972.21
5919,6261.65
5920,7472.41
5921,6580.99
5922,6074.67
5923,3931.01
5924,4650.63
5925,10156.51
5926,4664.89
5927,4549.12
5928,6202.15
5929,5583.08
5930,5965.04
5931,6774.0
5932,5509.26
5933,5687.42
5934,4278.8
5935,5408.8
5936,6296.0
5937,4278.8
5938,6222.37
5939,4092.31
5940,6201.46
5941,6168.86
5942,5591.34
5943,6143.1
5944,5145.15
5945,6191.42
5946,6221.93
5947,6158.54
5948,7469.23
5949,5580.09
5950,6327.48
5951,5142.17
5952,6281.91
5953,8156.01
5954,4646.26
5955,6173.92
5956,6288.68
5957,6191.42
5958,6121.01
5959,5561.94
5960,5712.95
5961,5348.85
5962,3813.42
5963,4255.52
5964,6165.01
5965,5912.41
5966,5559.31
5967,6272.05
5968,5235.21
5969,5265.89
5970,6223.96
5971,4746.97
5972,5954.18
5973,6288.14
5974,11921.96
5975,5222.59
5976,5303.7
5977,9755.85
5978,8233.76
5979,4142.43
5980,6216.69
5981,5561.94
5982,6209.05
5983,4606.88
5984,4601.47
5985,5576.65
5986,4919.05
5987,4872.25
5988,4862.34
5989,7657.82
5990,6288.14
5991,18729.56
5992,6191.42
5993,5191.51
5994,5603.74
5995,6321.61
5996,5890.52
5997,6101.0
5998,5788.89
5999,5862.63
6000,5862.58
6001,3396.64
6002,4654.59
6003,5940.25
6004,6269.84
6005,5936.6
6006,5292.02
6007,4423.31
6008,4186.55
6009,5786.82
6010,5954.37
6011,6185.02
6012,7325.55
6013,6268.81
6014,5172.51
6015,6245.72
6016,4523.65
6017,8783.17
6018,5958.26
6019,5851.58
6020,5180.65
6021,5677.45
6022,5187.71
6023,5863.13
6024,7710.59
6025,5379.95
6026,5890.52
6027,4596.73
6028,6421.58
6029,4327.99
6030,6238.8
6031,5879.66
6032,5914.0
6033,5847.59
6034,6296.0
6035,5958.26
6036,5932.69
6037,4744.78
6038,6201.26
6039,4760.57
6040,8824.26
6041,5358.96
6042,6837.18
6043,5856.32
6044,5070.14
6045,6274.66
6046,5690.88
6047,4928.32
6048,4543.77
6049,5662.36
6050,6219.74
6051,6696.67
6052,5849.05
6053,6149.72
6054,6210.54
6055,5036.05
6056,5805.77
6057,6181.2
6058,6491.29
6059,4092.77
6060,5335.07
6061,5569.47
6062,5224.92
6063,4885.73
6064,5718.12
6065,6279.4
6066,5958.26
6067,4720.45
6068,6199.95
6069,5940.67
6070,4782.74
6071,5932.69
6072,5820.37
6073,6442.26
6074,6232.49
6075,6296.0
6076,5958.26
6077,5786.37
6078,6319.72
6079,5958.26
6080,5799.75
6081,6216.69
6082,6081.1
6083,5244.66
6084,6296.0
6085,5689.64
6086,5295.31
6087,4568.38
6088,5938.53
6089,5498.02
6090,4173.97
6091,3390.34
6092,5863.13
6093,5379.95
6094,5911.97
6095,5756.94
6096,6307.35
6097,5862.63
6098,4821.44
6099,5158.79
6100,5735.51
6101,6257.84
6102,6780.5
6103,5958.26
6104,6309.7
6105,5243.46
6106,6343.38
6107,5981.8
6108,5726.6
6109,6279.4
6110,5326.09
6111,6251.8
6112,5958.26
6113,5890.52
6114,6242.4
6115,6251.8
6116,5958.26
6117,4645.66
6118,4235.86
6119,5145.3
6120,6210.54
6121,4653.27
6122,4558.43
6123,6181.2
6124,6232.04
6125,5649.51
6126,5185.04
6127,6149.72
6128,5732.66
6129,5890.52
6130,5575.45
6131,5947.39
6132,6210.54
6133,6291.4
6134,3270.28
6135,6210.29
6136,4181.58
6137,5890.52
6138,4635.6
6139,4928.37
6140,6000.81
6141,5832.18
6142,4701.83
6143,8618.19
6144,6024.17
6145,5958.26
6146,6264.99
6147,5406.79
6148,6224.71
6149,4575.72
6150,5887.71
6151,6210.54
6152,5932.69
6153,3240.88
6154,6239.8
6155,5947.5
6156,5468.0
6157,4727.46
6158,6199.54
6159,5019.79
6160,5755.0
6161,5510.4
6162,4467.61
6163,6140.14
6164,5958.26
6165,5832.18
6166,6181.2
6167,5958.26
6168,5769.59
6169,6245.72
6170,5940.25
6171,6201.26
6172,6210.54
6173,4755.74
6174,6183.97
6175,4631.28
6176,5414.94
6177,5252.62
6178,6241.54
6179,5020.18
6180,7570.35
6181,6600.56
6182,6359.4
6183,6639.74
6184,6139.27
6185,5933.05
6186,15896.55
6187,8863.85
6188,5856.32
6189,3653.79
6190,4782.97
6191,7044.7
6192,5678.35
6193,12553.21
6194,11362.14
6195,5836.47
6196,4660.11
6197,6856.59
6198,5890.52
6199,7046.47
6200,5592.01
6201,6288.14
6202,4735.66
6203,6379.72
6204,5958.26
6205,6270.1
6206,5977.79
6207,6060.97
6208,6250.96
6209,5335.94
6210,4579.04
6211,6181.2
6212,5433.61
6213,4192.77
6214,5795.16
6215,5999.91
6216,5704.39
6217,5203.1
6218,5552.84
6219,5831.23
6220,5972.65
6221,6282.97
6222,6479.8
6223,6498.25
6224,5915.62
6225,5584.39
6226,5831.23
6227,4714.17
6228,4615.41
6229,5863.39
6230,5417.06
6231,5934.87
6232,5538.15
6233,5890.52
6234,4255.52
6235,6296.0
6236,5999.91
6237,5276.84
6238,5893.05
6239,12716.17
6240,5958.26
6241,5452.56
6242,5400.22
6243,5855.48
6244,4635.08
6245,5325.66
6246,5793.37
6247,6251.8
6248,5940.25
6249,12671.22
6250,5658.75
6251,5958.26
6252,5950.05
6253,5934.87
6254,6288.14
6255,5677.87
6256,9238.5
6257,5369.12
6258,6830.37
6259,5779.81
6260,6288.14
6261,5939.58
6262,5912.41
6263,5476.23
6264,4802.9
6265,5958.26
6266,6892.46
6267,6281.82
6268,6258.75
6269,5958.26
6270,5735.86
6271,6291.4
6272,8011.72
6273,5932.69
6274,5224.92
6275,6208.24
6276,5953.76
6277,6239.49
6278,5444.36
6279,5931.06
6280,5958.26
6281,5958.26
6282,6838.24
6283,6093.22
6284,6210.54
6285,5021.57
6286,14487.27
6287,5795.16
6288,5944.83
6289,6509.07
6290,6201.26
6291,6254.64
6292,5552.81
6293,6201.26
6294,6252.23
6295,6210.54
6296,5799.75
6297,6158.54
6298,4821.44
6299,4771.48
6300,5890.52
6301,5929.61
6302,4385.68
6303,5958.26
6304,4514.27
6305,4557.62
6306,5863.13
6307,7712.42
6308,6309.7
6309,5958.26
6310,5836.78
6311,5958.26
6312,6291.66
6313,6240.45
6314,5862.58
6315,4357.45
6316,4216.97
6317,5396.34
6318,6154.3
6319,5863.13
6320,3261.58
6321,5551.42
6322,6629.73
6323,5156.34
6324,4415.84
6325,6288.68
6326,6291.4
6327,9413.44
6328,6326.25
6329,5778.36
6330,3945.41
6331,5205.94
6332,6181.2
6333,4123.55
6334,5797.39
6335,4087.19
6336,6611.04
6337,6251.8
6338,8334.55
6339,5511.98
6340,5176.47
6341,5918.48
6342,6647.52
6343,6258.81
6344,5285.13
6345,5958.26
6346,6108.77
6347,7158.68
6348,5922.13
6349,6210.54
6350,6291.66
6351,6251.8
6352,6696.15
6353,6182.37
6354,11965.9
6355,5379.95
6356,6187.61
6357,5752.23
6358,7904.01
6359,3826.97
6360,4784.4
6361,6209.01
6362,5940.25
6363,5093.44
6364,5922.13
6365,6102.2
6366,5260.25
6367,5958.26
6368,6213.76
6369,5863.13
6370,5352.0
6371,7516.88
6372,4761.48
6373,5248.69
6374,5958.26
6375,4978.09
6376,5315.41
6377,5788.3
6378,4429.8
6379,5700.46
6380,5932.69
6381,5845.35
6382,4628.26
6383,6288.14
6384,5820.37
6385,6243.72
6386,5198.05
6387,5958.26
6388,4971.9
6389,6337.24
6390,5927.15
6391,4746.61
6392,5932.69
6393,5369.12
6394,5949.33
6395,6296.0
6396,6281.83
6397,8853.84
6398,6182.48
6399,6210.29
6400,6269.84
6401,8749.16
6402,6281.91
6403,4657.46
6404,5704.39
6405,5954.37
6406,4069.4
6407,4197.03
6408,6067.85
6409,5863.13
6410,5588.05
6411,4698.04
6412,2472.89
6413,5954.37
6414,5958.26
6415,6259.03
6416,5897.81
6417,5237.51
6418,6175.11
6419,4667.48
6420,5452.8
6421,4521.78
6422,4866.85
6423,5551.42
6424,5788.89
6425,6210.54
6426,16270.46
6427,4802.93
6428,5958.26
6429,5541.8
6430,4278.8
6431,4788.57
6432,5940.25
6433,5292.9
6434,5245.69
6435,5958.26
6436,4886.66
6437,6210.54
6438,3900.79
6439,5934.87
6440,5890.52
6441,6647.15
6442,8766.4
6443,5890.52
6444,5876.71
6445,4567.86
6446,4802.86
6447,12732.58
6448,8135.33
6449,6257.76
6450,5382.0
6451,5958.26
6452,5936.6
6453,5735.86
6454,6356.41
6455,4761.86
6456,5421.91
6457,6014.16
6458,5271.8
6459,5370.92
6460,4285.58
6461,5890.52
6462,5406.48
6463,3930.6
6464,4518.02
6465,5931.74
6466,8231.31
6467,5936.6
6468,6309.7
6469,4616.36
6470,5958.26
6471,5212.6
6472,5897.81
6473,5149.39
6474,6254.64
6475,4640.83
6476,6249.08
6477,6104.57
6478,5336.62
6479,5940.25
6480,5788.89
6481,5406.48
6482,4135.48
6483,5958.26
6484,5999.91
6485,5795.16
6486,6309.7
6487,5805.82
6488,4440.75
6489,6453.31
6490,6246.03
6491,8820.17
6492,4784.18
6493,6258.75
6494,4886.66
6495,5797.39
6496,5939.58
6497,5853.29
6498,3654.74
6499,5396.6
6500,5865.59
6501,5788.91
6502,4645.66
6503,6183.11
6504,6140.07
6505,6270.1
6506,6048.11
6507,4826.72
6508,6250.61
6509,5354.69
6510,5176.71
6511,5927.41
6512,5979.34
6513,5370.92
6514,4862.34
6515,7714.99
6516,5374.67
6517,5447.26
6518,4638.04
6519,5755.0
6520,5863.13
6521,5407.19
6522,6372.05
6523,5795.16
6524,5876.71
6525,5940.25
6526,5212.6
6527,4547.49
6528,5904.96
6529,4331.32
6530,7014.88
6531,6885.02
6532,5187.71
6533,5793.37
6534,4905.74
6535,4586.03
6536,5048.6
6537,5062.15
6538,5271.8
6539,6251.8
6540,4578.72
6541,5380.85
6542,4615.41
6543,8344.88
6544,5958.26
6545,5314.66
6546,4292.41
6547,5508.02
6548,4784.4
6549,6007.18
6550,5945.44
6551,5752.23
6552,5958.26
6553,6303.47
6554,6132.6
6555,5735.86
6556,5462.79
6557,6250.96
6558,5759.69
6559,6374.45
6560,14374.57
6561,4964.12
6562,4885.52
6563,5449.62
6564,6285.43
6565,6000.81
6566,5890.52
6567,6359.47
6568,6291.4
6569,4919.05
6570,5940.25
6571,5220.32
6572,4353.29
6573,5330.31
6574,3939.89
6575,4303.15
6576,5875.36
6577,13942.49
6578,6269.84
6579,6192.25
6580,5609.59
6581,5863.13
6582,6353.33
6583,4029.59
6584,7845.11
6585,6309.7
6586,6288.75
6587,6823.2
6588,11476.66
6589,5300.67
6590,5888.15
6591,3379.21
6592,5797.39
6593,5093.88
6594,5958.26
6595,4117.03
6596,5958.26
6597,4148.73
6598,4687.43
6599,5121.91
6600,5849.05
6601,6270.1
6602,6291.66
6603,5795.16
6604,5393.7
6605,5735.86
6606,4130.1
6607,6258.75
6608,4862.34
6609,6507.67
6610,5831.23
6611,4322.19
6612,5862.58
6613,5165.74
6614,4828.96
6615,5370.98
6616,5674.14
6617,5825.06
6618,5999.91
6619,6245.72
6620,5842.95
6621,5667.58
6622,4196.72
6623,4450.05
6624,4483.83
6625,5342.32
6626,6025.55
6627,5895.86
6628,6209.64
6629,6199.95
6630,4086.74
6631,6270.1
6632,5845.75
6633,10046.29
6634,5379.95
6635,5940.25
6636,4639.52
6637,6098.93
6638,6102.03
6639,7616.42
6640,4862.34
6641,5233.12
6642,5932.69
6643,5685.94
6644,5654.9
6645,6274.66
6646,4752.75
6647,5940.67
6648,3855.1
6649,6210.54
6650,4278.8
6651,5788.89
6652,5563.34
6653,4553.33
6654,6040.2
6655,6271.89
6656,4488.64
6657,5936.6
6658,6289.04
6659,4400.19
6660,6364.77
6661,5476.0
6662,6209.09
6663,5933.31
6664,6309.7
6665,5961.62
6666,6149.72
6667,5341.71
6668,6374.45
6669,5174.71
6670,6269.84
6671,3594.33
6672,5182.43
6673,5704.39
6674,6309.7
6675,5832.18
6676,6270.71
6677,5406.79
6678,5359.01
6679,4660.11
6680,7054.91
6681,5775.33
6682,5674.18
6683,6269.84
6684,6520.02
6685,4710.36
6686,5073.42
6687,6240.45
6688,4989.56
6689,6359.46
6690,5875.36
6691,5856.97
6692,5915.46
6693,6079.96
6694,4871.54
6695,6025.55
6696,6257.84
6697,6249.08
6698,5551.42
6699,4833.29
6700,5853.29
6701,5872.39
6702,5879.66
6703,5377.38
6704,5547.52
6705,5735.86
6706,4669.79
6707,4491.55
6708,5958.26
6709,5832.18
6710,5863.13
6711,6233.65
6712,5845.28
6713,5950.1
6714,5759.69
6715,5932.69
6716,6311.3
6717,5811.76
6718,5328.73
6719,5820.37
6720,4497.26
6721,4919.05
6722,5958.26
6723,6260.44
6724,6231.22
6725,6225.32
6726,4862.34
6727,5552.81
6728,7303.63
6729,5999.91
6730,5863.13
6731,6239.49
6732,5223.74
6733,5931.06
6734,4758.58
6735,5476.23
6736,6309.7
6737,5458.49
6738,7912.74
6739,6269.34
6740,8442.14
6741,5961.62
6742,5755.05
6743,3379.72
6744,5985.12
6745,5413.45
6746,5932.69
6747,6210.54
6748,4047.92
6749,5795.16
6750,5172.51
6751,4747.46
6752,5549.5
6753,4767.38
6754,5197.86
6755,4616.36
6756,4571.45
6757,5940.61
6758,4839.39
6759,5958.26
6760,4106.5
6761,5911.97
6762,5494.83
6763,5863.13
6764,6210.54
6765,6216.69
6766,4708.33
6767,4641.65
6768,5958.26
6769,5904.96
6770,5958.26
6771,4767.38
6772,8283.84
6773,5958.26
6774,4547.74
6775,5961.42
6776,7472.41
6777,6562.11
6778,6074.67
6779,3931.01
6780,4638.02
6781,10110.11
6782,4533.93
6783,4536.97
6784,5958.26
6785,5609.08
6786,5890.52
6787,6544.25
6788,5504.14
6789,5623.12
6790,4278.8
6791,5342.79
6792,6296.0
6793,4278.8
6794,5922.13
6795,4103.31
6796,5972.05
6797,6168.86
6798,5954.37
6799,6075.94
6800,5932.69
6801,5958.26
6802,6221.93
6803,6158.54
6804,6817.74
6805,5936.6
6806,6309.7
6807,5175.22
6808,6281.91
6809,8122.68
6810,4646.26
6811,6149.72
6812,6288.68
6813,5958.26
6814,6121.01
6815,5561.94
6816,5914.0
6817,5991.44
6818,3813.42
6819,4255.52
6820,5863.13
6821,5912.41
6822,5559.31
6823,5958.26
6824,5235.21
6825,5302.83
6826,6223.96
6827,4746.97
6828,5879.66
6829,6288.14
6830,11136.23
6831,5211.11
6832,5862.58
6833,9679.44
6834,8233.76
6835,4134.05
6836,6216.69
6837,5561.94
6838,5849.05
6839,4711.49
6840,4822.66
6841,5932.69
6842,4919.05
6843,5046.42
6844,4862.34
6845,7429.01
6846,6288.14
6847,18652.26
6848,5958.26
6849,5191.51
6850,5613.46
6851,6342.59
6852,5890.52
6853,6142.51
6854,5788.89
6855,5862.63
6856,5862.58
6857,3387.19
6858,4654.59
6859,5940.25
6860,6283.81
6861,5936.6
6862,5280.55
6863,4423.31
6864,4186.55
6865,5786.82
6866,5954.37
6867,6185.02
6868,7337.71
6869,6298.94
6870,5172.51
6871,6266.7
6872,4523.65
6873,8783.17
6874,5958.26
6875,5851.58
6876,5180.65
6877,5722.61
6878,5170.55
6879,5863.13
6880,7710.59
6881,5368.48
6882,5890.52
6883,4596.73
6884,6408.42
6885,4327.99
6886,6259.78
6887,5879.66
6888,5914.0
6889,5847.59
6890,6316.98
6891,5958.26
6892,5932.69
6893,4744.78
6894,6201.26
6895,4760.57
6896,8772.97
6897,5347.48
6898,6851.1
6899,5837.13
6900,5070.14
6901,6288.63
6902,5690.88
6903,4928.32
6904,4552.86
6905,5662.36
6906,6240.72
6907,6717.65
6908,5849.05
6909,6149.72
6910,6210.54
6911,5036.05
6912,5805.77
6913,6181.2
6914,6512.27
6915,4092.77
6916,5335.07
6917,5569.47
6918,5213.44
6919,4720.42
6920,5718.12
6921,6293.37
6922,5958.26
6923,4720.45
6924,6199.95
6925,5940.67
6926,4776.16
6927,5932.69
6928,5820.37
6929,6446.44
6930,6253.47
6931,6316.98
6932,5958.26
6933,5786.37
6934,6340.7
6935,5958.26
6936,5799.75
6937,6237.67
6938,6122.62
6939,5233.18
6940,6316.98
6941,5689.64
6942,5283.83
6943,4568.38
6944,5938.53
6945,5498.02
6946,4173.97
6947,3390.34
6948,5863.13
6949,5368.48
6950,5911.97
6951,5756.94
6952,6317.11
6953,5862.63
6954,4821.44
6955,5158.79
6956,5735.51
6957,6271.81
6958,6912.06
6959,5958.26
6960,6323.67
6961,5231.98
6962,6364.36
6963,6016.94
6964,5736.32
6965,6293.37
6966,5314.61
6967,6272.78
6968,5958.26
6969,5890.52
6970,6263.38
6971,6272.78
6972,5958.26
6973,4645.66
6974,4235.86
6975,5145.3
6976,6210.54
6977,4653.27
6978,4558.43
6979,6181.2
6980,6182.83
6981,5659.23
6982,5185.04
6983,6149.72
6984,5732.66
6985,5890.52
6986,5585.17
6987,5947.39
6988,6210.54
6989,6305.37
6990,3280.92
6991,6224.26
6992,4181.58
6993,5890.52
6994,4635.6
6995,4928.37
6996,6000.81
6997,5832.18
6998,4700.7
6999,8677.15
7000,6035.31
7001,5958.26
7002,6300.13
7003,5395.31
7004,6245.69
7005,4575.72
7006,5887.71
7007,6210.54
7008,5932.69
7009,3240.88
7010,6260.78
7011,5947.5
7012,5456.52
7013,4720.88
7014,6199.54
7015,5019.79
7016,5755.0
7017,5512.84
7018,4467.61
7019,6161.12
7020,5958.26
7021,5832.18
7022,6181.2
7023,5958.26
7024,5768.46
7025,6266.7
7026,5940.25
7027,6201.26
7028,6210.54
7029,4755.74
7030,6183.97
7031,4631.28
7032,5414.94
7033,5241.14
7034,6235.62
7035,5020.18
7036,7570.35
7037,6600.56
7038,6332.57
7039,6639.74
7040,6160.25
7041,5921.57
7042,15609.62
7043,8840.4
7044,5837.13
7045,3653.79
7046,4782.97
7047,7011.51
7048,5678.35
7049,12403.45
7050,11483.63
7051,5836.47
7052,4660.11
7053,6856.59
7054,5890.52
7055,7046.47
7056,5601.73
7057,6302.11
7058,0.0
7059,6362.46
7060,5958.26
7061,6291.08
7062,5977.79
7063,6060.97
7064,6271.94
7065,5335.94
7066,4579.04
7067,6181.2
7068,5422.14
7069,4192.77
7070,5795.16
7071,5999.91
7072,5704.39
7073,5203.1
7074,5562.56
7075,5831.23
7076,5972.65
7077,6303.95
7078,6479.8
7079,6519.23
7080,5915.62
7081,5594.11
7082,5831.23
7083,4714.17
7084,4615.41
7085,5863.39
7086,5405.59
7087,5934.87
7088,5538.15
7089,5890.52
7090,4255.52
7091,6316.98
7092,5999.91
7093,5265.36
7094,5893.05
7095,12937.41
7096,5958.26
7097,5233.54
7098,5388.75
7099,5855.48
7100,4635.08
7101,5325.66
7102,5793.37
7103,6272.78
7104,5940.25
7105,12774.76
7106,5658.75
7107,5958.26
7108,5950.05
7109,5934.87
7110,6302.11
7111,5677.87
7112,9235.22
7113,5357.64
7114,6830.37
7115,5730.61
7116,6302.11
7117,5939.58
7118,5912.41
7119,5464.76
7120,4802.9
7121,5958.26
7122,6993.13
7123,6281.82
7124,6279.73
7125,5958.26
7126,5735.86
7127,6305.37
7128,8037.26
7129,5932.69
7130,5213.44
7131,6229.22
7132,5953.76
7133,6260.47
7134,5432.88
7135,5931.06
7136,5958.26
7137,5958.26
7138,6824.79
7139,6134.73
7140,6210.54
7141,5021.57
7142,14092.42
7143,5795.16
7144,5944.83
7145,6509.07
7146,6201.26
7147,6275.62
7148,5552.81
7149,6201.26
7150,6273.21
7151,6210.54
7152,5799.75
7153,6158.54
7154,4821.44
7155,4771.48
7156,5890.52
7157,5929.61
7158,4385.68
7159,5958.26
7160,4514.27
7161,4563.22
7162,5863.13
7163,7712.42
7164,6323.67
7165,5958.26
7166,5817.62
7167,5958.26
7168,6312.64
7169,6261.43
7170,5862.58
7171,4357.45
7172,4225.29
7173,5396.34
7174,6168.27
7175,5863.13
7176,3261.58
7177,5551.42
7178,6616.28
7179,5144.86
7180,4414.71
7181,6309.66
7182,6305.37
7183,9413.21
7184,6347.23
7185,5788.08
7186,3945.41
7187,5194.46
7188,6181.2
7189,4123.55
7190,5797.39
7191,4087.19
7192,6400.63
7193,6272.78
7194,8334.55
7195,5500.5
7196,5176.47
7197,5918.48
7198,6741.56
7199,6279.79
7200,5296.38
7201,5958.26
7202,6108.77
7203,7167.72
7204,5922.13
7205,6210.54
7206,6312.64
7207,6272.78
7208,6717.13
7209,6203.35
7210,12079.95
7211,5368.48
7212,6208.59
7213,5752.23
7214,7904.01
7215,3826.97
7216,4784.4
7217,6229.99
7218,5940.25
7219,5093.44
7220,5922.13
7221,6123.18
7222,5260.25
7223,5958.26
7224,6117.44
7225,5863.13
7226,5340.52
7227,7516.88
7228,4761.48
7229,5248.69
7230,5958.26
7231,4987.4
7232,5315.41
7233,5752.57
7234,4429.8
7235,5700.46
7236,5932.69
7237,5845.35
7238,4628.26
7239,6302.11
7240,5820.37
7241,6233.32
7242,5198.05
7243,5958.26
7244,5007.78
7245,6351.21
7246,5927.15
7247,4746.61
7248,5932.69
7249,5357.64
7250,5949.33
7251,6316.98
7252,6302.81
7253,8830.39
7254,6203.46
7255,6224.26
7256,6283.81
7257,8749.16
7258,6295.87
7259,4657.46
7260,5704.39
7261,5954.37
7262,4069.4
7263,4197.03
7264,6067.85
7265,5863.13
7266,5588.05
7267,4698.04
7268,2472.89
7269,5954.37
7270,5958.26
7271,6280.01
7272,5949.68
7273,5237.51
7274,6190.67
7275,4667.48
7276,5441.32
7277,4537.7
7278,4866.85
7279,5551.42
7280,5788.89
7281,6210.54
7282,16315.63
7283,4802.93
7284,5958.26
7285,5553.05
7286,4278.8
7287,4788.57
7288,5940.25
7289,5292.9
7290,5234.22
7291,5958.26
7292,4886.66
7293,6210.54
7294,3900.79
7295,5934.87
7296,5890.52
7297,6647.15
7298,8819.77
7299,5890.52
7300,5876.71
7301,4567.86
7302,4802.86
7303,12954.02
7304,8065.58
7305,6278.74
7306,5382.0
7307,5958.26
7308,5936.6
7309,5735.86
7310,6377.39
7311,4761.86
7312,5421.91
7313,6014.16
7314,5260.33
7315,5370.92
7316,4285.58
7317,5890.52
7318,5395.01
7319,3930.6
7320,4518.02
7321,5931.74
7322,8176.99
7323,5936.6
7324,6323.67
7325,4621.95
7326,5958.26
7327,5212.6
7328,5949.68
7329,5149.39
7330,6275.62
7331,4640.83
7332,6270.06
7333,6146.08
7334,5336.62
7335,5940.25
7336,5788.89
7337,5395.01
7338,4135.48
7339,5958.26
7340,5999.91
7341,5795.16
7342,6323.67
7343,5805.82
7344,4440.75
7345,6453.31
7346,6234.56
7347,8923.77
7348,4784.18
7349,6279.73
7350,4886.66
7351,5797.39
7352,5939.58
7353,5853.29
7354,3654.74
7355,5396.71
7356,5865.59
7357,5788.91
7358,4645.66
7359,6213.24
7360,6140.07
7361,6291.08
7362,6056.34
7363,4826.72
7364,6271.59
7365,5343.22
7366,5176.71
7367,5927.41
7368,5979.34
7369,5370.92
7370,4862.34
7371,7808.15
7372,5363.19
7373,5435.79
7374,4631.46
7375,5755.0
7376,5863.13
7377,5407.19
7378,6360.75
7379,5795.16
7380,5876.71
7381,5940.25
7382,5212.6
7383,4547.49
7384,5904.96
7385,4360.72
7386,7014.88
7387,6873.54
7388,5170.55
7389,5793.37
7390,4905.74
7391,4586.03
7392,5048.6
7393,5062.15
7394,5260.33
7395,6272.78
7396,4584.31
7397,5369.37
7398,4615.41
7399,8344.88
7400,5958.26
7401,5303.19
7402,4300.73
7403,5508.02
7404,4784.4
7405,6007.18
7406,5945.44
7407,5752.23
7408,5958.26
7409,6317.44
7410,6153.58
7411,5735.86
7412,5451.31
7413,6271.94
7414,5769.41
7415,6388.42
7416,14374.57
7417,4964.12
7418,4885.52
7419,5432.05
7420,6306.41
7421,6000.81
7422,5890.52
7423,6373.44
7424,6305.37
7425,4919.05
7426,5940.25
7427,5208.84
7428,4353.29
7429,5318.83
7430,3939.89
7431,4303.15
7432,5875.36
7433,13942.49
7434,6283.81
7435,6213.23
7436,5609.59
7437,5863.13
7438,6374.31
7439,4043.9
7440,7817.67
7441,6323.67
7442,6302.72
7443,6819.41
7444,11521.7
7445,5327.13
7446,5888.15
7447,3379.21
7448,5797.39
7449,5108.41
7450,5958.26
7451,4117.03
7452,5958.26
7453,4148.73
7454,4687.43
7455,5121.91
7456,5849.05
7457,6291.08
7458,6312.64
7459,5795.16
7460,5382.22
7461,5735.86
7462,4130.1
7463,6279.73
7464,4862.34
7465,6496.37
7466,5831.23
7467,4323.04
7468,5862.58
7469,5154.27
7470,4828.96
7471,5359.5
7472,5674.14
7473,5825.06
7474,5999.91
7475,6266.7
7476,5842.95
7477,5667.58
7478,4196.72
7479,4450.05
7480,4483.83
7481,5342.32
7482,6025.55
7483,5895.86
7484,6230.62
7485,6199.95
7486,4086.74
7487,6291.08
7488,5845.75
7489,10008.25
7490,5368.48
7491,5940.25
7492,4639.52
7493,6119.91
7494,6102.03
7495,7616.42
7496,4862.34
7497,5221.64
7498,5932.69
7499,5673.45
7500,5654.9
7501,6288.63
7502,4752.75
7503,5940.67
7504,3855.1
7505,6210.54
7506,4278.8
7507,5788.89
7508,5551.86
7509,4553.33
7510,6051.34
7511,6292.87
7512,4488.64
7513,5936.6
7514,6310.02
7515,4400.19
7516,6353.47
7517,5464.53
7518,6230.07
7519,5933.31
7520,6323.67
7521,5961.62
7522,6149.72
7523,5330.23
7524,6388.42
7525,5163.24
7526,6283.81
7527,3572.65
7528,5182.43
7529,5704.39
7530,6323.67
7531,5832.18
7532,6291.69
7533,5395.31
7534,5347.54
7535,4660.11
7536,7093.98
7537,5726.13
7538,5674.18
7539,6283.81
7540,6674.43
7541,4710.36
7542,5073.42
7543,6261.43
7544,4972.29
7545,6380.44
7546,5875.36
7547,5856.97
7548,5915.46
7549,5822.28
7550,4871.54
7551,6025.55
7552,6271.81
7553,6270.06
7554,5551.42
7555,4833.29
7556,5853.29
7557,5872.39
7558,5879.66
7559,5377.38
7560,5547.52
7561,5735.86
7562,4669.79
7563,4491.55
7564,5958.26
7565,5832.18
7566,5863.13
7567,6254.63
7568,5845.28
7569,5950.1
7570,5769.41
7571,5932.69
7572,6332.28
7573,5811.76
7574,5317.26
7575,5820.37
7576,4484.96
7577,4919.05
7578,5958.26
7579,6274.41
7580,6242.37
7581,6246.3
7582,4862.34
7583,5552.81
7584,7421.03
7585,5999.91
7586,5863.13
7587,6260.47
7588,5223.74
7589,5931.06
7590,4758.58
7591,5464.76
7592,6323.67
7593,5458.49
7594,7912.74
7595,6280.58
7596,8419.5
7597,5961.62
7598,5755.05
7599,3379.72
7600,5985.12
7601,5413.45
7602,5932.69
7603,6210.54
7604,4047.92
7605,5795.16
7606,5172.51
7607,4747.46
7608,5549.5
7609,4767.38
7610,5197.86
7611,4621.95
7612,4571.45
7613,5940.61
7614,4839.39
7615,5958.26
7616,4106.5
7617,5911.97
7618,5506.18
7619,5863.13
7620,6210.54
7621,6237.67
7622,4708.33
7623,4641.65
7624,5958.26
7625,5904.96
7626,5958.26
7627,4767.38
7628,8283.84
7629,5958.26
7630,4547.74
7631,5961.42
7632,7539.49
7633,6545.78
7634,6116.18
7635,3931.01
7636,4638.02
7637,10108.42
7638,4527.35
7639,4536.97
7640,5958.26
7641,5620.33
7642,5890.52
7643,6470.7
7644,5504.14
7645,5535.29
7646,4278.8
7647,5342.79
7648,6316.98
7649,4278.8
7650,5922.13
7651,4103.31
7652,5972.05
7653,6168.86
7654,5954.37
7655,6111.07
7656,5932.69
7657,5958.26
7658,6242.91
7659,6158.54
7660,6817.74
7661,5936.6
7662,6323.67
7663,5195.49
7664,6295.87
7665,8122.68
7666,4646.26
7667,6149.72
7668,6309.66
7669,5958.26
7670,6122.84
7671,5561.94
7672,5914.0
7673,5991.44
7674,3807.25
7675,4255.52
7676,5863.13
7677,5912.41
7678,5559.31
7679,5958.26
7680,5235.21
7681,5314.18
7682,6228.14
7683,4746.97
7684,5879.66
7685,6302.11
7686,11110.32
7687,5199.63
7688,5862.58
7689,9720.75
7690,8233.76
7691,4134.05
7692,6237.67
7693,5561.94
7694,5849.05
7695,4823.17
7696,4822.66
7697,5932.69
7698,4919.05
7699,5034.94
7700,4862.34
7701,7381.84
7702,6302.11
7703,18652.26
7704,5958.26
7705,5191.51
7706,5613.46
7707,6342.59
7708,5890.52
7709,6142.51
7710,5788.89
7711,5839.95
7712,5839.9
7713,3400.86
7714,4654.59
7715,5914.95
7716,6283.81
7717,5913.92
7718,5280.55
7719,4406.67
7720,4186.55
7721,5786.82
7722,5931.69
7723,6197.65
7724,7444.98
7725,6298.94
7726,5208.15
7727,6266.7
7728,4523.65
7729,8783.17
7730,5932.95
7731,5828.9
7732,5180.65
7733,5682.41
7734,5222.61
7735,5837.83
7736,7710.59
7737,5368.48
7738,5890.52
7739,4596.73
7740,6311.78
7741,4327.99
7742,6259.78
7743,5879.66
7744,5891.32
7745,5822.28
7746,6316.98
7747,5932.95
7748,5910.01
7749,4757.8
7750,6201.26
7751,4743.93
7752,8787.75
7753,5347.48
7754,6864.34
7755,5837.13
7756,5053.51
7757,6288.63
7758,5690.88
7759,4928.32
7760,4550.02
7761,5674.99
7762,6240.72
7763,6717.65
7764,5823.75
7765,6149.72
7766,6210.54
7767,5036.05
7768,5805.77
7769,6181.2
7770,6512.27
7771,4092.77
7772,5335.07
7773,5582.1
7774,5213.44
7775,4720.42
7776,5718.12
7777,6293.37
7778,5932.95
7779,4703.82
7780,6199.95
7781,5915.36
7782,4820.59
7783,5910.01
7784,5820.37
7785,6446.44
7786,6253.47
7787,6316.98
7788,5932.95
7789,5786.37
7790,6340.7
7791,5932.95
7792,5799.75
7793,6237.67
7794,6122.62
7795,5233.18
7796,6316.98
7797,5689.64
7798,5283.83
7799,4568.38
7800,5913.23
7801,5498.02
7802,4173.97
7803,3323.43
7804,5837.83
7805,5368.48
7806,5889.29
7807,5756.94
7808,6357.05
7809,5839.95
7810,4804.8
7811,5158.79
7812,5735.51
7813,6271.81
7814,6939.69
7815,5932.95
7816,6323.67
7817,5231.98
7818,6364.36
7819,6016.94
7820,5736.32
7821,6293.37
7822,5314.61
7823,6272.78
7824,5932.95
7825,5890.52
7826,6263.38
7827,6272.78
7828,5932.95
7829,4645.66
7830,4235.86
7831,5183.56
7832,6210.54
7833,4653.27
7834,4558.43
7835,6181.2
7836,6182.83
7837,5659.23
7838,5163.45
7839,6149.72
7840,5732.66
7841,5890.52
7842,5585.17
7843,5922.09
7844,6210.54
7845,6305.37
7846,3317.49
7847,6224.26
7848,4181.58
7849,5890.52
7850,4635.6
7851,4928.37
7852,5975.51
7853,5844.81
7854,4687.04
7855,8688.28
7856,6035.31
7857,5932.95
7858,6300.13
7859,5395.31
7860,6245.69
7861,4575.72
7862,5865.03
7863,6210.54
7864,5910.01
7865,3240.88
7866,6260.78
7867,5922.2
7868,5456.52
7869,4756.43
7870,6216.04
7871,5019.79
7872,5732.32
7873,5525.47
7874,4467.61
7875,6161.12
7876,5932.95
7877,5844.81
7878,6181.2
7879,5932.95
7880,5765.84
7881,6266.7
7882,5914.95
7883,6201.26
7884,6210.54
7885,4755.74
7886,6187.77
7887,4631.28
7888,5414.94
7889,5241.14
7890,6235.62
7891,5020.18
7892,7570.35
7893,6600.56
7894,6332.57
7895,6659.97
7896,6160.25
7897,5921.57
7898,15603.16
7899,8855.17
7900,5837.13
7901,3653.79
7902,4766.33
7903,7011.51
7904,5678.35
7905,12565.17
7906,11483.63
7907,5813.79
7908,4660.11
7909,6856.59
7910,5890.52
7911,7111.8
7912,5601.73
7913,6302.11
7914,0.0
7915,6363.25
7916,5932.95
7917,6291.08
7918,5952.48
7919,6058.34
7920,6271.94
7921,5335.94
7922,4579.04
7923,6181.2
7924,5422.14
7925,4192.77
7926,5795.16
7927,5999.91
7928,5704.39
7929,5218.77
7930,5562.56
7931,5831.23
7932,5972.65
7933,6303.95
7934,6479.8
7935,6519.23
7936,5890.32
7937,5594.11
7938,5831.23
7939,4697.53
7940,4615.41
7941,5863.39
7942,5405.59
7943,5912.19
7944,5538.15
7945,5890.52
7946,4255.52
7947,6316.98
7948,5999.91
7949,5265.36
7950,5870.37
7951,13150.26
7952,5932.95
7953,5253.77
7954,5388.75
7955,5855.48
7956,4635.08
7957,5302.98
7958,5770.68
7959,6272.78
7960,5914.95
7961,12899.0
7962,5671.38
7963,5932.95
7964,5927.37
7965,5912.19
7966,6302.11
7967,5690.5
7968,9247.37
7969,5357.64
7970,6850.6
7971,5746.28
7972,6302.11
7973,5914.27
7974,5912.41
7975,5464.76
7976,4802.9
7977,5932.95
7978,6993.13
7979,6324.23
7980,6279.73
7981,5932.95
7982,5735.86
7983,6305.37
7984,8081.03
7985,5910.01
7986,5213.44
7987,6229.22
7988,5928.45
7989,6260.47
7990,5432.88
7991,5905.76
7992,5932.95
7993,5932.95
7994,6824.79
7995,6134.73
7996,6210.54
7997,5021.57
7998,14247.31
7999,5795.16
8000,5919.52
8001,6509.07
8002,6201.26
8003,6275.62
8004,5552.81
8005,6201.26
8006,6273.21
8007,6210.54
8008,5799.75
8009,6158.54
8010,4804.8
8011,4771.48
8012,5890.52
8013,5906.93
8014,4385.68
8015,5932.95
8016,4514.27
8017,4563.22
8018,5837.83
8019,7696.49
8020,6323.67
8021,5932.95
8022,5817.62
8023,5932.95
8024,6312.64
8025,6261.43
8026,5839.9
8027,4357.45
8028,4225.29
8029,5396.34
8030,6168.27
8031,5837.83
8032,3261.58
8033,5564.05
8034,6616.28
8035,5144.86
8036,4401.05
8037,6309.66
8038,6305.37
8039,9413.21
8040,6347.23
8041,5788.08
8042,3945.41
8043,5194.46
8044,6181.2
8045,4123.55
8046,5810.02
8047,4087.19
8048,6400.63
8049,6272.78
8050,8328.07
8051,5500.5
8052,5176.47
8053,5895.8
8054,6741.56
8055,6279.79
8056,5296.38
8057,5932.95
8058,6108.77
8059,7180.41
8060,5896.83
8061,6210.54
8062,6312.64
8063,6272.78
8064,6717.13
8065,6203.35
8066,12109.46
8067,5368.48
8068,6208.59
8069,5764.86
8070,7916.64
8071,3826.97
8072,4767.77
8073,6229.99
8074,5914.95
8075,5099.5
8076,5896.83
8077,6123.18
8078,5302.65
8079,5932.95
8080,6117.44
8081,5837.83
8082,5340.52
8083,7492.81
8084,4761.48
8085,5232.05
8086,5932.95
8087,4946.54
8088,5343.18
8089,5752.57
8090,4429.8
8091,5700.46
8092,5910.01
8093,5822.67
8094,4628.26
8095,6302.11
8096,5820.37
8097,6243.1
8098,5198.05
8099,5932.95
8100,5024.95
8101,6351.21
8102,5901.84
8103,4729.98
8104,5910.01
8105,5357.64
8106,5924.02
8107,6316.98
8108,6302.81
8109,8845.16
8110,6203.46
8111,6224.26
8112,6283.81
8113,8749.16
8114,6295.87
8115,4657.46
8116,5704.39
8117,5931.69
8118,4069.4
8119,4197.03
8120,6067.85
8121,5837.83
8122,5588.05
8123,4698.04
8124,2363.03
8125,5931.69
8126,5932.95
8127,6280.01
8128,5949.68
8129,5237.51
8130,6190.67
8131,4667.48
8132,5441.32
8133,4537.7
8134,4866.85
8135,5564.05
8136,5788.89
8137,6210.54
8138,16505.14
8139,4802.93
8140,5932.95
8141,5553.05
8142,4278.8
8143,4788.57
8144,5914.95
8145,5305.53
8146,5234.22
8147,5932.95
8148,4886.66
8149,6210.54
8150,3900.79
8151,5912.19
8152,5890.52
8153,6647.15
8154,8858.65
8155,5890.52
8156,5889.34
8157,4567.86
8158,4813.02
8159,13069.14
8160,8085.82
8161,6278.74
8162,5359.32
8163,5932.95
8164,5913.92
8165,5735.86
8166,6377.39
8167,4806.29
8168,5421.91
8169,6011.53
8170,5260.33
8171,5370.92
8172,4285.58
8173,5890.52
8174,5395.01
8175,3942.83
8176,4518.02
8177,5906.43
8178,8217.19
8179,5913.92
8180,6323.67
8181,4621.95
8182,5932.95
8183,5225.23
8184,5949.68
8185,5149.39
8186,6275.62
8187,4640.83
8188,6270.06
8189,6146.08
8190,5336.62
8191,5914.95
8192,5788.89
8193,5395.01
8194,4135.48
8195,5932.95
8196,5999.91
8197,5795.16
8198,6323.67
8199,5783.14
8200,4424.11
8201,6453.31
8202,6234.56
8203,8923.77
8204,4790.78
8205,6279.73
8206,4886.66
8207,5810.02
8208,5914.27
8209,5827.98
8210,3654.74
8211,5477.79
8212,5840.28
8213,5788.91
8214,4645.66
8215,6213.24
8216,6140.07
8217,6291.08
8218,6056.34
8219,4810.09
8220,6271.59
8221,5343.22
8222,5176.71
8223,5904.73
8224,5954.03
8225,5370.92
8226,4862.34
8227,7754.26
8228,5363.19
8229,5435.79
8230,4651.34
8231,5732.32
8232,5837.83
8233,5407.19
8234,6360.75
8235,5795.16
8236,5889.34
8237,5914.95
8238,5225.23
8239,4547.49
8240,5882.28
8241,4360.72
8242,7014.88
8243,6906.07
8244,5222.61
8245,5770.68
8246,4905.74
8247,4586.03
8248,5061.23
8249,5062.15
8250,5260.33
8251,6272.78
8252,4584.31
8253,5369.37
8254,4615.41
8255,8344.88
8256,5932.95
8257,5303.19
8258,4320.97
8259,5533.42
8260,4767.77
8261,5984.5
8262,5922.76
8263,5764.86
8264,5932.95
8265,6317.44
8266,6153.58
8267,5735.86
8268,5451.31
8269,6271.94
8270,5769.41
8271,6388.42
8272,14418.54
8273,4979.79
8274,4868.88
8275,5446.05
8276,6306.41
8277,5975.51
8278,5890.52
8279,6373.44
8280,6305.37
8281,4919.05
8282,5914.95
8283,5208.84
8284,4353.29
8285,5318.83
8286,3952.12
8287,4303.15
8288,5850.06
8289,13984.75
8290,6283.81
8291,6213.23
8292,5609.59
8293,5837.83
8294,6374.31
8295,4041.21
8296,7805.69
8297,6323.67
8298,6302.72
8299,6797.29
8300,11594.23
8301,5320.32
8302,5888.15
8303,3379.21
8304,5810.02
8305,5124.29
8306,5932.95
8307,4117.03
8308,5932.95
8309,4148.73
8310,4670.79
8311,5121.91
8312,5823.75
8313,6291.08
8314,6312.64
8315,5795.16
8316,5382.22
8317,5735.86
8318,4130.1
8319,6279.73
8320,4862.34
8321,6496.37
8322,5831.23
8323,4336.97
8324,5839.9
8325,5154.27
8326,4812.32
8327,5359.5
8328,5674.14
8329,5825.06
8330,5999.91
8331,6266.7
8332,5855.58
8333,5667.58
8334,4196.72
8335,4494.16
8336,4483.83
8337,5355.0
8338,6002.87
8339,5873.18
8340,6230.62
8341,6199.95
8342,4086.74
8343,6291.08
8344,5858.38
8345,10008.25
8346,5368.48
8347,5914.95
8348,4639.52
8349,6087.28
8350,6102.03
8351,7658.83
8352,4862.34
8353,5221.64
8354,5910.01
8355,5816.34
8356,5632.22
8357,6288.63
8358,4752.75
8359,5915.36
8360,3855.1
8361,6210.54
8362,4278.8
8363,5788.89
8364,5551.86
8365,4553.33
8366,6051.34
8367,6292.87
8368,4472.0
8369,5913.92
8370,6310.02
8371,4400.19
8372,6353.47
8373,5464.53
8374,6230.07
8375,5908.01
8376,6323.67
8377,5938.94
8378,6149.72
8379,5330.23
8380,6388.42
8381,5175.06
8382,6283.81
8383,3577.49
8384,5195.06
8385,5704.39
8386,6323.67
8387,5844.81
8388,6291.69
8389,5395.31
8390,5347.54
8391,4660.11
8392,7177.73
8393,5741.79
8394,5686.81
8395,6283.81
8396,6698.01
8397,4693.72
8398,5073.42
8399,6261.43
8400,4973.08
8401,6380.44
8402,5850.06
8403,5869.6
8404,5928.09
8405,5907.81
8406,4871.54
8407,6002.87
8408,6271.81
8409,6270.06
8410,5564.05
8411,4816.65
8412,5827.98
8413,5885.02
8414,5879.66
8415,5377.38
8416,5547.52
8417,5735.86
8418,4669.79
8419,4491.55
8420,5932.95
8421,5844.81
8422,5837.83
8423,6254.63
8424,5857.91
8425,5927.42
8426,5769.41
8427,5910.01
8428,6332.28
8429,5797.67
8430,5317.26
8431,5820.37
8432,4484.96
8433,4919.05
8434,5932.95
8435,6274.41
8436,6242.37
8437,6246.3
8438,4862.34
8439,5552.81
8440,7336.87
8441,5999.91
8442,5837.83
8443,6260.47
8444,5223.74
8445,5905.76
8446,4770.4
8447,5464.76
8448,6323.67
8449,5471.12
8450,7912.74
8451,6280.58
8452,8459.7
8453,5938.94
8454,5732.37
8455,3379.72
8456,6005.35
8457,5465.51
8458,5910.01
8459,6210.54
8460,4047.92
8461,5795.16
8462,5208.15
8463,4747.46
8464,5544.1
8465,4767.38
8466,5210.49
8467,4621.95
8468,4571.45
8469,5940.61
8470,4839.39
8471,5932.95
8472,4106.5
8473,5889.29
8474,5506.18
8475,5837.83
8476,6210.54
8477,6237.67
8478,4708.33
8479,4682.09
8480,5932.95
8481,5882.28
8482,5932.95
8483,4767.38
8484,8283.84
8485,5932.95
8486,4531.1
8487,5936.11
8488,7539.49
8489,6545.78
8490,6116.18
8491,3943.24
8492,4638.02
8493,10135.11
8494,4562.9
8495,4536.97
8496,5932.95
8497,5620.33
8498,5890.52
8499,6470.7
8500,5504.14
8501,5535.29
8502,4278.8
8503,5342.79
8504,6316.98
8505,4278.8
8506,5896.83
8507,4103.31
8508,5946.75
8509,6168.86
8510,5931.69
8511,6111.07
8512,5910.01
8513,5932.95
8514,6242.91
8515,6158.54
8516,6817.74
8517,5913.92
8518,6323.67
8519,5231.58
8520,6295.87
8521,8107.93
8522,4646.26
8523,6149.72
8524,6309.66
8525,5932.95
8526,6145.19
8527,5561.94
8528,5891.32
8529,5968.76
8530,3815.45
8531,4255.52
8532,5837.83
8533,5912.41
8534,5559.31
8535,5932.95
8536,5267.39
8537,5314.18
8538,6228.14
8539,4746.97
8540,5879.66
8541,6302.11
8542,11110.32
8543,5199.63
8544,5839.9
8545,9688.42
8546,8260.44
8547,4134.05
8548,6237.67
8549,5561.94
8550,5823.75
8551,4828.05
8552,4827.73
8553,5910.01
8554,4919.05
8555,5034.94
8556,4862.34
8557,7375.29
8558,6302.11
8559,18652.26
8560,5932.95
8561,5191.51
8562,5623.2
8563,6352.7
8564,5911.72
8565,6143.76
8566,5810.08
8567,5842.29
8568,5842.24
8569,3425.48
8570,4654.59
8571,5917.29
8572,6285.05
8573,5916.26
8574,5284.61
8575,4390.14
8576,4186.55
8577,5808.01
8578,5934.03
8579,6197.65
8580,7782.28
8581,6290.23
8582,5179.81
8583,6265.96
8584,4518.2
8585,8783.17
8586,5935.29
8587,5831.24
8588,5180.65
8589,5682.41
8590,5241.18
8591,5840.17
8592,7710.59
8593,5385.71
8594,5911.72
8595,4596.73
8596,6311.78
8597,4327.99
8598,6251.08
8599,5900.86
8600,5893.67
8601,5824.62
8602,6327.09
8603,5935.29
8604,5912.35
8605,4757.8
8606,6201.26
8607,4727.4
8608,8806.27
8609,5364.72
8610,6861.88
8611,5837.13
8612,5036.98
8613,6289.88
8614,5681.5
8615,4961.76
8616,4585.92
8617,5674.99
8618,6250.83
8619,6708.95
8620,5826.09
8621,6149.72
8622,6210.54
8623,5058.34
8624,5761.22
8625,6181.2
8626,6511.53
8627,4092.77
8628,5357.36
8629,5582.1
8630,5245.64
8631,4709.37
8632,5692.58
8633,6284.67
8634,5935.29
8635,4687.28
8636,6199.95
8637,5917.7
8638,4829.52
8639,5912.35
8640,5841.56
8641,6437.74
8642,6252.73
8643,6327.09
8644,5935.29
8645,5807.57
8646,6332.0
8647,5935.29
8648,5820.94
8649,6236.93
8650,6123.86
8651,5237.24
8652,6327.09
8653,5710.83
8654,5323.1
8655,4568.38
8656,5915.57
8657,5520.31
8658,4173.97
8659,3323.43
8660,5840.17
8661,5385.71
8662,5891.63
8663,5779.35
8664,6339.04
8665,5842.29
8666,4788.27
8667,5158.79
8668,5756.7
8669,6273.05
8670,6949.62
8671,5935.29
8672,6314.97
8673,5236.04
8674,6365.61
8675,6016.94
8676,5726.94
8677,6284.67
8678,5353.89
8679,6274.02
8680,5935.29
8681,5911.72
8682,6254.68
8683,6274.02
8684,5935.29
8685,4645.66
8686,4230.41
8687,5204.12
8688,6210.54
8689,4653.27
8690,4558.43
8691,6181.2
8692,6182.83
8693,5710.59
8694,5163.45
8695,6149.72
8696,5732.66
8697,5911.72
8698,5636.53
8699,5924.43
8700,6210.54
8701,6296.67
8702,3403.48
8703,6225.5
8704,4181.58
8705,5911.72
8706,4635.6
8707,4928.37
8708,5977.85
8709,5844.81
8710,4687.04
8711,8703.76
8712,6035.31
8713,5935.29
8714,6321.32
8715,5379.79
8716,6236.99
8717,4570.27
8718,5867.38
8719,6210.54
8720,5912.35
8721,3240.88
8722,6262.02
8723,5924.54
8724,5486.98
8725,4775.0
8726,6216.04
8727,5019.79
8728,5734.66
8729,5546.66
8730,4467.61
8731,6171.23
8732,5935.29
8733,5844.81
8734,6181.2
8735,5935.29
8736,5765.84
8737,6265.96
8738,5917.29
8739,6201.26
8740,6210.54
8741,4750.29
8742,6187.77
8743,4631.28
8744,5414.94
8745,5258.38
8746,6322.7
8747,5020.18
8748,7570.35
8749,6600.56
8750,6332.57
8751,6659.97
8752,6170.36
8753,5938.81
8754,15728.38
8755,8873.7
8756,5837.13
8757,3653.79
8758,4749.8
8759,7050.06
8760,5633.8
8761,12609.39
8762,11506.37
8763,5816.13
8764,4654.66
8765,6856.59
8766,5911.72
8767,7256.71
8768,5611.46
8769,6303.35
8770,0.0
8771,6363.25
8772,5935.29
8773,6292.32
8774,5954.83
8775,6031.53
8776,6271.21
8777,5369.38
8778,4579.04
8779,6181.2
8780,5454.34
8781,4192.77
8782,5816.35
8783,6021.1
8784,5725.58
8785,5266.31
8786,5557.11
8787,5852.42
8788,5993.85
8789,6314.06
8790,6479.8
8791,6518.49
8792,5892.66
8793,5603.85
8794,5852.42
8795,4681.0
8796,4609.96
8797,5863.39
8798,5422.82
8799,5914.54
8800,5538.15
8801,5911.72
8802,4250.07
8803,6327.09
8804,6021.1
8805,5304.63
8806,5872.71
8807,13216.34
8808,5935.29
8809,5253.77
8810,5405.98
8811,5876.67
8812,4635.08
8813,5305.32
8814,5773.03
8815,6274.02
8816,5917.29
8817,12920.35
8818,5671.38
8819,5935.29
8820,5929.71
8821,5914.54
8822,6303.35
8823,5690.5
8824,9247.37
8825,5342.12
8826,6850.6
8827,5764.85
8828,6303.35
8829,5916.61
8830,5886.87
8831,5481.99
8832,4797.45
8833,5935.29
8834,7037.66
8835,6324.23
8836,6278.99
8837,5935.29
8838,5757.05
8839,6296.67
8840,8718.09
8841,5912.35
8842,5245.64
8843,6228.48
8844,5930.79
8845,6259.73
8846,5463.34
8847,5908.1
8848,5935.29
8849,5935.29
8850,6863.34
8851,6133.99
8852,6210.54
8853,5055.01
8854,14441.75
8855,5816.35
8856,5921.86
8857,6509.07
8858,6201.26
8859,6274.88
8860,5552.81
8861,6201.26
8862,6264.51
8863,6210.54
8864,5820.94
8865,6158.54
8866,4788.27
8867,4766.03
8868,5911.72
8869,5909.27
8870,4385.68
8871,5935.29
8872,4508.82
8873,4563.22
8874,5840.17
8875,7764.78
8876,6314.97
8877,5935.29
8878,5817.62
8879,5935.29
8880,6303.94
8881,6260.69
8882,5842.24
8883,4357.45
8884,4225.29
8885,5407.11
8886,6169.52
8887,5840.17
8888,3261.58
8889,5564.05
8890,6616.28
8891,5162.1
8892,4401.05
8893,6300.96
8894,6296.67
8895,9459.22
8896,6357.34
8897,5839.44
8898,3945.41
8899,5211.7
8900,6181.2
8901,4123.55
8902,5810.02
8903,4087.19
8904,6407.41
8905,6274.02
8906,8328.07
8907,5517.74
8908,5198.76
8909,5898.14
8910,6742.81
8911,6279.05
8912,5296.38
8913,5935.29
8914,6108.77
8915,7277.41
8916,5899.17
8917,6210.54
8918,6303.94
8919,6274.02
8920,6718.38
8921,6202.61
8922,12109.46
8923,5385.71
8924,6207.85
8925,5764.86
8926,7916.64
8927,3826.97
8928,4751.24
8929,6240.09
8930,5917.29
8931,5132.94
8932,5899.17
8933,6122.44
8934,5302.65
8935,5935.29
8936,6139.85
8937,5840.17
8938,5357.76
8939,7492.81
8940,4761.48
8941,5215.52
8942,5935.29
8943,4946.54
8944,5390.72
8945,5752.57
8946,4429.8
8947,5722.87
8948,5912.35
8949,5825.01
8950,4622.81
8951,6303.35
8952,5841.56
8953,6185.81
8954,5208.81
8955,5935.29
8956,5006.68
8957,6352.46
8958,5904.18
8959,4713.44
8960,5912.35
8961,5342.12
8962,5926.37
8963,6327.09
8964,6294.11
8965,8863.69
8966,6213.57
8967,6225.5
8968,6285.05
8969,8749.16
8970,6297.12
8971,4657.46
8972,5725.58
8973,5934.03
8974,4069.4
8975,4197.03
8976,6067.85
8977,5840.17
8978,5588.05
8979,4692.59
8980,2357.56
8981,5934.03
8982,5935.29
8983,6271.31
8984,5950.93
8985,5237.51
8986,6189.93
8987,4662.03
8988,5480.59
8989,4537.7
8990,4866.85
8991,5564.05
8992,5810.08
8993,6210.54
8994,16505.14
8995,4802.93
8996,5935.29
8997,5553.05
8998,4273.35
8999,4788.57
9000,5917.29
9001,5305.53
9002,5238.28
9003,5935.29
9004,4886.66
9005,6210.54
9006,3900.79
9007,5914.54
9008,5911.72
9009,6647.15
9010,8858.65
9011,5911.72
9012,5889.34
9013,4567.86
9014,4855.9
9015,13109.09
9016,8085.82
9017,6270.04
9018,5361.66
9019,5935.29
9020,5916.26
9021,5757.05
9022,6378.64
9023,4815.22
9024,5407.65
9025,6011.53
9026,5277.56
9027,5393.21
9028,4285.58
9029,5911.72
9030,5456.28
9031,3970.38
9032,4512.57
9033,5908.78
9034,8241.16
9035,5916.26
9036,6314.97
9037,4621.95
9038,5935.29
9039,5233.3
9040,5950.93
9041,5143.94
9042,6274.88
9043,4640.83
9044,6271.31
9045,6147.33
9046,5336.62
9047,5917.29
9048,5810.08
9049,5456.28
9050,4135.48
9051,5935.29
9052,6021.1
9053,5816.35
9054,6314.97
9055,5785.48
9056,4407.58
9057,6621.77
9058,6223.24
9059,8935.09
9060,4790.78
9061,6278.99
9062,4886.66
9063,5810.02
9064,5916.61
9065,5830.32
9066,3654.74
9067,5477.79
9068,5842.63
9069,5810.1
9070,4645.66
9071,6212.5
9072,6140.07
9073,6292.32
9074,6128.43
9075,4793.55
9076,6270.85
9077,5362.86
9078,5210.15
9079,5907.07
9080,5956.37
9081,5393.21
9082,4895.78
9083,7839.09
9084,5410.09
9085,5475.06
9086,4651.34
9087,5734.66
9088,5840.17
9089,5407.19
9090,6352.05
9091,5816.35
9092,5889.34
9093,5917.29
9094,5233.3
9095,4547.49
9096,5884.62
9097,4360.72
9098,7034.71
9099,6923.3
9100,5241.18
9101,5773.03
9102,4905.74
9103,4580.59
9104,5061.23
9105,5056.7
9106,5277.56
9107,6274.02
9108,4584.31
9109,5389.02
9110,4609.96
9111,8344.88
9112,5935.29
9113,5342.46
9114,4320.97
9115,5533.42
9116,4751.24
9117,5986.85
9118,5925.1
9119,5764.86
9120,5935.29
9121,6308.74
9122,6163.69
9123,5757.05
9124,5470.96
9125,6271.21
9126,5779.15
9127,6389.66
9128,14542.24
9129,5027.32
9130,4852.35
9131,5454.97
9132,6297.71
9133,5977.85
9134,5911.72
9135,6364.74
9136,6296.67
9137,4919.05
9138,5917.29
9139,5212.9
9140,4347.84
9141,5336.07
9142,3979.67
9143,4303.15
9144,5852.4
9145,14042.34
9146,6285.05
9147,6214.48
9148,5609.59
9149,5840.17
9150,6365.61
9151,4041.21
9152,7835.59
9153,6314.97
9154,6303.97
9155,6796.55
9156,12018.47
9157,5320.32
9158,5909.34
9159,3430.49
9160,5810.02
9161,5124.29
9162,5935.29
9163,4117.03
9164,5935.29
9165,4148.73
9166,4654.26
9167,5121.91
9168,5826.09
9169,6292.32
9170,6303.94
9171,5816.35
9172,5401.87
9173,5757.05
9174,4130.1
9175,6278.99
9176,4895.78
9177,6497.62
9178,5852.42
9179,4363.05
9180,5842.24
9181,5188.0
9182,4795.79
9183,5343.99
9184,5674.14
9185,5846.25
9186,6021.1
9187,6265.96
9188,5855.58
9189,5688.77
9190,4196.72
9191,4503.06
9192,4483.83
9193,5355.0
9194,6005.21
9195,5875.52
9196,6240.73
9197,6199.95
9198,4086.74
9199,6292.32
9200,5858.38
9201,10046.12
9202,5385.71
9203,5917.29
9204,4634.07
9205,5983.54
9206,6102.03
9207,7658.83
9208,4895.78
9209,5238.88
9210,5912.35
9211,5820.46
9212,5634.56
9213,6289.88
9214,4752.75
9215,5917.7
9216,3855.1
9217,6210.54
9218,4273.35
9219,5810.08
9220,5569.1
9221,4569.91
9222,6051.34
9223,6294.11
9224,4455.47
9225,5916.26
9226,6320.13
9227,4400.19
9228,6344.77
9229,5481.77
9230,6240.18
9231,5910.35
9232,6314.97
9233,5941.28
9234,6149.72
9235,5347.47
9236,6389.66
9237,5179.12
9238,6285.05
9239,3577.49
9240,5203.13
9241,5725.58
9242,6314.97
9243,5844.81
9244,6292.94
9245,5379.79
9246,5364.77
9247,4654.66
9248,7208.68
9249,5760.36
9250,5686.81
9251,6285.05
9252,6734.83
9253,4677.19
9254,5067.97
9255,6260.69
9256,5020.01
9257,6379.7
9258,5852.4
9259,5869.6
9260,5928.09
9261,5907.81
9262,4904.98
9263,6005.21
9264,6273.05
9265,6271.31
9266,5564.05
9267,4800.12
9268,5830.32
9269,5885.02
9270,5900.86
9271,5399.66
9272,5547.52
9273,5757.05
9274,4664.34
9275,4491.55
9276,5935.29
9277,5844.81
9278,5840.17
9279,6253.89
9280,5857.91
9281,5929.76
9282,5779.15
9283,5912.35
9284,6333.53
9285,5797.67
9286,5321.31
9287,5841.56
9288,4518.37
9289,4919.05
9290,5935.29
9291,6265.7
9292,6242.37
9293,6256.41
9294,4895.78
9295,5552.81
9296,7480.72
9297,6021.1
9298,5840.17
9299,6259.73
9300,5223.74
9301,5908.1
9302,4803.84
9303,5481.99
9304,6314.97
9305,5471.12
9306,7905.11
9307,6280.58
9308,8483.67
9309,5941.28
9310,5734.71
9311,3379.72
9312,6016.3
9313,5533.8
9314,5912.35
9315,6210.54
9316,4047.92
9317,5816.35
9318,5179.81
9319,4747.46
9320,5527.57
9321,4767.38
9322,5218.56
9323,4621.95
9324,4571.45
9325,5961.8
9326,4872.83
9327,5935.29
9328,4106.5
9329,5891.63
9330,5506.18
9331,5840.17
9332,6210.54
9333,6236.93
9334,4690.83
9335,4671.04
9336,5935.29
9337,5884.62
9338,5935.29
9339,4767.38
9340,8283.84
9341,5935.29
9342,4514.57
9343,5938.45
9344,7539.49
9345,6545.78
9346,6115.44
9347,3970.79
9348,4682.69
9349,10135.11
9350,4581.47
9351,4564.53
9352,5935.29
9353,5620.33
9354,5911.72
9355,6470.7
9356,5498.69
9357,5535.29
9358,4273.35
9359,5411.96
9360,6327.09
9361,4273.35
9362,5899.17
9363,4103.31
9364,5949.09
9365,6168.86
9366,5934.03
9367,6132.26
9368,5912.35
9369,5935.29
9370,6242.17
9371,6158.54
9372,6817.74
9373,5916.26
9374,6314.97
9375,5220.34
9376,6297.12
9377,8163.93
9378,4646.26
9379,6149.72
9380,6300.96
9381,5935.29
9382,6190.05
9383,5561.94
9384,5893.67
9385,5971.1
9386,3856.03
9387,4250.07
9388,5840.17
9389,5886.87
9390,5581.59
9391,5935.29
9392,5285.96
9393,5314.18
9394,6227.4
9395,4741.52
9396,5900.86
9397,6303.35
9398,11110.32
9399,5203.69
9400,5842.24
9401,9787.0
9402,8260.44
9403,4134.05
9404,6236.93
9405,5561.94
9406,5826.09
9407,4867.86
9408,4827.73
9409,5912.35
9410,4919.05
9411,5052.18
9412,4910.48
9413,7405.13
9414,6303.35
9415,18652.26
9416,5935.29
9417,0.0
9418,0.0
9419,0.0
9420,0.0
9421,0.0
9422,0.0
9423,0.0
9424,0.0
9425,0.0
9426,0.0
9427,0.0
9428,0.0
9429,0.0
9430,0.0
9431,0.0
9432,0.0
9433,0.0
9434,0.0
9435,0.0
9436,0.0
9437,0.0
9438,0.0
9439,0.0
9440,0.0
9441,0.0
9442,0.0
9443,0.0
9444,0.0
9445,0.0
9446,0.0
9447,0.0
9448,0.0
9449,0.0
9450,0.0
9451,0.0
9452,0.0
9453,0.0
9454,0.0
9455,0.0
9456,0.0
9457,0.0
9458,0.0
9459,0.0
9460,0.0
9461,0.0
9462,0.0
9463,0.0
9464,0.0
9465,0.0
9466,0.0
9467,0.0
9468,0.0
9469,0.0
9470,0.0
9471,0.0
9472,0.0
9473,0.0
9474,0.0
9475,0.0
9476,0.0
9477,0.0
9478,0.0
9479,0.0
9480,0.0
9481,0.0
9482,0.0
9483,0.0
9484,0.0
9485,0.0
9486,0.0
9487,0.0
9488,0.0
9489,0.0
9490,0.0
9491,0.0
9492,0.0
9493,0.0
9494,0.0
9495,0.0
9496,0.0
9497,0.0
9498,0.0
9499,0.0
9500,0.0
9501,0.0
9502,0.0
9503,0.0
9504,0.0
9505,0.0
9506,0.0
9507,0.0
9508,2918.2
9509,0.0
9510,0.0
9511,0.0
9512,0.0
9513,0.0
9514,0.0
9515,0.0
9516,0.0
9517,0.0
9518,0.0
9519,0.0
9520,0.0
9521,0.0
9522,0.0
9523,0.0
9524,0.0
9525,0.0
9526,0.0
9527,0.0
9528,0.0
9529,0.0
9530,0.0
9531,0.0
9532,0.0
9533,0.0
9534,0.0
9535,0.0
9536,0.0
9537,0.0
9538,0.0
9539,0.0
9540,0.0
9541,0.0
9542,0.0
9543,0.0
9544,0.0
9545,0.0
9546,0.0
9547,0.0
9548,0.0
9549,0.0
9550,0.0
9551,0.0
9552,0.0
9553,0.0
9554,0.0
9555,0.0
9556,0.0
9557,0.0
9558,0.0
9559,0.0
9560,0.0
9561,0.0
9562,0.0
9563,0.0
9564,0.0
9565,0.0
9566,0.0
9567,0.0
9568,0.0
9569,0.0
9570,0.0
9571,0.0
9572,0.0
9573,0.0
9574,0.0
9575,0.0
9576,2226.22
9577,0.0
9578,0.0
9579,0.0
9580,0.0
9581,0.0
9582,0.0
9583,0.0
9584,0.0
9585,0.0
9586,0.0
9587,0.0
9588,0.0
9589,0.0
9590,0.0
9591,0.0
9592,0.0
9593,0.0
9594,0.0
9595,0.0
9596,0.0
9597,0.0
9598,0.0
9599,0.0
9600,0.0
9601,0.0
9602,0.0
9603,0.0
9604,0.0
9605,0.0
9606,0.0
9607,0.0
9608,0.0
9609,0.0
9610,0.0
9611,0.0
9612,0.0
9613,0.0
9614,0.0
9615,0.0
9616,0.0
9617,15096.17
9618,13313.4
9619,0.0
9620,0.0
9621,0.0
9622,0.0
9623,0.0
9624,0.0
9625,0.0
9626,7337.06
9627,0.0
9628,0.0
9629,0.0
9630,0.0
9631,0.0
9632,0.0
9633,0.0
9634,0.0
9635,0.0
9636,0.0
9637,0.0
9638,0.0
9639,0.0
9640,0.0
9641,0.0
9642,0.0
9643,0.0
9644,0.0
9645,2938.65
9646,0.0
9647,0.0
9648,0.0
9649,0.0
9650,0.0
9651,0.0
9652,0.0
9653,0.0
9654,0.0
9655,2773.68
9656,0.0
9657,0.0
9658,0.0
9659,0.0
9660,0.0
9661,0.0
9662,0.0
9663,0.0
9664,0.0
9665,0.0
9666,0.0
9667,0.0
9668,0.0
9669,0.0
9670,0.0
9671,0.0
9672,0.0
9673,9096.35
9674,0.0
9675,0.0
9676,0.0
9677,0.0
9678,0.0
9679,0.0
9680,0.0
9681,0.0
9682,0.0
9683,0.0
9684,0.0
9685,0.0
9686,0.0
9687,0.0
9688,0.0
9689,0.0
9690,8064.83
9691,0.0
9692,0.0
9693,0.0
9694,0.0
9695,0.0
9696,0.0
9697,0.0
9698,0.0
9699,0.0
9700,0.0
9701,0.0
9702,0.0
9703,0.0
9704,0.0
9705,0.0
9706,0.0
9707,0.0
9708,0.0
9709,0.0
9710,0.0
9711,0.0
9712,0.0
9713,0.0
9714,0.0
9715,0.0
9716,0.0
9717,0.0
9718,0.0
9719,0.0
9720,0.0
9721,0.0
9722,0.0
9723,0.0
9724,0.0
9725,0.0
9726,0.0
9727,0.0
9728,0.0
9729,0.0
9730,0.0
9731,0.0
9732,0.0
9733,0.0
9734,0.0
9735,0.0
9736,0.0
9737,0.0
9738,0.0
9739,0.0
9740,0.0
9741,0.0
9742,0.0
9743,0.0
9744,0.0
9745,0.0
9746,0.0
9747,0.0
9748,0.0
9749,0.0
9750,0.0
9751,0.0
9752,2332.37
9753,0.0
9754,0.0
9755,0.0
9756,0.0
9757,0.0
9758,0.0
9759,0.0
9760,0.0
9761,0.0
9762,0.0
9763,0.0
9764,0.0
9765,0.0
9766,3586.71
9767,0.0
9768,0.0
9769,0.0
9770,0.0
9771,0.0
9772,0.0
9773,0.0
9774,0.0
9775,0.0
9776,0.0
9777,0.0
9778,0.0
9779,0.0
9780,0.0
9781,0.0
9782,0.0
9783,0.0
9784,0.0
9785,0.0
9786,0.0
9787,0.0
9788,0.0
9789,0.0
9790,0.0
9791,0.0
9792,0.0
9793,0.0
9794,0.0
9795,0.0
9796,0.0
9797,0.0
9798,0.0
9799,0.0
9800,0.0
9801,0.0
9802,0.0
9803,0.0
9804,0.0
9805,0.0
9806,0.0
9807,0.0
9808,0.0
9809,7130.55
9810,0.0
9811,0.0
9812,0.0
9813,0.0
9814,0.0
9815,0.0
9816,0.0
9817,0.0
9818,0.0
9819,3010.2
9820,0.0
9821,0.0
9822,0.0
9823,3559.99
9824,0.0
9825,0.0
9826,0.0
9827,0.0
9828,0.0
9829,0.0
9830,0.0
9831,0.0
9832,0.0
9833,0.0
9834,0.0
9835,0.0
9836,0.0
9837,0.0
9838,0.0
9839,0.0
9840,0.0
9841,0.0
9842,0.0
9843,0.0
9844,0.0
9845,0.0
9846,0.0
9847,0.0
9848,0.0
9849,0.0
9850,18699.55
9851,0.0
9852,0.0
9853,0.0
9854,0.0
9855,0.0
9856,0.0
9857,0.0
9858,0.0
9859,0.0
9860,0.0
9861,0.0
9862,0.0
9863,0.0
9864,6160.97
9865,0.0
9866,0.0
9867,0.0
9868,0.0
9869,0.0
9870,0.0
9871,0.0
9872,0.0
9873,0.0
9874,0.0
9875,0.0
9876,0.0
9877,0.0
9878,0.0
9879,0.0
9880,0.0
9881,0.0
9882,0.0
9883,0.0
9884,0.0
9885,0.0
9886,0.0
9887,0.0
9888,0.0
9889,0.0
9890,0.0
9891,0.0
9892,0.0
9893,0.0
9894,0.0
9895,0.0
9896,0.0
9897,0.0
9898,0.0
9899,0.0
9900,0.0
9901,0.0
9902,0.0
9903,0.0
9904,0.0
9905,0.0
9906,0.0
9907,0.0
9908,0.0
9909,0.0
9910,0.0
9911,0.0
9912,0.0
9913,0.0
9914,0.0
9915,0.0
9916,0.0
9917,0.0
9918,0.0
9919,0.0
9920,0.0
9921,0.0
9922,0.0
9923,0.0
9924,0.0
9925,0.0
9926,0.0
9927,0.0
9928,0.0
9929,0.0
9930,0.0
9931,0.0
9932,0.0
9933,0.0
9934,0.0
9935,0.0
9936,0.0
9937,0.0
9938,0.0
9939,12524.78
9940,0.0
9941,0.0
9942,0.0
9943,0.0
9944,0.0
9945,0.0
9946,0.0
9947,0.0
9948,0.0
9949,0.0
9950,0.0
9951,0.0
9952,0.0
9953,0.0
9954,0.0
9955,0.0
9956,0.0
9957,0.0
9958,0.0
9959,0.0
9960,0.0
9961,0.0
9962,0.0
9963,0.0
9964,0.0
9965,0.0
9966,0.0
9967,0.0
9968,0.0
9969,0.0
9970,0.0
9971,0.0
9972,0.0
9973,0.0
9974,0.0
9975,0.0
9976,0.0
9977,0.0
9978,0.0
9979,0.0
9980,0.0
9981,0.0
9982,0.0
9983,3482.66
9984,16160.68
9985,0.0
9986,0.0
9987,0.0
9988,0.0
9989,0.0
9990,0.0
9991,0.0
9992,0.0
9993,0.0
9994,0.0
9995,0.0
9996,0.0
9997,0.0
9998,0.0
9999,0.0
10000,0.0
10001,0.0
10002,0.0
10003,0.0
10004,0.0
10005,0.0
10006,0.0
10007,0.0
10008,0.0
10009,0.0
10010,0.0
10011,0.0
10012,12462.67
10013,0.0
10014,0.0
10015,0.0
10016,0.0
10017,0.0
10018,0.0
10019,0.0
10020,0.0
10021,0.0
10022,0.0
10023,0.0
10024,0.0
10025,0.0
10026,0.0
10027,0.0
10028,0.0
10029,0.0
10030,0.0
10031,0.0
10032,0.0
10033,0.0
10034,0.0
10035,0.0
10036,0.0
10037,0.0
10038,0.0
10039,0.0
10040,0.0
10041,0.0
10042,0.0
10043,0.0
10044,0.0
10045,0.0
10046,0.0
10047,0.0
10048,0.0
10049,0.0
10050,0.0
10051,0.0
10052,0.0
10053,0.0
10054,0.0
10055,0.0
10056,0.0
10057,0.0
10058,0.0
10059,0.0
10060,0.0
10061,0.0
10062,0.0
10063,0.0
10064,0.0
10065,0.0
10066,0.0
10067,0.0
10068,0.0
10069,0.0
10070,0.0
10071,0.0
10072,0.0
10073,0.0
10074,0.0
10075,0.0
10076,0.0
10077,0.0
10078,0.0
10079,0.0
10080,0.0
10081,0.0
10082,2400.56
10083,0.0
10084,0.0
10085,0.0
10086,2191.23
10087,0.0
10088,0.0
10089,0.0
10090,0.0
10091,0.0
10092,0.0
10093,0.0
10094,0.0
10095,0.0
10096,0.0
10097,0.0
10098,0.0
10099,0.0
10100,0.0
10101,0.0
10102,0.0
10103,0.0
10104,0.0
10105,0.0
10106,0.0
10107,0.0
10108,0.0
10109,0.0
10110,0.0
10111,0.0
10112,0.0
10113,0.0
10114,0.0
10115,0.0
10116,0.0
10117,0.0
10118,0.0
10119,0.0
10120,0.0
10121,0.0
10122,0.0
10123,0.0
10124,0.0
10125,0.0
10126,0.0
10127,0.0
10128,0.0
10129,0.0
10130,0.0
10131,0.0
10132,0.0
10133,0.0
10134,0.0
10135,0.0
10136,0.0
10137,2753.14
10138,0.0
10139,0.0
10140,0.0
10141,0.0
10142,0.0
10143,0.0
10144,0.0
10145,0.0
10146,0.0
10147,0.0
10148,0.0
10149,0.0
10150,0.0
10151,0.0
10152,12232.6
10153,0.0
10154,0.0
10155,0.0
10156,0.0
10157,0.0
10158,0.0
10159,0.0
10160,0.0
10161,0.0
10162,0.0
10163,0.0
10164,0.0
10165,0.0
10166,0.0
10167,0.0
10168,0.0
10169,0.0
10170,0.0
10171,0.0
10172,0.0
10173,0.0
10174,0.0
10175,0.0
10176,0.0
10177,0.0
10178,0.0
10179,0.0
10180,0.0
10181,0.0
10182,0.0
10183,0.0
10184,0.0
10185,0.0
10186,0.0
10187,0.0
10188,0.0
10189,0.0
10190,0.0
10191,0.0
10192,0.0
10193,0.0
10194,0.0
10195,0.0
10196,0.0
10197,0.0
10198,0.0
10199,0.0
10200,0.0
10201,0.0
10202,0.0
10203,0.0
10204,0.0
10205,0.0
10206,0.0
10207,0.0
10208,0.0
10209,0.0
10210,0.0
10211,0.0
10212,0.0
10213,0.0
10214,0.0
10215,0.0
10216,2871.12
10217,0.0
10218,0.0
10219,0.0
10220,0.0
10221,0.0
10222,0.0
10223,0.0
10224,0.0
10225,0.0
10226,0.0
10227,0.0
10228,0.0
10229,0.0
10230,0.0
10231,0.0
10232,0.0
10233,0.0
10234,0.0
10235,0.0
10236,0.0
10237,0.0
10238,0.0
10239,0.0
10240,0.0
10241,0.0
10242,0.0
10243,0.0
10244,0.0
10245,0.0
10246,0.0
10247,0.0
10248,0.0
10249,0.0
10250,0.0
10251,0.0
10252,0.0
10253,0.0
10254,0.0
10255,0.0
10256,0.0
10257,12871.0
10258,7676.49
10259,0.0
10260,0.0
10261,0.0
10262,0.0
10263,0.0
10264,0.0
10265,0.0
10266,0.0
10267,0.0
10268,0.0
10269,0.0
10270,0.0
10271,0.0
10272,0.0
10273,5132.48
10274,4416.26
10275,5995.0
10276,4745.11
10277,5926.35
10278,4622.35
10279,5432.42
10280,5265.9
10281,4503.61
10282,4458.21
10283,6324.65
10284,6044.21
10285,5237.69
10286,5224.8
10287,4943.57
10288,3966.89
10289,4544.34
10290,5721.35
10291,6197.65
10292,7019.87
10293,6402.92
10294,5264.21
10295,6208.2
10296,4075.32
10297,8783.17
10298,6435.88
10299,5186.66
10300,6215.39
10301,4151.05
10302,5367.28
10303,6360.52
10304,7710.59
10305,5644.61
10306,6178.69
10307,4776.79
10308,6125.0
10309,4567.72
10310,6251.69
10311,6246.86
10312,5486.79
10313,6289.26
10314,5995.0
10315,6443.37
10316,5059.03
10317,4794.68
10318,5264.62
10319,5896.65
10320,9516.39
10321,5610.01
10322,6255.44
10323,6019.57
10324,5248.51
10325,6322.98
10326,4428.35
10327,3974.48
10328,3758.45
10329,5674.99
10330,6183.4
10331,6531.52
10332,6410.46
10333,5210.37
10334,6557.12
10335,4456.47
10336,4451.57
10337,5210.37
10338,6227.48
10339,4086.39
10340,4512.71
10341,5582.1
10342,5017.06
10343,5299.97
10344,4564.72
10345,6311.5
10346,5509.08
10347,5216.36
10348,6446.86
10349,6369.42
10350,4760.29
10351,4983.31
10352,4622.35
10353,6530.54
10354,6013.87
10355,5995.0
10356,6316.85
10357,4553.51
10358,6298.7
10359,6453.49
10360,4797.78
10361,6208.76
10362,5906.46
10363,5457.57
10364,5995.0
10365,4582.79
10366,5499.78
10367,4704.97
10368,6367.29
10369,5051.5
10370,4173.97
10371,3204.15
10372,6360.52
10373,5644.61
10374,5371.29
10375,5549.17
10376,4522.8
10377,5366.26
10378,5231.29
10379,4411.27
10380,6372.11
10381,6014.52
10382,6680.65
10383,6313.81
10384,6339.16
10385,5128.87
10386,6272.62
10387,4992.66
10388,4581.91
10389,6311.5
10390,6252.84
10391,6033.18
10392,6431.68
10393,6201.67
10394,6267.82
10395,6033.18
10396,6443.37
10397,4513.72
10398,3728.28
10399,5403.65
10400,4903.75
10401,4600.67
10402,4435.7
10403,5231.1
10404,6460.23
10405,4874.36
10406,5352.67
10407,5111.26
10408,5724.14
10409,6464.03
10410,4392.44
10411,6360.52
10412,4903.75
10413,6339.72
10414,3397.91
10415,5985.94
10416,4183.42
10417,6537.21
10418,4503.66
10419,4925.61
10420,7081.79
10421,5844.81
10422,5113.01
10423,11061.37
10424,6691.67
10425,6412.52
10426,4890.45
10427,5445.93
10428,6273.13
10429,4184.38
10430,5200.86
10431,5199.94
10432,4509.65
10433,3166.98
10434,6003.49
10435,6382.78
10436,5520.8
10437,5044.7
10438,6232.57
10439,5246.24
10440,4772.78
10441,4411.93
10442,4432.92
10443,6116.68
10444,6316.85
10445,5844.81
10446,5231.1
10447,6360.9
10448,5678.17
10449,6208.2
10450,6346.43
10451,5264.62
10452,6429.14
10453,4212.26
10454,6025.53
10455,4914.18
10456,5605.05
10457,5520.08
10458,5838.54
10459,4999.94
10460,7599.89
10461,7369.29
10462,6620.71
10463,6659.97
10464,6138.75
10465,6863.09
10466,17600.37
10467,8905.13
10468,6019.57
10469,3737.5
10470,5933.57
10471,7447.03
10472,4464.42
10473,10254.06
10474,11077.43
10475,5423.99
10476,4429.61
10477,8176.51
10478,4768.77
10479,7117.38
10480,4404.52
10481,6027.95
10482,4735.66
10483,6757.45
10484,6316.85
10485,6016.92
10486,6427.76
10487,6004.21
10488,6242.26
10489,5092.45
10490,4629.26
10491,5231.1
10492,5389.13
10493,4183.42
10494,4766.45
10495,4637.78
10496,4622.35
10497,5282.83
10498,4389.83
10499,4786.14
10500,5820.21
10501,6183.4
10502,6594.0
10503,6221.11
10504,6435.99
10505,4433.88
10506,4784.5
10507,5203.85
10508,4224.07
10509,5885.53
10510,5647.55
10511,5235.97
10512,5529.63
10513,6160.97
10514,3759.84
10515,5995.0
10516,7285.77
10517,5496.25
10518,5417.31
10519,12104.97
10520,6269.47
10521,4935.04
10522,5442.61
10523,4622.35
10524,4514.33
10525,4931.37
10526,4772.78
10527,6033.18
10528,6346.43
10529,9389.09
10530,5671.38
10531,6267.97
10532,5345.39
10533,5235.97
10534,6027.95
10535,5690.5
10536,10052.41
10537,5395.55
10538,6825.97
10539,5815.37
10540,6027.95
10541,6285.09
10542,4980.37
10543,5706.36
10544,4289.74
10545,6346.34
10546,6583.96
10547,6588.37
10548,6005.57
10549,6238.61
10550,4622.35
10551,6339.72
10552,8150.74
10553,4048.9
10554,5017.06
10555,6200.32
10556,6442.39
10557,6201.97
10558,5698.1
10559,6410.46
10560,6412.52
10561,6360.9
10562,7218.25
10563,5918.57
10564,5967.04
10565,6226.02
10566,17188.73
10567,5087.7
10568,6452.42
10569,6525.59
10570,5264.62
10571,6001.46
10572,5630.4
10573,5264.62
10574,6273.13
10575,6557.12
10576,4797.78
10577,5332.44
10578,5231.29
10579,4245.76
10580,4768.77
10581,5248.68
10582,4292.59
10583,6342.2
10584,4166.62
10585,4675.5
10586,6360.52
10587,7299.63
10588,6339.16
10589,6346.34
10590,5350.38
10591,6346.34
10592,6295.49
10593,6021.83
10594,5265.9
10595,4124.51
10596,4728.34
10597,6485.79
10598,5928.67
10599,6360.52
10600,2998.77
10601,5564.05
10602,7091.42
10603,5247.55
10604,4813.81
10605,6279.97
10606,6339.72
10607,7138.32
10608,6025.25
10609,4652.68
10610,3765.85
10611,5498.19
10612,5801.1
10613,4120.74
10614,5810.02
10615,3974.97
10616,6412.15
10617,6033.18
10618,7706.93
10619,5885.2
10620,4499.79
10621,5455.18
10622,6505.4
10623,6250.1
10624,5285.8
10625,5518.33
10626,6519.66
10627,6127.38
10628,6452.42
10629,5111.26
10630,6295.49
10631,6033.18
10632,6304.36
10633,6201.97
10634,15001.92
10635,5644.61
10636,6236.03
10637,5764.86
10638,7916.64
10639,3817.63
10640,4946.88
10641,5958.11
10642,6274.01
10643,4588.71
10644,6452.42
10645,5889.41
10646,5285.2
10647,6346.34
10648,5456.01
10649,6360.52
10650,5616.66
10651,7450.92
10652,4673.0
10653,5115.88
10654,6277.01
10655,4730.96
10656,5237.78
10657,5796.71
10658,4373.3
10659,5094.02
10660,5279.87
10661,5248.68
10662,4257.97
10663,6027.95
10664,4622.35
10665,5733.5
10666,5469.53
10667,6360.9
10668,4826.0
10669,6066.44
10670,6362.43
10671,5238.74
10672,4983.31
10673,5386.18
10674,6454.48
10675,5995.0
10676,6273.13
10677,8553.99
10678,6144.96
10679,5985.94
10680,6044.21
10681,8764.84
10682,6037.42
10683,4827.95
10684,4637.78
10685,5730.66
10686,4051.84
10687,4414.8
10688,6061.48
10689,6360.52
10690,5579.52
10691,4216.01
10692,1965.85
10693,5742.52
10694,6238.61
10695,6279.92
10696,5680.46
10697,7147.54
10698,5974.51
10699,4257.97
10700,6653.36
10701,4521.78
10702,4937.62
10703,5564.05
10704,4775.6
10705,6476.6
10706,13882.98
10707,4700.84
10708,6346.34
10709,5424.09
10710,3821.55
10711,4529.98
10712,6284.1
10713,5289.61
10714,6871.49
10715,6282.96
10716,4774.72
10717,6429.14
10718,3661.22
10719,5235.97
10720,6160.97
10721,7480.57
10722,8759.83
10723,4745.11
10724,5889.34
10725,4629.26
10726,4780.48
10727,15999.21
10728,8870.98
10729,6251.69
10730,3278.96
10731,6396.98
10732,5237.69
10733,4622.35
10734,6055.41
10735,4745.87
10736,5326.76
10737,6032.39
10738,5346.28
10739,4439.26
10740,4267.57
10741,6178.69
10742,5624.12
10743,3444.01
10744,4170.37
10745,6462.02
10746,7852.27
10747,5512.45
10748,6339.16
10749,4484.42
10750,6346.34
10751,5195.05
10752,5662.27
10753,4538.64
10754,6001.46
10755,4512.46
10756,6269.97
10757,5929.93
10758,5338.57
10759,6274.01
10760,4775.6
10761,5779.75
10762,4124.3
10763,6360.9
10764,7009.65
10765,4420.03
10766,6339.16
10767,4884.65
10768,5025.87
10769,6175.17
10770,7376.31
10771,9597.04
10772,4781.48
10773,6005.57
10774,4774.72
10775,5810.02
10776,6419.8
10777,6452.42
10778,3708.75
10779,6015.67
10780,6106.51
10781,5023.15
10782,4513.72
10783,6224.79
10784,6144.56
10785,6016.92
10786,5437.92
10787,5216.34
10788,6256.88
10789,5284.36
10790,4777.93
10791,5244.74
10792,5587.64
10793,4439.26
10794,3946.3
10795,6695.48
10796,5790.95
10797,6362.72
10798,4955.53
10799,4772.78
10800,6360.52
10801,5389.75
10802,6409.3
10803,4672.18
10804,5889.34
10805,6274.01
10806,5195.05
10807,4547.12
10808,5668.69
10809,4246.24
10810,7011.53
10811,7768.68
10812,5367.28
10813,4772.78
10814,5028.9
10815,4247.45
10816,5012.07
10817,4430.59
10818,5346.28
10819,6033.18
10820,4651.5
10821,5436.1
10822,4224.07
10823,8186.29
10824,5357.78
10825,5419.36
10826,4678.33
10827,4893.66
10828,4989.85
10829,5313.54
10830,6108.87
10831,5764.86
10832,6434.29
10833,6332.93
10834,6116.68
10835,4622.35
10836,5490.24
10837,6242.26
10838,4934.29
10839,6066.44
10840,15309.18
10841,4910.93
10842,5312.71
10843,5090.75
10844,6289.26
10845,7062.59
10846,6246.86
10847,6388.93
10848,6339.72
10849,4807.11
10850,6427.83
10851,5251.03
10852,3731.73
10853,5548.08
10854,3486.8
10855,4073.3
10856,6452.42
10857,17814.96
10858,6044.21
10859,5974.91
10860,5254.4
10861,6360.52
10862,6282.57
10863,1924.29
10864,6966.31
10865,6339.16
10866,6028.56
10867,6579.82
10868,12402.3
10869,4827.94
10870,3532.54
10871,3588.72
10872,5810.02
10873,4845.64
10874,6453.49
10875,4117.03
10876,6239.07
10877,4099.18
10878,5043.96
10879,5104.46
10880,6442.39
10881,6016.92
10882,6295.49
10883,4637.78
10884,5333.96
10885,4490.33
10886,4140.31
10887,6005.57
10888,3984.93
10889,6256.78
10890,5223.29
10891,3712.81
10892,5265.9
10893,5002.31
10894,5218.58
10895,5310.01
10896,5815.01
10897,4637.78
10898,5462.15
10899,6208.2
10900,5855.58
10901,4541.33
10902,4179.16
10903,4463.82
10904,4485.67
10905,5149.59
10906,5409.47
10907,5498.57
10908,5973.33
10909,3214.2
10910,4033.09
10911,6016.92
10912,5858.38
10913,8872.86
10914,5644.61
10915,6299.71
10916,4283.52
10917,5568.55
10918,4493.05
10919,8168.65
10920,3780.82
10921,5578.12
10922,5088.85
10923,7033.69
10924,5212.35
10925,6322.98
10926,4680.8
10927,6369.42
10928,3688.47
10929,6013.08
10930,3821.55
10931,4775.6
10932,5926.85
10933,4197.74
10934,7029.27
10935,6263.18
10936,4735.79
10937,5342.0
10938,6025.25
10939,4157.34
10940,6387.83
10941,5706.36
10942,6146.73
10943,6442.39
10944,6339.16
10945,6179.5
10946,5210.37
10947,5325.49
10948,6066.44
10949,4660.89
10950,6044.21
10951,2903.43
10952,5164.89
10953,4622.35
10954,6339.16
10955,5844.81
10956,6017.53
10957,5445.93
10958,5608.51
10959,4429.61
10960,7252.94
10961,5810.89
10962,5671.38
10963,6044.21
10964,6861.36
10965,5200.04
10966,4682.7
10967,6021.83
10968,5532.41
10969,6311.31
10970,6452.42
10971,5869.6
10972,5928.09
10973,7051.84
10974,3810.85
10975,5409.47
10976,6014.52
10977,6269.97
10978,5564.05
10979,5521.06
10980,6452.42
10981,5869.6
10982,4759.86
10983,4459.06
10984,5541.14
10985,6584.18
10986,4187.76
10987,4614.31
10988,6443.37
10989,5844.81
10990,6360.52
10991,6015.04
10992,5898.33
10993,5381.9
10994,4934.29
10995,5056.97
10996,6047.51
10997,6043.37
10998,5845.45
10999,4622.35
11000,5953.68
11001,4807.11
11002,6346.34
11003,6311.5
11004,8076.52
11005,5972.14
11006,3957.42
11007,5630.4
11008,6636.83
11009,4375.96
11010,6360.52
11011,6201.97
11012,5224.83
11013,6410.46
11014,4308.03
11015,5706.36
11016,6339.16
11017,5471.12
11018,9416.74
11019,6280.58
11020,7841.79
11021,6179.5
11022,4772.83
11023,2818.57
11024,5958.86
11025,5378.58
11026,5026.28
11027,5111.26
11028,4038.74
11029,4637.78
11030,5264.21
11031,4774.05
11032,5324.88
11033,4665.28
11034,5164.89
11035,4484.42
11036,5251.61
11037,4622.35
11038,4346.17
11039,6412.52
11040,4088.94
11041,5229.31
11042,5247.65
11043,6360.52
11044,5111.26
11045,6208.76
11046,4752.83
11047,3946.91
11048,6412.52
11049,5635.19
11050,6444.45
11051,4665.28
11052,8125.25
11053,6277.01
11054,4971.02
11055,6491.7
11056,7701.72
11057,6580.99
11058,6067.67
11059,3312.58
11060,5238.47
11061,10231.76
11062,4706.2
11063,4509.63
11064,6322.49
11065,5620.33
11066,6113.93
11067,7183.92
11068,4856.26
11069,5724.57
11070,3821.55
11071,6006.23
11072,5995.0
11073,3821.55
11074,6452.42
11075,4070.01
11076,6147.86
11077,6185.38
11078,5615.53
11079,5053.09
11080,4391.57
11081,6346.34
11082,6214.01
11083,5332.44
11084,7728.65
11085,5542.3
11086,6339.16
11087,5203.12
11088,6021.71
11089,8140.92
11090,4514.33
11091,5210.37
11092,6279.97
11093,6346.34
11094,6369.85
11095,5555.57
11096,5464.45
11097,5311.06
11098,3640.47
11099,3759.84
11100,6336.79
11101,4980.37
11102,5112.78
11103,6333.74
11104,5302.48
11105,5035.57
11106,6199.24
11107,4257.97
11108,5400.74
11109,6027.95
11110,12406.15
11111,5250.3
11112,5265.9
11113,8797.03
11114,8281.51
11115,4136.05
11116,6208.76
11117,5555.57
11118,6451.43
11119,4663.07
11120,5135.82
11121,5328.15
11122,4807.11
11123,4822.78
11124,3803.98
11125,7820.28
11126,6027.95
11127,21655.23
11128,6346.34
11129,7353.66
11130,7673.13
11131,8549.01
11132,8407.72
11133,7799.47
11134,7260.21
11135,7650.69
11136,7569.02
11137,6879.41
11138,6535.07
11139,7706.4
11140,8168.89
11141,7585.42
11142,6717.75
11143,6359.91
11144,6555.33
11145,8174.31
11146,7693.71
11147,10256.78
11148,8876.38
11149,7833.14
11150,7827.1
11151,7983.82
11152,7029.23
11153,10402.77
11154,7746.34
11155,7604.25
11156,7375.55
11157,7302.89
11158,7027.58
11159,7624.66
11160,10467.13
11161,7263.02
11162,7691.91
11163,6503.71
11164,8861.91
11165,6914.35
11166,8142.56
11167,8259.67
11168,7737.99
11169,7633.32
11170,8275.61
11171,7690.58
11172,7664.2
11173,7444.68
11174,7882.69
11175,6775.01
11176,10928.59
11177,7198.86
11178,9278.36
11179,7739.71
11180,6709.04
11181,8078.5
11182,7966.57
11183,6571.44
11184,9032.07
11185,7443.38
11186,7929.15
11187,9340.31
11188,7669.54
11189,7721.0
11190,8496.55
11191,6691.31
11192,8973.24
11193,7865.85
11194,8185.26
11195,6556.48
11196,6680.43
11197,8631.73
11198,7124.54
11199,7656.21
11200,7527.55
11201,8186.47
11202,7857.01
11203,6511.82
11204,8312.63
11205,7600.92
11206,8422.37
11207,7604.92
11208,7436.89
11209,7705.63
11210,8049.31
11211,8211.25
11212,7620.42
11213,7375.55
11214,8568.68
11215,7679.7
11216,7366.41
11217,7984.18
11218,7810.68
11219,6729.0
11220,8264.17
11221,7334.31
11222,6732.45
11223,6549.96
11224,7580.22
11225,7124.54
11226,6529.11
11227,6577.22
11228,7616.99
11229,7263.02
11230,7590.19
11231,6683.85
11232,6759.66
11233,7658.36
11234,6687.23
11235,7334.31
11236,7340.41
11237,8273.91
11238,8884.26
11239,7709.21
11240,8327.39
11241,6706.87
11242,8656.39
11243,7917.97
11244,7688.44
11245,8277.3
11246,7264.26
11247,8147.08
11248,7629.71
11249,7827.27
11250,8157.42
11251,8072.51
11252,7690.58
11253,6515.12
11254,6580.87
11255,7023.29
11256,8099.18
11257,6536.07
11258,6431.67
11259,7865.85
11260,7177.0
11261,7369.6
11262,8468.83
11263,7835.84
11264,8314.57
11265,8295.89
11266,7312.94
11267,7653.92
11268,8048.55
11269,8172.29
11270,5086.8
11271,8273.91
11272,6647.23
11273,8219.49
11274,6545.44
11275,6575.85
11276,7684.28
11277,7984.22
11278,8327.68
11279,11493.52
11280,8278.99
11281,7690.58
11282,7557.35
11283,7282.23
11284,7758.2
11285,6784.96
11286,7956.58
11287,8661.45
11288,7666.35
11289,6536.15
11290,8000.22
11291,7796.68
11292,7344.04
11293,7391.11
11294,7360.36
11295,7769.27
11296,7365.92
11297,7375.55
11298,6934.65
11299,7917.02
11300,7620.42
11301,7984.22
11302,7882.69
11303,7605.63
11304,9018.33
11305,8127.8
11306,7695.16
11307,7834.82
11308,8854.47
11309,6832.0
11310,8357.4
11311,7161.38
11312,7288.86
11313,6857.27
11314,8112.73
11315,6553.62
11316,9755.27
11317,8263.82
11318,8976.34
11319,7978.93
11320,7785.17
11321,7264.26
11322,18736.3
11323,10970.16
11324,7739.71
11325,4726.28
11326,6774.25
11327,8983.99
11328,6820.49
11329,13637.04
11330,18424.9
11331,7575.67
11332,7091.24
11333,7454.47
11334,8245.67
11335,9690.52
11336,7544.19
11337,8323.99
11338,6389.69
11339,7016.83
11340,7620.42
11341,8171.62
11342,7639.4
11343,8473.39
11344,8174.96
11345,7124.54
11346,6712.4
11347,7834.82
11348,6724.06
11349,6708.52
11350,8259.67
11351,8320.34
11352,7229.98
11353,7802.01
11354,7165.21
11355,7424.23
11356,7699.06
11357,8225.64
11358,9308.47
11359,7805.11
11360,7587.02
11361,7616.75
11362,7418.72
11363,6570.99
11364,6807.84
11365,6512.15
11366,7494.65
11367,7599.82
11368,8512.1
11369,7707.87
11370,6592.53
11371,8155.16
11372,7976.15
11373,6752.31
11374,7623.89
11375,15942.52
11376,7690.58
11377,6786.89
11378,7146.84
11379,7218.97
11380,6572.62
11381,5819.74
11382,7394.57
11383,8085.68
11384,7730.72
11385,15926.28
11386,8908.12
11387,7701.21
11388,7680.24
11389,7623.9
11390,8323.99
11391,8590.04
11392,9835.45
11393,7307.71
11394,9627.98
11395,7391.61
11396,8323.99
11397,7753.48
11398,7930.27
11399,7526.03
11400,6850.44
11401,7596.34
11402,7445.88
11403,8570.16
11404,8071.49
11405,7670.97
11406,7503.71
11407,8172.29
11408,12416.29
11409,7577.17
11410,7124.54
11411,7903.22
11412,7729.03
11413,8051.2
11414,7041.85
11415,7625.1
11416,7690.58
11417,7629.71
11418,8963.15
11419,7812.63
11420,8805.54
11421,6829.24
11422,18330.54
11423,8227.61
11424,7665.81
11425,8515.03
11426,7882.69
11427,8185.72
11428,6810.76
11429,7882.69
11430,8037.21
11431,8321.44
11432,7397.25
11433,8363.61
11434,6687.23
11435,6850.44
11436,8223.65
11437,7630.02
11438,6512.15
11439,7746.34
11440,6720.8
11441,6658.84
11442,7550.9
11443,7854.16
11444,8327.39
11445,7620.42
11446,8714.87
11447,7620.42
11448,8209.01
11449,8021.9
11450,7502.92
11451,6477.09
11452,6277.09
11453,7706.75
11454,7804.1
11455,7600.58
11456,7765.36
11457,6560.13
11458,8907.5
11459,6697.1
11460,7618.43
11461,8183.38
11462,8172.29
11463,9424.71
11464,8406.89
11465,7187.17
11466,6834.82
11467,6786.29
11468,8155.78
11469,6609.9
11470,7921.6
11471,6567.85
11472,9891.63
11473,8085.68
11474,10165.59
11475,6860.13
11476,6691.31
11477,7620.34
11478,8713.56
11479,8228.15
11480,7387.28
11481,7592.67
11482,7802.54
11483,9041.25
11484,7589.28
11485,8535.65
11486,8198.24
11487,8168.89
11488,9516.6
11489,7728.77
11490,13717.27
11491,7263.02
11492,7770.56
11493,8252.49
11494,11163.27
11495,6616.08
11496,6616.21
11497,8010.75
11498,7625.0
11499,7136.2
11500,7654.77
11501,7670.03
11502,6544.85
11503,7620.42
11504,6718.94
11505,7600.58
11506,7263.02
11507,10280.91
11508,6555.33
11509,6532.85
11510,7670.97
11511,9045.14
11512,8638.46
11513,7413.8
11514,6335.62
11515,6716.92
11516,7666.35
11517,7576.69
11518,6807.84
11519,8323.99
11520,7436.89
11521,7039.37
11522,7717.01
11523,7605.63
11524,7715.24
11525,8570.06
11526,7737.49
11527,6647.27
11528,7580.84
11529,7257.86
11530,7726.48
11531,8227.89
11532,8138.15
11533,10961.16
11534,8089.46
11535,8273.91
11536,8168.89
11537,10416.38
11538,8318.65
11539,6562.68
11540,7397.25
11541,7720.03
11542,6517.31
11543,6600.4
11544,6618.97
11545,7510.67
11546,7929.81
11547,6770.0
11548,7353.66
11549,7688.29
11550,7681.85
11551,8074.92
11552,7703.57
11553,7438.0
11554,7846.02
11555,6953.28
11556,6648.54
11557,9665.39
11558,6638.28
11559,6560.13
11560,7260.21
11561,8393.31
11562,19249.05
11563,6466.75
11564,7596.34
11565,7761.57
11566,6993.14
11567,6474.28
11568,7620.42
11569,7801.09
11570,6663.12
11571,7726.8
11572,6527.84
11573,8845.54
11574,6465.43
11575,7599.82
11576,7762.11
11577,7813.55
11578,9263.04
11579,8381.61
11580,7367.26
11581,6712.4
11582,8262.02
11583,16192.92
11584,8755.23
11585,7976.67
11586,6499.32
11587,7690.58
11588,7609.5
11589,7437.63
11590,8551.7
11591,8550.79
11592,6516.06
11593,8654.68
11594,6812.92
11595,6777.41
11596,7260.74
11597,7724.51
11598,7182.16
11599,7678.02
11600,6704.51
11601,7731.06
11602,8875.96
11603,7679.66
11604,8225.76
11605,6611.71
11606,7620.42
11607,6942.68
11608,7703.57
11609,7027.1
11610,8185.72
11611,6539.5
11612,8033.01
11613,7818.99
11614,6582.29
11615,7600.92
11616,7366.41
11617,7168.77
11618,6526.74
11619,7629.71
11620,7853.42
11621,8018.68
11622,8588.64
11623,7604.25
11624,6458.07
11625,8154.98
11626,6952.1
11627,10811.03
11628,7647.08
11629,8218.73
11630,6544.41
11631,7380.42
11632,7730.69
11633,7678.91
11634,5238.45
11635,7419.94
11636,7442.04
11637,7353.66
11638,6515.12
11639,7821.57
11640,7866.84
11641,8272.95
11642,8700.57
11643,6695.26
11644,7942.43
11645,7436.27
11646,7034.96
11647,7609.6
11648,8361.28
11649,6692.09
11650,6680.19
11651,9804.61
11652,6751.55
11653,7090.81
11654,6784.37
11655,7365.92
11656,7540.77
11657,6523.77
11658,8098.43
11659,7676.18
11660,7122.39
11661,7600.92
11662,7993.04
11663,7005.83
11664,7754.38
11665,6538.27
11666,10098.81
11667,7310.88
11668,7143.2
11669,7359.72
11670,6593.0
11671,7001.79
11672,7325.09
11673,7143.32
11674,6812.92
11675,8188.94
11676,6580.28
11677,7518.24
11678,6807.84
11679,11305.75
11680,7695.07
11681,6674.97
11682,7612.16
11683,7426.92
11684,6616.21
11685,8135.61
11686,7698.11
11687,8252.49
11688,7690.58
11689,8229.51
11690,7791.99
11691,7406.66
11692,7515.59
11693,8308.53
11694,8117.46
11695,8657.47
11696,16597.1
11697,7443.11
11698,6680.75
11699,8140.65
11700,8182.5
11701,7684.28
11702,8241.52
11703,8274.73
11704,8172.29
11705,6527.84
11706,7690.58
11707,6729.41
11708,6591.75
11709,7150.79
11710,7678.02
11711,6489.81
11712,7672.1
11713,16925.76
11714,8168.89
11715,8047.66
11716,8450.19
11717,7624.66
11718,8452.05
11719,8875.22
11720,9115.05
11721,8225.76
11722,8265.34
11723,8010.84
11724,11120.52
11725,7705.67
11726,7690.72
11727,6864.09
11728,7380.42
11729,8824.13
11730,7703.79
11731,6490.53
11732,7709.93
11733,6468.05
11734,6483.71
11735,6559.11
11736,7692.11
11737,8179.18
11738,8216.37
11739,8295.89
11740,7727.02
11741,7437.63
11742,6739.68
11743,8233.02
11744,6590.85
11745,8084.28
11746,7396.82
11747,6129.93
11748,7569.02
11749,7200.57
11750,6636.08
11751,7603.15
11752,8010.44
11753,8182.64
11754,7874.77
11755,8017.1
11756,5833.81
11757,7304.07
11758,6627.45
11759,6955.32
11760,6727.63
11761,8742.26
11762,7692.4
11763,8068.89
11764,7968.24
11765,8213.91
11766,6922.59
11767,8469.57
11768,7020.43
11769,9719.66
11770,7263.02
11771,7713.79
11772,6691.07
11773,7641.46
11774,7375.55
11775,11666.64
11776,6632.18
11777,6730.95
11778,7711.31
11779,7846.56
11780,7142.98
11781,8078.5
11782,6561.62
11783,7625.0
11784,6449.9
11785,8178.55
11786,6981.47
11787,7260.21
11788,6720.8
11789,6591.75
11790,7784.42
11791,8204.43
11792,6362.78
11793,7679.66
11794,8350.26
11795,6478.15
11796,8059.22
11797,7526.03
11798,7946.26
11799,7729.03
11800,8225.76
11801,7721.99
11802,7722.47
11803,6834.28
11804,8585.35
11805,7309.66
11806,8168.89
11807,7849.42
11808,6380.39
11809,7260.21
11810,8338.69
11811,7900.49
11812,8235.49
11813,7409.23
11814,6909.27
11815,7123.63
11816,7550.27
11817,7293.01
11818,8590.04
11819,8168.89
11820,8449.24
11821,6512.29
11822,6759.86
11823,8021.9
11824,5824.66
11825,8249.27
11826,7618.89
11827,8214.51
11828,8466.82
11829,7743.63
11830,6631.16
11831,7740.69
11832,8273.91
11833,7968.6
11834,9155.61
11835,7185.86
11836,7613.76
11837,8781.55
11838,8409.52
11839,7094.76
11840,6468.73
11841,7436.89
11842,6751.55
11843,6506.37
11844,7690.58
11845,8014.82
11846,7600.58
11847,8004.79
11848,8222.75
11849,7668.18
11850,8152.98
11851,7580.84
11852,8299.5
11853,7887.52
11854,7279.87
11855,7563.27
11856,7866.84
11857,6527.84
11858,7620.42
11859,8277.3
11860,7552.88
11861,8174.95
11862,6571.44
11863,6812.46
11864,9037.01
11865,7913.96
11866,7516.7
11867,8101.28
11868,7153.72
11869,7713.79
11870,6737.9
11871,7526.03
11872,8182.58
11873,7681.77
11874,9754.47
11875,8981.98
11876,8943.32
11877,7719.77
11878,7440.31
11879,6443.72
11880,7622.7
11881,8727.27
11882,7590.13
11883,8535.65
11884,6536.8
11885,8240.94
11886,7827.1
11887,6944.8
11888,6461.64
11889,6539.63
11890,6515.89
11891,6646.84
11892,7159.72
11893,7505.23
11894,6702.97
11895,7690.58
11896,6517.3
11897,7775.2
11898,8750.5
11899,7616.99
11900,8547.82
11901,8009.11
11902,6718.77
11903,9283.81
11904,7690.58
11905,7631.9
11906,7735.53
11907,6466.75
11908,13137.16
11909,7681.85
11910,6397.63
11911,7735.27
11912,8474.03
11913,9393.8
11914,7826.2
11915,7695.29
11916,7009.16
11917,13029.42
11918,7013.66
11919,7764.25
11920,7605.63
11921,7387.28
11922,7715.7
11923,9009.44
11924,7143.32
11925,6617.55
11926,6993.14
11927,7241.02
11928,8447.23
11929,6993.14
11930,7724.38
11931,5690.46
11932,7733.14
11933,8326.93
11934,7580.84
11935,7492.17
11936,7553.09
11937,7620.42
11938,7970.7
11939,8301.46
11940,7430.97
11941,7585.42
11942,8327.39
11943,7387.9
11944,8255.6
11945,10552.84
11946,6631.31
11947,7809.59
11948,8183.38
11949,7620.42
11950,8334.95
11951,6541.68
11952,7807.19
11953,7716.62
11954,5179.05
11955,6592.53
11956,7540.77
11957,7954.72
11958,7124.54
11959,7629.71
11960,7189.31
11961,8545.02
11962,7812.63
11963,6914.69
11964,8209.55
11965,8222.37
11966,9862.86
11967,6736.2
11968,7576.69
11969,12771.9
11970,8670.49
11971,6658.59
11972,7984.18
11973,6494.18
11974,7693.63
11975,6777.66
11976,6529.57
11977,7675.08
11978,6544.41
11979,6659.42
11980,6717.77
11981,9699.1
11982,8248.83
11983,9835.25
11984,7620.42
11985,7353.66
11986,7673.13
11987,8549.01
11988,8407.72
11989,7799.47
11990,7260.21
11991,7650.69
11992,7569.02
11993,6879.41
11994,6535.07
11995,7706.4
11996,8168.89
11997,7585.42
11998,6717.75
11999,6359.91
12000,6555.33
12001,8174.31
12002,7693.71
12003,10328.44
12004,8859.7
12005,7833.14
12006,7809.15
12007,7983.82
12008,7029.23
12009,10402.77
12010,7746.34
12011,7604.25
12012,7375.55
12013,7411.3
12014,7107.66
12015,7624.66
12016,10572.21
12017,7263.02
12018,7691.91
12019,6503.71
12020,9008.15
12021,6914.35
12022,8142.56
12023,8259.67
12024,7737.99
12025,7633.32
12026,8275.61
12027,7690.58
12028,7664.2
12029,7478.31
12030,7882.69
12031,6775.01
12032,10928.59
12033,7198.86
12034,9367.4
12035,7730.68
12036,6709.04
12037,8078.5
12038,7966.57
12039,6571.44
12040,9032.07
12041,7443.38
12042,7929.15
12043,9340.31
12044,7669.54
12045,7721.0
12046,8496.55
12047,6691.31
12048,8983.07
12049,7865.85
12050,8185.26
12051,6556.48
12052,6680.43
12053,8696.18
12054,7124.54
12055,7879.73
12056,7518.03
12057,8186.47
12058,7857.01
12059,6511.82
12060,8312.63
12061,7600.92
12062,8464.52
12063,7604.92
12064,7436.89
12065,7705.63
12066,8049.31
12067,8211.25
12068,7620.42
12069,7375.55
12070,8568.68
12071,7679.7
12072,7366.41
12073,7984.18
12074,7810.68
12075,6729.0
12076,8264.17
12077,7334.31
12078,6732.45
12079,6549.96
12080,7580.22
12081,7124.54
12082,6529.11
12083,6577.22
12084,7616.99
12085,7263.02
12086,7590.19
12087,6683.85
12088,6759.66
12089,7658.36
12090,6687.23
12091,7334.31
12092,7340.41
12093,8273.91
12094,8967.54
12095,7709.21
12096,8327.39
12097,6706.87
12098,8656.39
12099,7917.97
12100,7688.44
12101,8277.3
12102,7264.26
12103,8147.08
12104,7629.71
12105,7827.27
12106,8157.42
12107,8072.51
12108,7690.58
12109,6515.12
12110,6580.87
12111,7039.44
12112,8099.18
12113,6536.07
12114,6431.67
12115,7865.85
12116,7294.09
12117,7369.6
12118,8468.83
12119,7835.84
12120,8314.57
12121,8295.89
12122,7312.94
12123,7653.92
12124,8048.55
12125,8172.29
12126,5135.63
12127,8273.91
12128,6647.23
12129,8219.49
12130,6545.44
12131,6575.85
12132,7684.28
12133,7984.22
12134,8327.68
12135,11493.52
12136,8278.99
12137,7690.58
12138,7557.35
12139,7272.71
12140,7758.2
12141,6784.96
12142,7980.96
12143,8661.45
12144,7666.35
12145,6536.15
12146,8000.22
12147,7796.68
12148,7344.04
12149,7514.29
12150,7464.14
12151,7769.27
12152,7365.92
12153,7375.55
12154,6934.65
12155,7917.02
12156,7620.42
12157,7984.22
12158,7882.69
12159,7605.63
12160,9018.33
12161,8127.8
12162,7695.16
12163,7834.82
12164,8854.47
12165,6832.0
12166,8357.4
12167,7161.38
12168,7288.86
12169,6857.27
12170,8112.73
12171,6553.62
12172,9755.27
12173,8263.82
12174,9073.89
12175,8056.13
12176,7785.17
12177,7264.26
12178,18807.29
12179,10970.16
12180,7730.68
12181,4734.83
12182,6774.25
12183,8994.38
12184,6837.1
12185,13637.04
12186,18329.93
12187,7575.67
12188,7091.24
12189,7454.47
12190,8245.67
12191,9780.51
12192,7544.19
12193,8323.99
12194,6389.69
12195,6998.99
12196,7620.42
12197,8171.62
12198,7639.4
12199,8473.39
12200,8174.96
12201,7124.54
12202,6712.4
12203,7834.82
12204,6724.06
12205,6708.52
12206,8259.67
12207,8320.34
12208,7229.98
12209,7877.59
12210,7165.21
12211,7424.23
12212,7699.06
12213,8225.64
12214,9331.94
12215,7805.11
12216,7587.02
12217,7616.75
12218,7418.72
12219,6570.99
12220,6807.84
12221,6512.15
12222,7494.65
12223,7599.82
12224,8512.1
12225,7707.87
12226,6592.53
12227,8155.16
12228,7976.15
12229,6752.31
12230,7623.89
12231,15954.54
12232,7690.58
12233,6844.78
12234,7146.84
12235,7218.97
12236,6572.62
12237,5832.54
12238,7394.57
12239,8085.68
12240,7730.72
12241,16011.4
12242,8887.35
12243,7701.21
12244,7680.24
12245,7623.9
12246,8323.99
12247,8593.99
12248,9904.26
12249,7307.71
12250,9759.08
12251,7508.69
12252,8323.99
12253,7753.48
12254,7930.27
12255,7526.03
12256,6850.44
12257,7596.34
12258,7445.88
12259,8570.16
12260,8071.49
12261,7670.97
12262,7503.71
12263,8172.29
12264,12661.1
12265,7577.17
12266,7124.54
12267,7903.22
12268,7729.03
12269,8051.2
12270,7041.85
12271,7625.1
12272,7690.58
12273,7629.71
12274,8979.3
12275,7812.63
12276,8805.54
12277,6829.24
12278,18401.53
12279,8227.61
12280,7665.81
12281,8689.99
12282,7882.69
12283,8185.72
12284,6810.76
12285,7882.69
12286,8037.21
12287,8321.44
12288,7397.25
12289,8397.24
12290,6687.23
12291,6850.44
12292,8223.65
12293,7630.02
12294,6512.15
12295,7746.34
12296,6720.8
12297,6658.84
12298,7550.9
12299,7840.82
12300,8327.39
12301,7620.42
12302,8714.87
12303,7620.42
12304,8209.01
12305,8021.9
12306,7502.92
12307,6477.09
12308,6268.06
12309,7706.75
12310,7804.1
12311,7600.58
12312,7765.36
12313,6697.35
12314,8941.13
12315,6697.1
12316,7618.43
12317,8183.38
12318,8172.29
12319,9471.21
12320,8406.89
12321,7187.17
12322,6834.82
12323,6786.29
12324,8155.78
12325,6609.9
12326,7932.19
12327,6567.85
12328,9891.63
12329,8085.68
12330,10263.29
12331,6860.13
12332,6691.31
12333,7620.34
12334,8713.56
12335,8228.15
12336,7527.62
12337,7592.67
12338,7802.54
12339,9160.06
12340,7589.28
12341,8535.65
12342,8198.24
12343,8168.89
12344,9516.6
12345,7728.77
12346,13676.86
12347,7263.02
12348,7770.56
12349,8250.66
12350,10943.71
12351,6616.08
12352,6616.21
12353,8010.75
12354,7625.0
12355,7136.2
12356,7654.77
12357,7670.03
12358,6544.85
12359,7620.42
12360,6718.94
12361,7600.58
12362,7263.02
12363,10280.91
12364,6555.33
12365,6532.85
12366,7670.97
12367,9045.14
12368,8684.14
12369,7413.8
12370,6335.62
12371,6716.92
12372,7666.35
12373,7576.69
12374,6807.84
12375,8323.99
12376,7436.89
12377,7025.81
12378,7717.01
12379,7605.63
12380,7796.38
12381,8570.06
12382,7737.49
12383,6647.27
12384,7580.84
12385,7248.34
12386,7726.48
12387,8227.89
12388,8138.15
12389,10961.16
12390,8089.46
12391,8273.91
12392,8168.89
12393,10416.38
12394,8318.65
12395,6562.68
12396,7397.25
12397,7720.03
12398,6517.31
12399,6600.4
12400,6618.97
12401,7510.67
12402,7929.81
12403,6770.0
12404,7353.66
12405,7688.29
12406,7681.85
12407,8074.92
12408,7703.57
12409,7494.99
12410,7846.02
12411,6953.28
12412,6648.54
12413,9665.39
12414,6638.28
12415,6697.35
12416,7260.21
12417,8393.31
12418,19206.2
12419,6466.75
12420,7596.34
12421,7852.01
12422,6993.14
12423,6474.28
12424,7620.42
12425,7843.23
12426,6663.12
12427,7726.8
12428,6527.84
12429,8845.54
12430,6465.43
12431,7599.82
12432,7762.11
12433,7813.55
12434,9298.23
12435,8381.61
12436,7407.99
12437,6712.4
12438,8262.02
12439,16266.59
12440,8808.45
12441,7976.67
12442,6499.32
12443,7690.58
12444,7609.5
12445,7437.63
12446,8551.7
12447,8571.25
12448,6516.06
12449,8654.68
12450,6812.92
12451,6777.41
12452,7293.03
12453,7724.51
12454,7182.16
12455,7678.02
12456,6704.51
12457,7731.06
12458,8875.96
12459,7679.66
12460,8225.76
12461,6611.71
12462,7620.42
12463,6958.94
12464,7703.57
12465,7027.1
12466,8185.72
12467,6539.5
12468,8033.01
12469,7818.99
12470,6582.29
12471,7600.92
12472,7366.41
12473,7168.77
12474,6526.74
12475,7629.71
12476,7853.42
12477,8018.68
12478,8588.64
12479,7604.25
12480,6458.07
12481,8238.42
12482,6952.1
12483,10890.29
12484,7647.08
12485,8218.73
12486,6544.41
12487,7446.45
12488,7730.69
12489,7678.91
12490,5272.13
12491,7453.57
12492,7442.04
12493,7353.66
12494,6515.12
12495,7821.57
12496,7866.84
12497,8272.95
12498,8643.23
12499,6695.26
12500,7942.43
12501,7436.27
12502,7034.96
12503,7609.6
12504,8361.28
12505,6692.09
12506,6680.19
12507,9918.03
12508,6751.55
12509,7090.81
12510,6919.32
12511,7365.92
12512,7540.77
12513,6523.77
12514,8098.43
12515,7676.18
12516,7142.77
12517,7600.92
12518,7976.36
12519,7005.83
12520,7754.38
12521,6538.27
12522,10136.22
12523,7310.88
12524,7248.78
12525,7359.72
12526,6593.0
12527,7001.79
12528,7295.04
12529,7143.32
12530,6812.92
12531,8188.94
12532,6580.28
12533,7518.24
12534,6807.84
12535,11320.9
12536,7695.07
12537,6674.97
12538,7678.31
12539,7426.92
12540,6616.21
12541,8135.61
12542,7698.11
12543,8250.66
12544,7690.58
12545,8229.51
12546,7791.99
12547,7406.66
12548,7515.59
12549,8308.53
12550,8117.46
12551,8657.47
12552,16573.39
12553,7594.37
12554,6680.75
12555,8163.59
12556,8182.5
12557,7684.28
12558,8241.52
12559,8274.73
12560,8172.29
12561,6527.84
12562,7690.58
12563,6729.41
12564,6591.75
12565,7150.79
12566,7678.02
12567,6489.81
12568,7672.1
12569,16825.68
12570,8168.89
12571,8047.66
12572,8454.14
12573,7624.66
12574,8452.05
12575,8875.22
12576,9115.05
12577,8225.76
12578,8265.34
12579,8010.84
12580,10882.2
12581,7768.41
12582,7690.72
12583,6864.09
12584,7466.81
12585,8824.13
12586,7703.79
12587,6490.53
12588,7709.93
12589,6468.05
12590,6483.71
12591,6559.11
12592,7692.11
12593,8179.18
12594,8216.37
12595,8295.89
12596,7727.02
12597,7437.63
12598,6739.68
12599,8233.02
12600,6590.85
12601,8084.28
12602,7396.82
12603,6163.12
12604,7569.02
12605,7200.57
12606,6636.08
12607,7603.15
12608,8090.46
12609,8182.64
12610,7874.77
12611,8017.1
12612,5859.11
12613,7304.07
12614,6627.45
12615,6955.32
12616,6727.63
12617,8742.26
12618,7692.4
12619,8147.15
12620,7968.24
12621,8213.91
12622,6922.59
12623,8469.57
12624,7097.64
12625,9766.16
12626,7263.02
12627,7713.79
12628,6691.07
12629,7641.46
12630,7375.55
12631,11666.64
12632,6632.18
12633,6730.95
12634,7711.31
12635,7861.72
12636,7142.98
12637,8078.5
12638,6561.62
12639,7625.0
12640,6449.9
12641,8178.55
12642,6981.47
12643,7260.21
12644,6720.8
12645,6591.75
12646,7784.42
12647,8204.43
12648,6362.78
12649,7679.66
12650,8350.26
12651,6478.15
12652,8059.22
12653,7526.03
12654,7946.26
12655,7729.03
12656,8225.76
12657,7721.99
12658,7722.47
12659,6834.28
12660,8585.35
12661,7309.66
12662,8168.89
12663,7891.56
12664,6422.11
12665,7260.21
12666,8338.69
12667,7900.49
12668,8235.49
12669,7399.7
12670,6909.27
12671,7123.63
12672,7565.42
12673,7379.7
12674,8593.99
12675,8168.89
12676,8505.77
12677,6512.29
12678,6759.86
12679,8021.9
12680,5824.66
12681,8249.27
12682,7618.89
12683,8224.17
12684,8425.14
12685,7781.09
12686,6631.16
12687,7740.69
12688,8273.91
12689,7968.6
12690,9223.73
12691,7185.86
12692,7613.76
12693,8745.89
12694,8409.52
12695,7094.76
12696,6468.73
12697,7436.89
12698,6751.55
12699,6506.37
12700,7690.58
12701,8014.82
12702,7600.58
12703,8004.79
12704,8220.92
12705,7668.18
12706,8152.98
12707,7580.84
12708,8299.5
12709,7887.52
12710,7279.87
12711,7563.27
12712,7866.84
12713,6527.84
12714,7620.42
12715,8277.3
12716,7552.88
12717,8174.95
12718,6571.44
12719,6812.46
12720,9207.55
12721,7913.96
12722,7516.7
12723,8101.28
12724,7153.72
12725,7713.79
12726,6737.9
12727,7526.03
12728,8182.58
12729,7809.03
12730,9826.17
12731,9102.8
12732,8989.82
12733,7719.77
12734,7440.31
12735,6443.72
12736,7688.85
12737,8747.72
12738,7590.13
12739,8535.65
12740,6536.8
12741,8240.94
12742,7809.15
12743,6944.8
12744,6461.64
12745,6539.63
12746,6536.7
12747,6646.84
12748,7159.72
12749,7505.23
12750,6702.97
12751,7690.58
12752,6517.3
12753,7775.2
12754,8754.45
12755,7616.99
12756,8547.82
12757,8009.11
12758,6740.67
12759,9120.54
12760,7690.58
12761,7631.9
12762,7735.53
12763,6466.75
12764,13133.98
12765,7681.85
12766,6397.63
12767,7735.27
12768,8422.43
12769,9393.8
12770,7826.2
12771,7695.29
12772,7009.16
12773,13063.04
12774,7094.06
12775,7764.25
12776,7605.63
12777,7527.62
12778,7715.7
12779,9043.07
12780,7143.32
12781,6617.55
12782,6993.14
12783,7240.42
12784,8447.23
12785,6993.14
12786,7724.38
12787,5690.46
12788,7733.14
12789,8393.24
12790,7580.84
12791,7492.17
12792,7553.09
12793,7620.42
12794,7970.7
12795,8351.8
12796,7430.97
12797,7585.42
12798,8327.39
12799,7378.54
12800,8255.6
12801,10537.54
12802,6631.31
12803,7809.59
12804,8183.38
12805,7620.42
12806,8334.95
12807,6541.68
12808,7807.19
12809,7716.62
12810,5212.68
12811,6592.53
12812,7540.77
12813,7954.72
12814,7124.54
12815,7629.71
12816,7294.89
12817,8551.7
12818,7812.63
12819,6914.69
12820,8209.55
12821,8222.37
12822,9862.86
12823,6736.2
12824,7576.69
12825,12785.67
12826,8784.44
12827,6658.59
12828,7984.18
12829,6494.18
12830,7693.63
12831,6785.65
12832,6563.2
12833,7675.08
12834,6544.41
12835,6659.42
12836,6717.77
12837,9699.1
12838,8248.83
12839,9835.25
12840,7620.42
12841,7367.83
12842,7697.87
12843,8612.13
12844,8452.07
12845,7851.46
12846,7238.01
12847,7663.54
12848,7576.9
12849,6890.88
12850,6639.27
12851,7747.16
12852,8220.88
12853,7632.76
12854,6824.01
12855,6529.48
12856,6666.27
12857,8218.15
12858,7763.69
12859,10379.6
12860,8929.52
12861,7885.13
12862,7905.64
12863,8003.51
12864,7144.95
12865,10402.77
12866,7798.69
12867,7604.17
12868,7453.29
12869,7393.73
12870,7182.86
12871,7606.95
12872,10599.24
12873,7471.34
12874,7760.59
12875,6594.99
12876,9092.38
12877,6937.77
12878,8201.26
12879,8318.06
12880,7830.85
12881,7620.58
12882,8291.42
12883,7734.96
12884,7726.22
12885,7506.13
12886,7919.06
12887,6974.44
12888,10879.15
12889,7399.22
12890,9456.87
12891,7812.36
12892,6910.48
12893,8130.49
12894,7991.32
12895,6681.68
12896,9033.53
12897,7499.36
12898,7922.84
12899,9399.01
12900,7634.45
12901,7758.29
12902,8552.59
12903,6815.21
12904,9035.53
12905,7902.22
12906,8259.86
12907,6655.71
12908,6804.33
12909,8722.89
12910,7256.51
12911,7883.75
12912,7542.77
12913,8203.82
12914,7848.61
12915,6689.63
12916,8393.0
12917,7630.63
12918,8610.92
12919,7666.94
12920,7445.38
12921,7757.61
12922,8103.65
12923,8241.1
12924,7664.8
12925,7384.04
12926,8574.06
12927,7724.08
12928,7406.04
12929,8038.52
12930,7865.02
12931,6866.1
12932,8294.02
12933,7384.53
12934,6892.85
12935,6623.6
12936,7588.31
12937,7256.51
12938,6640.06
12939,6586.61
12940,7599.28
12941,7463.38
12942,7615.91
12943,6830.19
12944,6948.64
12945,7663.25
12946,6935.86
12947,7384.53
12948,7330.16
12949,8291.25
12950,9012.14
12951,7761.55
12952,8344.73
12953,6813.13
12954,8651.78
12955,7954.34
12956,7713.18
12957,8294.64
12958,7362.34
12959,8199.07
12960,7674.09
12961,7885.66
12962,8174.76
12963,8124.5
12964,7734.96
12965,6606.4
12966,6670.08
12967,7091.33
12968,8179.54
12969,6634.23
12970,6535.87
12971,7902.22
12972,7426.32
12973,7505.87
12974,8512.66
12975,7847.94
12976,8307.48
12977,8354.28
12978,7515.72
12979,7707.42
12980,8128.92
12981,8224.27
12982,5145.1
12983,8291.25
12984,6740.54
12985,8263.85
12986,6683.91
12987,6672.09
12988,7706.02
12989,7959.8
12990,8297.51
12991,11514.64
12992,8311.14
12993,7734.96
12994,7593.72
12995,7277.76
12996,7853.26
12997,6994.88
12998,7979.12
12999,8717.49
13000,7736.33
13001,6609.95
13002,7995.37
13003,7868.29
13004,7562.7
13005,7537.37
13006,7539.35
13007,7774.96
13008,7365.85
13009,7414.27
13010,6933.52
13011,7922.68
13012,7664.8
13013,7959.8
13014,7919.06
13015,7657.98
13016,9033.68
13017,8133.46
13018,7716.9
13019,7871.19
13020,8898.3
13021,7041.92
13022,8346.08
13023,7154.3
13024,7281.78
13025,6963.38
13026,8138.42
13027,6640.19
13028,9766.96
13029,8322.21
13030,9166.64
13031,8147.69
13032,7790.83
13033,7393.94
13034,18902.45
13035,10957.77
13036,7812.36
13037,4785.41
13038,6968.16
13039,9046.27
13040,6778.1
13041,13637.04
13042,18357.6
13043,7580.56
13044,7309.23
13045,7493.19
13046,8245.47
13047,9960.75
13048,7568.93
13049,8341.34
13050,6393.49
13051,6999.11
13052,7664.8
13053,8191.31
13054,7661.14
13055,8505.55
13056,8194.66
13057,7256.51
13058,6794.12
13059,7871.19
13060,6847.96
13061,6790.24
13062,8357.07
13063,8364.17
13064,7235.66
13065,7866.83
13066,7337.15
13067,7462.95
13068,7781.78
13069,8255.49
13070,9353.68
13071,7845.41
13072,7595.1
13073,7641.49
13074,7413.17
13075,6762.46
13076,7017.76
13077,6611.39
13078,7671.03
13079,7647.17
13080,8505.01
13081,7790.58
13082,6739.73
13083,8185.01
13084,8115.32
13085,6873.16
13086,7636.74
13087,16167.61
13088,7734.96
13089,6872.61
13090,7331.99
13091,7238.5
13092,6660.42
13093,5856.72
13094,7394.49
13095,8140.02
13096,7771.49
13097,17693.8
13098,8887.35
13099,7745.59
13100,7784.7
13101,7663.28
13102,8341.34
13103,8594.59
13104,9895.86
13105,7332.46
13106,9790.1
13107,7640.93
13108,8341.34
13109,7828.71
13110,7955.02
13111,7668.89
13112,7082.36
13113,7648.68
13114,7267.46
13115,8581.84
13116,8077.15
13117,7715.35
13118,7553.93
13119,8224.27
13120,12897.89
13121,7614.97
13122,7256.51
13123,7957.56
13124,7782.54
13125,8085.15
13126,7143.5
13127,7632.96
13128,7742.92
13129,7674.09
13130,9031.18
13131,7866.96
13132,8807.73
13133,6974.84
13134,18438.47
13135,8325.01
13136,7684.64
13137,8694.01
13138,7919.06
13139,8205.41
13140,6914.96
13141,7919.06
13142,8067.0
13143,8401.81
13144,7386.86
13145,8431.26
13146,6943.82
13147,7074.4
13148,8268.0
13149,7701.16
13150,6594.01
13151,7790.73
13152,6930.72
13153,6805.39
13154,7533.18
13155,7981.94
13156,8344.73
13157,7664.8
13158,8714.87
13159,7664.8
13160,8226.36
13161,8062.2
13162,7510.81
13163,6570.54
13164,6330.72
13165,7910.33
13166,7856.08
13167,7590.83
13168,7777.04
13169,6763.11
13170,9010.86
13171,6817.95
13172,7588.27
13173,8178.53
13174,8224.27
13175,9453.87
13176,8436.74
13177,7359.11
13178,6855.89
13179,6915.22
13180,8192.15
13181,6709.26
13182,7913.08
13183,6516.41
13184,9891.63
13185,8140.02
13186,10285.03
13187,7058.61
13188,6815.21
13189,7653.8
13190,8741.06
13191,8247.84
13192,7576.0
13193,7612.83
13194,7839.83
13195,9142.49
13196,7597.27
13197,8579.48
13198,8215.59
13199,8220.88
13200,9499.78
13201,7823.83
13202,13696.71
13203,7463.38
13204,7865.62
13205,8370.19
13206,10960.14
13207,6694.69
13208,6862.19
13209,8030.44
13210,7646.74
13211,7276.14
13212,7684.85
13213,7710.33
13214,6641.1
13215,7664.8
13216,6907.92
13217,7590.83
13218,7463.38
13219,10292.6
13220,6666.27
13221,6705.46
13222,7715.35
13223,9110.16
13224,8703.77
13225,7333.5
13226,6338.89
13227,6834.89
13228,7736.33
13229,7584.57
13230,7017.76
13231,8341.34
13232,7445.38
13233,6978.04
13234,7881.66
13235,7657.98
13236,7770.93
13237,8575.44
13238,7790.08
13239,6846.7
13240,7650.82
13241,7273.08
13242,7784.9
13243,8243.71
13244,8161.59
13245,10980.06
13246,8109.15
13247,8291.25
13248,8220.88
13249,10430.41
13250,8364.29
13251,6641.29
13252,7475.9
13253,7790.01
13254,6608.59
13255,6623.82
13256,6715.21
13257,7492.95
13258,7922.73
13259,6993.96
13260,7392.38
13261,7758.27
13262,7726.24
13263,8104.72
13264,7755.56
13265,7503.77
13266,7886.33
13267,7139.41
13268,6756.17
13269,9677.08
13270,6716.48
13271,6763.11
13272,7268.25
13273,8473.68
13274,19317.57
13275,6570.95
13276,7648.68
13277,7922.13
13278,7123.22
13279,6590.08
13280,7664.8
13281,7843.83
13282,6744.29
13283,7779.15
13284,6624.09
13285,8889.37
13286,6550.92
13287,7647.17
13288,7844.82
13289,7896.26
13290,9319.97
13291,8425.96
13292,7486.45
13293,6841.31
13294,8262.02
13295,16554.63
13296,8844.72
13297,7996.36
13298,6495.13
13299,7734.96
13300,7648.88
13301,7474.0
13302,8581.55
13303,8571.25
13304,6612.31
13305,8670.02
13306,7036.05
13307,6815.14
13308,7327.76
13309,7793.19
13310,7336.46
13311,7694.96
13312,6914.43
13313,7766.84
13314,8892.9
13315,7727.0
13316,8243.11
13317,6800.69
13318,7664.8
13319,7206.79
13320,7755.56
13321,7221.19
13322,8205.41
13323,6643.71
13324,8087.34
13325,7870.98
13326,6660.9
13327,7630.63
13328,7406.04
13329,7323.07
13330,6618.02
13331,7674.09
13332,7933.79
13333,8116.08
13334,8605.99
13335,7612.13
13336,6635.6
13337,8220.85
13338,7138.23
13339,11296.97
13340,7629.74
13341,8238.42
13342,6640.24
13343,7482.55
13344,7813.88
13345,7674.13
13346,5297.24
13347,7512.91
13348,7432.29
13349,7392.38
13350,6606.4
13351,7861.88
13352,7863.69
13353,8290.3
13354,8643.23
13355,6918.6
13356,7996.77
13357,7461.02
13358,7153.28
13359,7635.32
13360,8352.88
13361,6823.95
13362,6812.43
13363,9805.41
13364,6844.06
13365,7246.08
13366,6994.53
13367,7365.85
13368,7523.06
13369,6627.97
13370,8150.42
13371,7756.55
13372,7328.09
13373,7630.63
13374,8092.69
13375,7087.55
13376,7759.27
13377,6642.47
13378,10167.44
13379,7520.96
13380,7270.37
13381,7359.64
13382,6671.2
13383,7113.1
13384,7405.82
13385,7351.45
13386,7036.05
13387,8240.93
13388,6658.48
13389,7542.98
13390,7017.76
13391,11575.54
13392,7739.45
13393,6764.98
13394,7749.82
13395,7451.61
13396,6862.19
13397,8172.72
13398,7759.49
13399,8201.78
13400,7734.96
13401,8275.14
13402,7811.69
13403,7484.39
13404,7634.23
13405,8293.77
13406,8142.2
13407,8684.97
13408,16305.73
13409,7587.63
13410,6926.51
13411,8286.93
13412,8228.13
13413,7706.02
13414,8285.87
13415,8292.08
13416,8224.27
13417,6623.67
13418,7734.96
13419,6843.63
13420,6730.99
13421,7330.64
13422,7694.96
13423,6605.61
13424,7667.32
13425,16901.49
13426,8220.88
13427,8042.81
13428,8577.49
13429,7606.95
13430,8481.9
13431,8803.9
13432,9043.73
13433,8243.11
13434,8282.68
13435,8065.17
13436,10692.21
13437,7783.73
13438,7812.45
13439,6887.75
13440,7472.42
13441,8824.13
13442,7748.17
13443,6572.4
13444,7754.32
13445,6502.78
13446,6697.82
13447,6663.32
13448,7682.36
13449,8196.53
13450,8233.71
13451,8393.29
13452,7751.77
13453,7515.37
13454,6829.36
13455,8252.71
13456,6715.13
13457,8136.27
13458,7421.51
13459,6294.46
13460,7576.9
13461,7343.79
13462,6845.77
13463,7596.69
13464,8148.27
13465,8205.06
13466,7955.13
13467,8022.77
13468,5858.95
13469,7354.29
13470,6726.8
13471,6948.24
13472,6809.35
13473,8742.26
13474,7796.86
13475,8129.28
13476,7987.93
13477,8294.28
13478,6937.3
13479,8486.92
13480,7206.36
13481,9783.1
13482,7463.38
13483,7735.53
13484,6822.93
13485,7693.46
13486,7384.04
13487,11719.69
13488,6764.42
13489,6931.19
13490,7781.28
13491,7861.72
13492,7219.15
13493,8130.49
13494,6643.23
13495,7646.74
13496,6552.77
13497,8258.92
13498,7128.79
13499,7268.25
13500,6930.72
13501,6730.99
13502,7853.11
13503,8217.95
13504,6564.22
13505,7727.0
13506,8357.98
13507,6585.99
13508,8111.21
13509,7668.89
13510,7953.99
13511,7776.4
13512,8243.11
13513,7800.18
13514,7680.28
13515,7026.56
13516,8646.12
13517,7423.99
13518,8220.88
13519,7915.29
13520,6607.79
13521,7265.9
13522,8356.03
13523,7876.07
13524,8252.84
13525,7465.69
13526,7123.56
13527,7341.62
13528,7733.79
13529,7511.94
13530,8594.59
13531,8220.88
13532,8527.51
13533,6703.76
13534,6906.42
13535,8062.2
13536,5836.63
13537,8323.88
13538,7606.15
13539,8270.89
13540,8448.83
13541,7781.09
13542,6741.4
13543,7845.16
13544,8291.25
13545,8022.94
13546,9282.36
13547,7357.13
13548,7601.01
13549,8792.61
13550,8467.91
13551,7226.73
13552,6576.57
13553,7514.63
13554,6969.43
13555,6597.65
13556,7742.92
13557,7990.4
13558,7590.83
13559,8045.09
13560,8374.47
13561,7704.64
13562,8177.73
13563,7650.82
13564,8307.22
13565,7840.9
13566,7394.21
13567,7571.75
13568,7903.22
13569,6624.09
13570,7664.8
13571,8294.64
13572,7555.67
13573,8194.64
13574,6681.68
13575,6908.7
13576,9165.37
13577,7970.0
13578,7506.94
13579,8106.94
13580,7369.34
13581,7729.74
13582,6900.61
13583,7668.89
13584,8199.92
13585,7802.8
13586,9848.2
13587,9235.0
13588,8943.2
13589,7797.95
13590,7440.23
13591,6551.56
13592,7751.08
13593,8747.72
13594,7660.11
13595,8579.48
13596,6628.08
13597,8296.98
13598,7905.64
13599,7052.12
13600,6602.38
13601,6643.83
13602,6722.37
13603,6835.82
13604,7180.79
13605,7541.61
13606,6834.83
13607,7734.96
13608,6608.58
13609,7814.29
13610,8778.18
13611,7599.28
13612,8603.86
13613,8063.45
13614,6861.72
13615,9120.54
13616,7742.92
13617,7644.75
13618,7779.91
13619,6570.95
13620,13152.92
13621,7726.24
13622,6607.03
13623,7787.86
13624,8641.43
13625,9405.49
13626,7880.53
13627,7673.22
13628,7113.37
13629,13123.41
13630,7291.94
13631,7739.83
13632,7657.98
13633,7576.0
13634,7784.38
13635,9082.65
13636,7368.26
13637,6727.69
13638,7148.41
13639,7240.42
13640,8496.32
13641,7123.22
13642,7740.21
13643,5724.84
13644,7853.09
13645,8393.24
13646,7650.82
13647,7486.62
13648,7598.85
13649,7664.8
13650,8025.03
13651,8351.8
13652,7470.6
13653,7632.76
13654,8344.73
13655,7451.05
13656,8272.94
13657,10568.76
13658,6730.67
13659,7846.87
13660,8203.07
13661,7664.8
13662,8382.69
13663,6645.89
13664,7976.96
13665,7829.04
13666,5246.7
13667,6714.54
13668,7523.06
13669,7979.47
13670,7256.51
13671,7674.09
13672,7316.48
13673,8551.7
13674,7866.96
13675,7120.36
13676,8243.39
13677,8239.72
13678,9851.54
13679,6873.3
13680,7584.57
13681,12665.8
13682,8884.6
13683,6765.91
13684,8038.52
13685,6602.02
13686,7675.92
13687,6810.84
13688,6707.4
13689,7745.06
13690,6640.24
13691,6798.66
13692,6835.74
13693,9764.11
13694,8266.17
13695,9846.93
13696,7664.8
13697,7660.62
13698,8418.14
13699,8913.06
13700,8879.84
13701,8094.2
13702,7547.96
13703,7777.36
13704,7690.72
13705,7350.12
13706,7384.15
13707,7832.76
13708,8338.47
13709,7718.37
13710,7415.54
13711,6814.77
13712,7026.18
13713,8552.35
13714,7849.29
13715,10694.23
13716,9536.25
13717,8158.03
13718,8808.42
13719,8111.77
13720,7258.4
13721,10632.61
13722,7884.29
13723,7657.35
13724,7926.98
13725,8032.23
13726,7912.28
13727,7629.76
13728,10753.42
13729,7841.02
13730,8374.71
13731,7177.49
13732,9053.87
13733,7515.62
13734,8255.23
13735,8569.83
13736,7862.27
13737,7635.03
13738,8314.57
13739,7744.05
13740,7755.84
13741,7592.75
13742,7928.57
13743,7257.6
13744,11158.91
13745,7628.12
13746,9637.88
13747,7791.35
13748,7147.65
13749,8247.45
13750,8772.84
13751,7268.55
13752,9183.82
13753,8075.34
13754,8139.66
13755,9369.79
13756,7657.26
13757,7683.34
13758,8500.0
13759,7427.28
13760,10161.0
13761,7996.61
13762,8316.79
13763,7421.61
13764,7466.29
13765,9273.91
13766,7480.82
13767,8431.75
13768,8076.55
13769,8313.23
13770,8227.43
13771,6936.44
13772,8489.1
13773,7716.23
13774,9219.9
13775,7696.56
13776,7816.72
13777,8005.98
13778,8179.93
13779,8306.14
13780,7673.88
13781,7706.05
13782,8735.39
13783,7733.16
13784,7765.67
13785,8147.81
13786,8122.66
13787,7232.4
13788,8359.07
13789,7853.19
13790,7587.16
13791,7210.13
13792,7630.83
13793,7501.36
13794,6948.38
13795,7730.21
13796,7622.09
13797,7637.96
13798,7664.15
13799,7616.67
13800,7635.91
13801,7721.09
13802,7191.68
13803,7853.19
13804,7825.11
13805,8360.6
13806,9916.53
13807,7847.15
13808,8470.43
13809,7481.18
13810,8644.3
13811,8199.06
13812,8382.45
13813,8384.59
13814,7364.98
13815,8327.83
13816,7687.06
13817,8415.14
13818,8228.73
13819,8253.26
13820,7744.05
13821,7208.34
13822,7187.96
13823,7154.14
13824,8431.74
13825,7287.23
13826,7285.45
13827,7996.61
13828,8309.94
13829,7872.99
13830,8696.85
13831,7832.55
13832,8428.03
13833,8673.15
13834,8080.14
13835,7706.21
13836,8348.72
13837,8351.01
13838,5871.79
13839,8379.72
13840,7064.29
13841,8593.93
13842,7288.91
13843,7188.3
13844,7715.11
13845,8120.35
13846,8363.57
13847,11828.76
13848,8782.34
13849,7744.05
13850,8092.14
13851,7826.76
13852,8009.75
13853,7662.35
13854,8108.41
13855,8807.79
13856,7825.82
13857,7094.23
13858,8078.77
13859,7909.96
13860,8256.36
13861,7680.15
13862,8065.81
13863,7859.57
13864,7469.55
13865,8114.4
13866,7350.16
13867,8012.15
13868,7673.88
13869,8145.86
13870,7986.81
13871,7747.47
13872,9316.63
13873,8208.19
13874,7725.99
13875,7895.57
13876,8741.37
13877,7654.19
13878,9225.26
13879,7253.34
13880,7441.93
13881,7635.3
13882,8625.55
13883,7299.93
13884,9888.43
13885,8738.53
13886,9281.56
13887,8174.88
13888,7899.75
13889,7369.22
13890,18675.35
13891,11221.55
13892,7791.35
13893,5468.49
13894,7240.09
13895,9046.27
13896,7736.42
13897,13666.74
13898,18422.97
13899,7634.08
13900,7649.7
13901,8028.32
13902,8515.8
13903,10019.44
13904,8171.3
13905,8477.02
13906,6427.06
13907,7316.1
13908,7673.88
13909,8291.01
13910,7670.23
13911,9029.41
13912,8250.75
13913,7416.7
13914,7163.17
13915,7926.21
13916,7466.15
13917,7093.38
13918,8591.28
13919,8694.56
13920,7595.5
13921,8403.68
13922,7919.59
13923,7806.7
13924,8499.72
13925,8318.39
13926,9381.91
13927,7965.52
13928,7622.8
13929,8420.26
13930,8174.39
13931,6975.85
13932,7662.35
13933,7349.47
13934,7990.23
13935,7732.77
13936,8666.05
13937,8425.63
13938,7374.14
13939,8250.05
13940,8565.19
13941,7384.1
13942,7790.07
13943,16545.56
13944,7744.05
13945,6994.16
13946,7926.49
13947,7674.26
13948,7401.47
13949,5957.28
13950,7498.19
13951,8240.74
13952,7857.09
13953,17830.7
13954,9465.5
13955,7758.56
13956,7822.67
13957,7692.91
13958,8477.02
13959,9293.71
13960,10022.04
13961,8098.57
13962,9925.82
13963,8428.54
13964,8477.02
13965,7839.59
13966,8253.8
13967,7837.88
13968,7876.89
13969,7734.29
13970,7325.19
13971,8841.46
13972,8224.63
13973,7728.32
13974,7988.86
13975,8362.47
13976,12667.27
13977,7668.35
13978,7480.82
13979,8154.58
13980,7781.32
13981,8171.34
13982,7833.32
13983,7675.48
13984,7828.53
13985,7687.06
13986,9194.04
13987,8136.84
13988,8632.08
13989,7637.99
13990,18088.08
13991,8591.28
13992,7750.91
13993,9140.19
13994,7986.81
13995,8303.23
13996,7454.42
13997,7943.47
13998,8157.75
13999,8468.25
14000,7674.53
14001,8676.2
14002,7292.13
14003,7668.23
14004,8743.75
14005,7734.98
14006,7332.1
14007,7799.81
14008,7635.69
14009,7181.89
14010,7601.86
14011,8530.14
14012,8481.89
14013,7673.88
14014,8980.5
14015,7673.88
14016,8296.5
14017,8210.72
14018,7670.49
14019,7293.77
14020,6368.71
14021,7970.79
14022,8188.79
14023,7690.16
14024,7990.55
14025,7727.06
14026,9026.76
14027,7192.42
14028,7979.91
14029,8279.7
14030,8351.01
14031,9032.94
14032,8406.47
14033,7958.77
14034,7231.44
14035,7568.72
14036,8052.96
14037,7249.68
14038,8609.0
14039,7220.69
14040,10140.11
14041,8240.74
14042,10292.95
14043,7685.4
14044,7453.91
14045,7720.07
14046,8752.8
14047,8293.54
14048,7576.0
14049,7645.67
14050,7801.83
14051,9768.18
14052,7610.38
14053,8723.17
14054,8316.76
14055,8321.61
14056,9453.08
14057,8028.48
14058,13776.19
14059,7637.96
14060,7994.86
14061,8794.45
14062,11163.89
14063,7180.39
14064,7066.11
14065,8089.39
14066,7655.83
14067,7599.59
14068,7803.89
14069,8054.85
14070,7165.43
14071,7673.88
14072,7635.29
14073,7690.16
14074,7637.96
14075,10348.36
14076,7026.18
14077,6976.25
14078,7728.32
14079,9186.76
14080,9330.36
14081,7511.45
14082,6597.19
14083,7612.03
14084,7825.82
14085,7698.39
14086,7612.46
14087,8477.02
14088,7758.84
14089,7035.76
14090,7907.83
14091,7747.47
14092,8114.67
14093,8839.93
14094,7726.77
14095,7129.86
14096,7736.42
14097,8016.89
14098,7758.09
14099,8308.75
14100,8220.28
14101,11150.84
14102,8217.41
14103,8379.72
14104,8357.59
14105,10534.13
14106,8449.81
14107,7142.22
14108,7686.61
14109,7875.61
14110,7195.31
14111,7192.65
14112,7239.55
14113,7561.62
14114,8150.49
14115,7642.1
14116,7729.54
14117,7843.88
14118,7739.21
14119,8206.92
14120,8049.19
14121,7503.77
14122,8153.71
14123,7677.52
14124,7380.51
14125,9830.17
14126,7180.51
14127,7727.06
14128,7610.65
14129,8549.67
14130,19277.61
14131,7208.23
14132,7734.29
14133,7922.13
14134,7417.16
14135,7224.62
14136,7673.88
14137,8675.23
14138,7365.8
14139,7868.64
14140,7175.92
14141,8684.68
14142,7033.99
14143,7732.77
14144,8608.64
14145,8718.91
14146,9412.36
14147,8646.26
14148,7938.23
14149,7210.36
14150,8463.64
14151,16922.12
14152,9178.26
14153,8065.58
14154,6560.74
14155,7744.05
14156,7678.51
14157,7902.39
14158,8593.18
14159,8963.67
14160,7180.04
14161,9032.38
14162,7623.15
14163,7503.73
14164,7903.62
14165,8407.32
14166,7889.01
14167,7823.32
14168,7636.22
14169,7740.03
14170,8964.55
14171,7812.6
14172,8380.27
14173,7410.21
14174,7673.88
14175,8101.58
14176,8049.19
14177,7941.73
14178,8303.23
14179,7388.72
14180,8168.32
14181,8145.49
14182,7195.31
14183,7716.23
14184,7690.11
14185,7908.33
14186,7185.29
14187,7687.06
14188,8430.77
14189,8540.45
14190,8700.66
14191,7721.28
14192,6962.84
14193,8950.0
14194,7710.84
14195,11308.48
14196,7852.03
14197,8354.87
14198,7195.13
14199,8090.82
14200,7855.55
14201,7769.13
14202,5605.88
14203,7590.06
14204,7577.48
14205,7794.47
14206,7208.34
14207,8088.24
14208,7876.21
14209,8339.84
14210,9160.98
14211,7131.99
14212,8154.58
14213,8047.73
14214,7375.17
14215,7698.38
14216,8629.26
14217,7602.49
14218,7487.7
14219,9797.03
14220,7484.1
14221,7591.21
14222,7370.48
14223,7469.55
14224,7591.73
14225,7266.58
14226,8325.67
14227,8453.89
14228,8024.6
14229,7716.23
14230,8968.55
14231,7372.47
14232,7837.81
14233,7395.08
14234,10233.94
14235,7758.19
14236,7729.32
14237,7463.34
14238,7191.05
14239,7704.2
14240,8247.11
14241,8053.54
14242,7596.44
14243,8369.69
14244,7178.55
14245,8188.95
14246,7612.46
14247,11967.98
14248,7752.42
14249,7306.64
14250,8061.73
14251,8224.5
14252,7066.11
14253,8720.07
14254,7826.64
14255,8471.24
14256,7744.05
14257,8369.81
14258,7896.47
14259,7861.79
14260,7898.29
14261,8378.48
14262,8743.98
14263,8696.7
14264,16134.67
14265,8320.07
14266,7167.83
14267,8985.72
14268,8286.82
14269,7715.11
14270,8548.93
14271,8429.24
14272,8351.01
14273,7195.13
14274,7744.05
14275,7595.54
14276,7255.06
14277,7908.92
14278,7823.32
14279,7277.72
14280,7801.83
14281,17131.92
14282,8338.47
14283,8076.18
14284,9172.16
14285,7629.76
14286,8506.34
14287,9089.1
14288,9508.39
14289,8380.27
14290,8418.36
14291,8314.67
14292,10762.79
14293,7792.55
14294,8557.26
14295,7245.14
14296,7864.28
14297,9153.72
14298,7757.26
14299,7193.19
14300,7763.4
14301,7128.75
14302,6901.75
14303,7411.31
14304,7781.68
14305,8277.1
14306,8334.89
14307,8662.69
14308,8449.97
14309,8000.1
14310,7473.07
14311,8354.2
14312,7307.93
14313,8332.25
14314,7816.19
14315,6767.28
14316,7690.72
14317,7589.93
14318,7092.58
14319,8524.27
14320,8516.5
14321,8308.0
14322,8481.01
14323,8139.99
14324,6088.89
14325,7757.66
14326,7239.37
14327,7105.97
14328,7317.14
14329,9024.09
14330,7834.83
14331,8456.44
14332,8042.67
14333,8480.06
14334,7473.99
14335,8555.58
14336,7596.78
14337,9170.47
14338,7637.96
14339,7744.62
14340,7499.02
14341,7741.92
14342,7656.71
14343,11837.08
14344,7497.06
14345,7799.88
14346,7870.77
14347,8160.31
14348,7383.25
14349,8247.45
14350,7373.74
14351,7655.83
14352,7066.28
14353,8415.44
14354,7315.53
14355,7610.65
14356,7647.92
14357,7255.06
14358,8864.41
14359,8285.98
14360,6849.52
14361,7812.6
14362,8503.09
14363,7068.83
14364,8325.67
14365,7837.88
14366,8155.85
14367,7775.18
14368,8380.27
14369,7839.62
14370,7629.41
14371,7600.72
14372,8686.18
14373,7404.96
14374,8338.47
14375,8750.88
14376,7061.98
14377,7633.84
14378,8462.16
14379,8142.18
14380,8352.53
14381,7960.98
14382,7885.7
14383,7649.7
14384,7855.35
14385,8061.34
14386,9293.71
14387,8338.47
14388,8631.97
14389,6917.14
14390,7580.46
14391,8210.72
14392,6362.99
14393,8319.51
14394,7664.14
14395,8866.2
14396,8999.22
14397,7967.54
14398,7302.78
14399,7883.13
14400,8379.72
14401,8151.06
14402,9842.07
14403,7553.42
14404,7659.01
14405,9273.33
14406,8771.7
14407,7501.36
14408,7107.48
14409,7946.96
14410,7850.63
14411,7290.36
14412,7828.53
14413,8238.83
14414,7690.16
14415,8193.61
14416,8844.82
14417,7813.08
14418,8554.25
14419,7736.42
14420,8476.78
14421,7993.72
14422,7489.62
14423,7933.82
14424,7999.82
14425,7175.92
14426,7673.88
14427,8373.14
14428,8410.5
14429,8269.89
14430,7259.66
14431,7335.56
14432,9156.99
14433,8368.44
14434,7652.13
14435,8193.14
14436,7974.66
14437,7823.69
14438,7586.74
14439,7837.88
14440,8325.62
14441,8224.34
14442,10122.12
14443,9235.0
14444,8641.89
14445,7839.62
14446,7543.94
14447,6889.96
14448,8153.15
14449,9346.56
14450,7749.6
14451,8685.02
14452,7329.21
14453,8621.33
14454,8808.42
14455,7492.24
14456,6815.91
14457,7313.45
14458,7081.51
14459,7582.28
14460,7413.49
14461,7929.79
14462,7528.7
14463,7744.05
14464,7168.99
14465,7843.91
14466,9350.53
14467,7622.09
14468,8677.34
14469,8213.83
14470,6865.31
14471,9630.07
14472,7828.53
14473,7783.59
14474,7789.0
14475,7139.03
14476,15097.67
14477,7739.21
14478,6984.81
14479,7732.82
14480,9192.44
14481,9564.73
14482,8048.22
14483,7770.58
14484,7559.14
14485,13258.7
14486,7769.96
14487,8090.33
14488,7747.47
14489,7576.0
14490,8514.7
14491,9098.55
14492,8070.35
14493,7232.04
14494,7498.42
14495,7428.78
14496,8600.77
14497,7417.16
14498,7847.28
14499,6316.7
14500,7765.05
14501,8706.64
14502,7736.42
14503,8356.02
14504,7708.21
14505,7673.88
14506,8134.32
14507,8611.08
14508,7890.09
14509,7718.37
14510,8481.89
14511,7808.75
14512,8377.59
14513,10618.35
14514,7152.9
14515,7795.0
14516,8304.25
14517,7673.88
14518,9109.42
14519,7320.12
14520,7923.84
14521,7922.99
14522,5271.63
14523,7335.39
14524,7591.73
14525,8278.25
14526,7501.36
14527,7687.06
14528,7824.01
14529,9138.83
14530,8095.83
14531,7881.78
14532,8673.05
14533,8375.4
14534,10629.26
14535,7446.39
14536,7698.39
14537,12582.74
14538,9038.65
14539,7423.92
14540,8147.81
14541,7132.94
14542,7698.73
14543,6865.42
14544,7311.1
14545,7830.66
14546,7195.13
14547,7345.76
14548,7562.3
14549,9741.65
14550,8401.85
14551,9996.1
14552,7673.88
14553,10378.87
14554,10289.8
14555,11807.37
14556,10384.62
14557,10508.87
14558,8602.61
14559,11641.73
14560,13395.49
14561,9478.97
14562,10692.83
14563,11982.84
14564,10658.81
14565,12989.37
14566,10896.64
14567,12073.99
14568,10067.24
14569,10185.78
14570,14471.85
14571,11678.25
14572,13353.54
14573,10932.56
14574,10597.4
14575,9771.03
14576,9579.77
14577,11964.64
14578,11299.84
14579,11628.12
14580,10170.46
14581,9316.28
14582,9844.39
14583,12319.26
14584,14757.17
14585,11342.78
14586,8568.8
14587,10052.2
14588,13211.48
14589,9568.45
14590,9676.26
14591,10519.46
14592,12089.07
14593,11071.43
14594,10059.57
14595,11222.19
14596,11488.41
14597,10857.48
14598,10869.64
14599,10204.13
14600,17364.41
14601,9952.23
14602,11883.93
14603,12870.14
14604,12312.12
14605,10687.07
14606,12553.73
14607,10814.81
14608,8472.97
14609,10045.89
14610,9354.53
14611,11696.67
14612,11340.75
14613,9526.22
14614,10748.57
14615,10991.76
14616,15488.21
14617,11320.0
14618,10352.57
14619,10213.57
14620,9992.57
14621,10225.79
14622,9930.61
14623,10237.23
14624,10800.19
14625,10529.58
14626,9111.15
14627,10615.76
14628,10273.23
14629,12782.99
14630,10928.84
14631,11701.92
14632,10086.56
14633,11271.69
14634,10436.05
14635,9969.77
14636,10594.0
14637,9326.74
14638,10660.12
14639,10250.69
14640,9020.8
14641,10475.99
14642,10255.57
14643,10654.67
14644,10016.08
14645,9211.48
14646,10154.1
14647,10233.23
14648,12588.0
14649,9965.64
14650,10158.46
14651,9955.81
14652,12729.92
14653,11011.18
14654,10080.41
14655,10629.5
14656,10582.01
14657,11017.39
14658,12022.09
14659,9315.44
14660,12011.85
14661,10809.15
14662,10697.26
14663,10855.08
14664,10668.06
14665,10118.07
14666,11184.51
14667,10613.26
14668,12239.49
14669,10874.6
14670,10464.01
14671,10690.55
14672,9512.97
14673,11553.75
14674,9810.03
14675,10637.0
14676,11464.53
14677,9241.8
14678,9574.73
14679,12665.88
14680,10856.1
14681,9927.54
14682,10783.88
14683,11367.53
14684,10996.21
14685,9831.4
14686,9855.82
14687,9598.45
14688,10030.36
14689,10641.78
14690,11816.2
14691,12550.53
14692,8772.39
14693,10833.01
14694,9284.21
14695,10300.41
14696,9345.07
14697,11264.06
14698,9712.54
14699,10659.1
14700,10871.26
14701,10097.47
14702,9192.68
14703,13460.25
14704,10383.69
14705,10920.88
14706,10340.91
14707,6856.71
14708,10075.99
14709,9843.47
14710,12764.69
14711,12928.4
14712,12488.4
14713,9337.35
14714,9949.46
14715,12493.35
14716,11935.97
14717,9303.63
14718,10617.4
14719,8849.0
14720,12734.47
14721,9141.35
14722,9246.02
14723,9519.67
14724,10594.0
14725,10211.4
14726,11140.56
14727,9423.07
14728,11169.68
14729,10156.67
14730,9656.06
14731,10921.83
14732,13852.75
14733,11936.33
14734,9734.92
14735,9138.8
14736,9907.68
14737,9820.86
14738,9719.74
14739,11697.45
14740,11468.55
14741,10483.77
14742,13326.76
14743,11430.76
14744,8914.89
14745,9314.36
14746,23164.61
14747,17512.72
14748,12017.39
14749,9831.82
14750,11154.98
14751,12597.99
14752,8621.31
14753,12819.67
14754,17343.11
14755,10305.88
14756,11886.39
14757,11231.42
14758,10327.89
14759,14675.02
14760,11775.97
14761,10726.31
14762,10252.56
14763,10191.35
14764,9376.12
14765,10170.73
14766,12843.26
14767,9191.97
14768,10116.51
14769,10131.43
14770,10504.51
14771,11194.88
14772,10799.62
14773,10653.1
14774,10329.34
14775,11486.06
14776,9092.59
14777,8977.31
14778,9550.91
14779,10567.06
14780,10195.38
14781,10003.66
14782,13244.16
14783,10552.77
14784,11000.26
14785,10375.82
14786,11013.17
14787,10486.51
14788,11496.13
14789,10581.58
14790,9268.06
14791,13367.42
14792,9710.96
14793,9976.57
14794,9173.95
14795,10170.92
14796,12350.92
14797,11299.22
14798,11721.28
14799,18815.36
14800,10539.17
14801,10419.18
14802,10364.04
14803,8938.89
14804,10241.74
14805,12764.69
14806,12734.47
14807,10599.74
14808,11879.93
14809,17804.55
14810,12131.82
14811,9466.01
14812,12784.14
14813,12910.85
14814,10750.12
14815,10211.19
14816,12300.61
14817,10533.6
14818,14019.36
14819,11413.23
14820,10750.12
14821,11209.52
14822,12376.91
14823,10074.38
14824,10517.62
14825,10667.37
14826,9225.3
14827,10684.34
14828,9936.58
14829,9828.9
14830,12639.05
14831,10901.19
14832,13912.89
14833,11399.5
14834,9666.32
14835,10949.26
14836,9541.98
14837,10236.12
14838,9969.69
14839,9746.38
14840,11937.34
14841,10348.19
14842,13165.34
14843,10386.62
14844,9388.59
14845,11602.88
14846,21489.15
14847,11799.52
14848,11117.83
14849,10768.47
14850,11455.18
14851,10218.81
14852,10125.95
14853,10906.77
14854,9760.23
14855,10566.48
14856,8734.21
14857,12725.54
14858,12204.77
14859,11914.77
14860,10143.72
14861,12771.5
14862,11651.21
14863,9561.6
14864,8915.21
14865,9332.62
14866,12703.61
14867,10381.89
14868,10667.08
14869,12724.61
14870,10045.81
14871,10791.91
14872,10534.65
14873,10844.2
14874,13157.88
14875,9671.73
14876,9951.98
14877,11402.12
14878,10782.46
14879,12849.87
14880,8568.35
14881,8714.25
14882,12975.48
14883,10975.88
14884,9317.6
14885,9931.21
14886,10925.94
14887,12275.44
14888,11213.05
14889,9745.59
14890,8610.56
14891,9293.11
14892,11272.76
14893,9956.2
14894,9111.81
14895,9043.0
14896,10575.16
14897,10579.2
14898,14963.92
14899,9837.11
14900,10975.36
14901,10285.66
14902,11531.72
14903,10267.77
14904,9909.57
14905,10473.89
14906,10254.29
14907,10630.78
14908,11306.38
14909,10778.51
14910,10326.92
14911,10698.02
14912,12607.54
14913,9878.65
14914,16893.19
14915,9494.04
14916,9732.89
14917,8646.27
14918,11052.53
14919,10924.41
14920,9483.1
14921,9784.58
14922,12096.15
14923,10419.85
14924,11853.42
14925,10772.53
14926,10347.15
14927,12362.51
14928,10582.01
14929,12656.44
14930,10170.08
14931,12140.5
14932,9970.55
14933,10361.43
14934,10200.26
14935,8298.39
14936,10228.58
14937,10144.83
14938,9108.39
14939,9770.96
14940,12477.56
14941,12938.55
14942,12308.74
14943,10726.31
14944,10028.04
14945,10568.81
14946,10936.74
14947,9479.34
14948,11169.03
14949,10935.41
14950,11225.24
14951,10387.24
14952,11557.64
14953,7204.6
14954,11080.49
14955,10270.95
14956,10323.6
14957,17596.87
14958,9659.35
14959,10242.61
14960,10638.27
14961,11936.25
14962,10604.11
14963,10765.56
14964,9385.72
14965,9619.91
14966,9906.97
14967,8969.9
14968,10497.58
14969,12703.61
14970,9590.24
14971,11725.29
14972,10126.44
14973,9515.69
14974,10722.75
14975,10639.42
14976,9348.25
14977,11849.84
14978,10386.62
14979,12863.43
14980,10025.98
14981,10209.68
14982,10864.99
14983,8714.25
14984,7564.87
14985,10222.85
14986,19702.38
14987,10712.13
14988,10667.37
14989,11069.85
14990,10426.14
14991,10511.45
14992,12724.61
14993,9084.41
14994,10630.45
14995,10435.43
14996,9722.44
14997,12215.89
14998,10818.97
14999,13277.23
15000,10465.78
15001,10867.91
15002,11743.63
15003,10429.33
15004,9499.1
15005,10553.38
15006,9155.43
15007,17337.94
15008,10997.72
15009,9792.63
15010,9720.06
15011,12458.61
15012,12709.72
15013,10932.15
15014,11763.35
15015,10558.89
15016,10609.58
15017,10888.64
15018,11314.04
15019,10321.8
15020,10228.0
15021,10186.55
15022,9559.06
15023,9365.85
15024,9610.99
15025,11415.24
15026,11783.01
15027,12113.99
15028,10541.29
15029,8960.7
15030,11087.08
15031,8724.94
15032,9439.32
15033,13693.56
15034,10168.94
15035,9498.5
15036,10645.12
15037,10289.67
15038,10551.17
15039,12569.25
15040,9277.11
15041,9459.45
15042,10552.74
15043,9515.34
15044,8855.45
15045,10211.45
15046,10745.16
15047,11863.41
15048,11397.41
15049,10180.13
15050,11041.51
15051,13857.76
15052,9404.67
15053,10148.35
15054,10685.1
15055,9204.68
15056,10371.87
15057,10279.42
15058,10620.63
15059,11431.13
15060,12772.94
15061,10147.09
15062,9544.07
15063,10347.97
15064,11480.17
15065,10579.59
15066,11618.52
15067,11796.36
15068,11095.39
15069,7764.25
15070,9448.77
15071,10831.52
15072,11652.14
15073,9441.64
15074,11765.72
15075,9444.21
15076,9996.98
15077,10054.22
15078,8631.29
15079,12734.47
15080,12438.49
15081,11119.44
15082,11090.83
15083,10098.33
15084,9063.73
15085,12415.02
15086,9422.83
15087,10698.02
15088,11068.35
15089,11150.8
15090,10361.18
15091,10647.02
15092,9729.32
15093,12809.89
15094,10974.69
15095,9273.86
15096,8644.57
15097,10790.09
15098,11233.63
15099,10873.49
15100,10832.97
15101,10982.08
15102,12026.54
15103,14995.61
15104,9949.72
15105,10345.24
15106,12375.96
15107,10309.21
15108,9448.58
15109,10562.25
15110,12492.67
15111,8718.92
15112,9821.0
15113,10648.75
15114,8984.67
15115,10368.96
15116,9914.38
15117,10120.37
15118,13587.23
15119,11407.16
15120,16182.91
15121,9643.98
15122,11936.32
15123,11421.6
15124,10427.55
15125,10852.8
15126,10857.93
15127,10561.72
15128,10925.94
15129,10628.55
15130,12550.64
15131,11272.62
15132,11399.58
15133,10190.61
15134,9493.81
15135,9776.68
15136,11805.21
15137,17486.7
15138,10658.81
15139,9788.04
15140,11377.52
15141,12469.31
15142,11054.43
15143,5051.87
15144,11164.58
15145,10508.29
15146,10620.95
15147,12729.06
15148,10711.21
15149,12016.8
15150,10252.51
15151,5963.39
15152,9215.24
15153,9311.39
15154,9769.24
15155,11254.84
15156,10349.68
15157,9425.27
15158,10332.45
15159,10790.62
15160,9699.21
15161,10328.26
15162,10470.9
15163,11079.06
15164,11385.52
15165,11171.21
15166,10960.68
15167,10209.11
15168,10780.12
15169,11127.78
15170,10757.73
15171,7328.99
15172,9609.86
15173,10629.5
15174,11995.91
15175,8875.44
15176,10284.69
15177,9929.9
15178,11245.07
15179,9845.42
15180,9516.1
15181,9666.86
15182,10308.46
15183,8276.52
15184,10698.02
15185,9872.7
15186,12784.14
15187,11532.68
15188,9950.96
15189,10145.38
15190,9926.13
15191,10595.52
15192,9229.31
15193,12345.23
15194,9648.82
15195,12037.07
15196,11310.11
15197,9720.69
15198,9700.69
15199,12362.46
15200,10118.49
15201,9291.44
15202,11899.36
15203,11579.91
15204,10858.47
15205,10687.07
15206,11848.61
15207,12776.17
15208,10401.41
15209,10890.76
15210,9064.5
15211,8913.94
15212,9058.01
15213,10880.84
15214,10373.09
15215,10209.31
15216,12361.36
15217,11353.82
15218,10949.79
15219,9772.01
15220,10954.49
15221,9301.69
15222,9390.02
15223,11031.9
15224,10541.29
15225,12119.12
15226,9004.61
15227,9793.05
15228,11276.64
15229,9664.24
15230,10786.79
15231,9781.34
15232,8117.33
15233,8973.96
15234,10628.8
15235,10438.95
15236,10163.19
15237,9984.11
15238,13073.11
15239,11886.39
15240,9801.29
15241,9609.78
15242,11482.91
15243,10734.16
15244,11794.66
15245,9727.25
15246,9826.04
15247,10487.88
15248,9668.71
15249,10159.16
15250,11281.95
15251,10337.0
15252,10774.62
15253,9961.58
15254,10627.7
15255,9564.86
15256,11067.44
15257,10622.24
15258,10476.52
15259,11104.57
15260,11201.91
15261,10503.63
15262,10674.28
15263,9564.17
15264,10444.08
15265,10707.26
15266,11772.47
15267,10535.9
15268,11936.27
15269,10095.46
15270,9702.88
15271,9969.56
15272,9037.59
15273,11631.34
15274,12394.22
15275,12006.8
15276,10961.0
15277,9950.65
15278,10600.31
15279,11949.36
15280,9987.03
15281,10230.42
15282,10700.99
15283,10187.87
15284,11244.54
15285,9782.72
15286,10853.25
15287,10442.08
15288,8587.22
15289,10659.54
15290,12969.31
15291,10176.32
15292,11200.37
15293,11048.5
15294,10010.17
15295,9301.69
15296,10485.76
15297,10064.56
15298,10963.54
15299,11905.33
15300,11035.26
15301,12388.26
15302,12463.94
15303,9834.37
15304,12450.4
15305,10295.46
15306,11242.55
15307,10823.58
15308,9791.12
15309,11305.16
15310,10597.4
15311,10601.0
15312,10954.68
15313,9592.76
15314,8110.16
15315,9712.54
15316,8854.38
15317,11023.87
15318,11415.44
15319,10794.15
15320,9107.44
15321,10711.41
15322,11619.96
15323,12566.97
15324,9858.04
15325,10588.77
15326,8499.58
15327,10640.15
15328,10377.88
15329,10785.51
15330,10289.87
15331,9772.0
15332,19001.89
15333,10959.69
15334,12475.3
15335,11015.57
15336,11219.12
15337,10649.33
15338,9998.41
15339,9574.84
15340,11158.28
15341,17634.1
15342,9588.09
15343,9746.82
15344,10316.94
15345,9960.06
15346,9850.39
15347,11917.56
15348,13583.55
15349,11062.91
15350,9030.87
15351,9748.53
15352,11222.49
15353,9054.94
15354,11783.07
15355,9906.84
15356,11060.32
15357,10722.02
15358,9432.79
15359,11905.4
15360,9259.86
15361,11087.08
15362,10236.08
15363,12690.19
15364,9720.31
15365,9398.35
15366,10690.88
15367,10179.04
15368,10604.11
15369,12565.79
15370,9880.25
15371,10112.05
15372,9836.33
15373,12159.65
15374,11219.26
15375,11192.49
15376,10548.34
15377,13170.47
15378,9831.82
15379,10579.36
15380,12438.49
15381,12483.81
15382,9994.54
15383,9512.97
15384,9577.98
15385,11360.87
15386,10086.99
15387,13485.77
15388,11515.74
15389,10600.52
15390,11154.74
15391,11200.1
15392,13201.87
15393,11458.56
15394,15809.06
15395,10792.52
15396,10568.03
15397,10431.34
15398,9421.32
15399,9788.0
15400,10532.83
15401,12563.77
15402,10697.69
15403,10934.65
15404,11015.65
15405,14900.93
15406,10600.69
15407,18407.89
15408,11087.08
15409,0.0
15410,0.0
15411,0.0
15412,0.0
15413,0.0
15414,0.0
15415,0.0
15416,0.0
15417,0.0
15418,0.0
15419,0.0
15420,0.0
15421,0.0
15422,0.0
15423,0.0
15424,0.0
15425,0.0
15426,0.0
15427,0.0
15428,0.0
15429,0.0
15430,0.0
15431,0.0
15432,0.0
15433,0.0
15434,0.0
15435,0.0
15436,0.0
15437,0.0
15438,0.0
15439,0.0
15440,0.0
15441,0.0
15442,0.0
15443,0.0
15444,0.0
15445,0.0
15446,0.0
15447,0.0
15448,0.0
15449,0.0
15450,0.0
15451,0.0
15452,0.0
15453,0.0
15454,0.0
15455,0.0
15456,0.0
15457,0.0
15458,0.0
15459,0.0
15460,0.0
15461,0.0
15462,0.0
15463,0.0
15464,0.0
15465,0.0
15466,0.0
15467,0.0
15468,0.0
15469,0.0
15470,0.0
15471,0.0
15472,0.0
15473,0.0
15474,0.0
15475,0.0
15476,0.0
15477,0.0
15478,0.0
15479,0.0
15480,0.0
15481,0.0
15482,0.0
15483,0.0
15484,0.0
15485,0.0
15486,0.0
15487,0.0
15488,0.0
15489,0.0
15490,0.0
15491,0.0
15492,0.0
15493,0.0
15494,0.0
15495,0.0
15496,0.0
15497,0.0
15498,0.0
15499,0.0
15500,3023.96
15501,0.0
15502,0.0
15503,0.0
15504,0.0
15505,0.0
15506,0.0
15507,0.0
15508,0.0
15509,0.0
15510,0.0
15511,0.0
15512,0.0
15513,0.0
15514,0.0
15515,0.0
15516,0.0
15517,0.0
15518,0.0
15519,0.0
15520,0.0
15521,0.0
15522,0.0
15523,0.0
15524,0.0
15525,0.0
15526,0.0
15527,0.0
15528,0.0
15529,0.0
15530,0.0
15531,0.0
15532,0.0
15533,0.0
15534,0.0
15535,0.0
15536,0.0
15537,0.0
15538,0.0
15539,0.0
15540,0.0
15541,0.0
15542,0.0
15543,0.0
15544,0.0
15545,0.0
15546,0.0
15547,0.0
15548,0.0
15549,0.0
15550,0.0
15551,0.0
15552,0.0
15553,0.0
15554,0.0
15555,0.0
15556,0.0
15557,0.0
15558,0.0
15559,0.0
15560,0.0
15561,0.0
15562,0.0
15563,0.0
15564,0.0
15565,0.0
15566,0.0
15567,0.0
15568,2217.05
15569,0.0
15570,0.0
15571,0.0
15572,0.0
15573,0.0
15574,0.0
15575,0.0
15576,0.0
15577,0.0
15578,0.0
15579,0.0
15580,0.0
15581,0.0
15582,0.0
15583,0.0
15584,0.0
15585,0.0
15586,0.0
15587,0.0
15588,0.0
15589,0.0
15590,0.0
15591,0.0
15592,0.0
15593,0.0
15594,0.0
15595,0.0
15596,0.0
15597,0.0
15598,0.0
15599,0.0
15600,0.0
15601,0.0
15602,0.0
15603,0.0
15604,0.0
15605,0.0
15606,0.0
15607,0.0
15608,0.0
15609,15066.25
15610,12875.66
15611,0.0
15612,0.0
15613,0.0
15614,0.0
15615,0.0
15616,0.0
15617,0.0
15618,7271.54
15619,0.0
15620,0.0
15621,0.0
15622,0.0
15623,0.0
15624,0.0
15625,0.0
15626,0.0
15627,0.0
15628,0.0
15629,0.0
15630,0.0
15631,0.0
15632,0.0
15633,0.0
15634,0.0
15635,0.0
15636,0.0
15637,3011.54
15638,0.0
15639,0.0
15640,0.0
15641,0.0
15642,0.0
15643,0.0
15644,0.0
15645,0.0
15646,0.0
15647,2769.66
15648,0.0
15649,0.0
15650,0.0
15651,0.0
15652,0.0
15653,0.0
15654,0.0
15655,0.0
15656,0.0
15657,0.0
15658,0.0
15659,0.0
15660,0.0
15661,0.0
15662,0.0
15663,0.0
15664,0.0
15665,8818.78
15666,0.0
15667,0.0
15668,0.0
15669,0.0
15670,0.0
15671,0.0
15672,0.0
15673,0.0
15674,0.0
15675,0.0
15676,0.0
15677,0.0
15678,0.0
15679,0.0
15680,0.0
15681,0.0
15682,8084.74
15683,0.0
15684,0.0
15685,0.0
15686,0.0
15687,0.0
15688,0.0
15689,0.0
15690,0.0
15691,0.0
15692,0.0
15693,0.0
15694,0.0
15695,0.0
15696,0.0
15697,0.0
15698,0.0
15699,0.0
15700,0.0
15701,0.0
15702,0.0
15703,0.0
15704,0.0
15705,0.0
15706,0.0
15707,0.0
15708,0.0
15709,0.0
15710,0.0
15711,0.0
15712,0.0
15713,0.0
15714,0.0
15715,0.0
15716,0.0
15717,0.0
15718,0.0
15719,0.0
15720,0.0
15721,0.0
15722,0.0
15723,0.0
15724,0.0
15725,0.0
15726,0.0
15727,0.0
15728,0.0
15729,0.0
15730,0.0
15731,0.0
15732,0.0
15733,0.0
15734,0.0
15735,0.0
15736,0.0
15737,0.0
15738,0.0
15739,0.0
15740,0.0
15741,0.0
15742,0.0
15743,0.0
15744,2414.24
15745,0.0
15746,0.0
15747,0.0
15748,0.0
15749,0.0
15750,0.0
15751,0.0
15752,0.0
15753,0.0
15754,0.0
15755,0.0
15756,0.0
15757,0.0
15758,3693.55
15759,0.0
15760,0.0
15761,0.0
15762,0.0
15763,0.0
15764,0.0
15765,0.0
15766,0.0
15767,0.0
15768,0.0
15769,0.0
15770,0.0
15771,0.0
15772,0.0
15773,0.0
15774,0.0
15775,0.0
15776,0.0
15777,0.0
15778,0.0
15779,0.0
15780,0.0
15781,0.0
15782,0.0
15783,0.0
15784,0.0
15785,0.0
15786,0.0
15787,0.0
15788,0.0
15789,0.0
15790,0.0
15791,0.0
15792,0.0
15793,0.0
15794,0.0
15795,0.0
15796,0.0
15797,0.0
15798,0.0
15799,0.0
15800,0.0
15801,7246.56
15802,0.0
15803,0.0
15804,0.0
15805,0.0
15806,0.0
15807,0.0
15808,0.0
15809,0.0
15810,0.0
15811,3120.06
15812,0.0
15813,0.0
15814,0.0
15815,3651.49
15816,0.0
15817,0.0
15818,0.0
15819,0.0
15820,0.0
15821,0.0
15822,0.0
15823,0.0
15824,0.0
15825,0.0
15826,0.0
15827,0.0
15828,0.0
15829,0.0
15830,0.0
15831,0.0
15832,0.0
15833,0.0
15834,0.0
15835,0.0
15836,0.0
15837,0.0
15838,0.0
15839,0.0
15840,0.0
15841,0.0
15842,18569.2
15843,0.0
15844,0.0
15845,0.0
15846,0.0
15847,0.0
15848,0.0
15849,0.0
15850,0.0
15851,0.0
15852,0.0
15853,0.0
15854,0.0
15855,0.0
15856,6160.97
15857,0.0
15858,0.0
15859,0.0
15860,0.0
15861,0.0
15862,0.0
15863,0.0
15864,0.0
15865,0.0
15866,0.0
15867,0.0
15868,0.0
15869,0.0
15870,0.0
15871,0.0
15872,0.0
15873,0.0
15874,0.0
15875,0.0
15876,0.0
15877,0.0
15878,0.0
15879,0.0
15880,0.0
15881,0.0
15882,0.0
15883,0.0
15884,0.0
15885,0.0
15886,0.0
15887,0.0
15888,0.0
15889,0.0
15890,0.0
15891,0.0
15892,0.0
15893,0.0
15894,0.0
15895,0.0
15896,0.0
15897,0.0
15898,0.0
15899,0.0
15900,0.0
15901,0.0
15902,0.0
15903,0.0
15904,0.0
15905,0.0
15906,0.0
15907,0.0
15908,0.0
15909,0.0
15910,0.0
15911,0.0
15912,0.0
15913,0.0
15914,0.0
15915,0.0
15916,0.0
15917,0.0
15918,0.0
15919,0.0
15920,0.0
15921,0.0
15922,0.0
15923,0.0
15924,0.0
15925,0.0
15926,0.0
15927,0.0
15928,0.0
15929,0.0
15930,0.0
15931,12353.06
15932,0.0
15933,0.0
15934,0.0
15935,0.0
15936,0.0
15937,0.0
15938,0.0
15939,0.0
15940,0.0
15941,0.0
15942,0.0
15943,0.0
15944,0.0
15945,0.0
15946,0.0
15947,0.0
15948,0.0
15949,0.0
15950,0.0
15951,0.0
15952,0.0
15953,0.0
15954,0.0
15955,0.0
15956,0.0
15957,0.0
15958,0.0
15959,0.0
15960,0.0
15961,0.0
15962,0.0
15963,0.0
15964,0.0
15965,0.0
15966,0.0
15967,0.0
15968,0.0
15969,0.0
15970,0.0
15971,0.0
15972,0.0
15973,0.0
15974,0.0
15975,3635.17
15976,15923.16
15977,0.0
15978,0.0
15979,0.0
15980,0.0
15981,0.0
15982,0.0
15983,0.0
15984,0.0
15985,0.0
15986,0.0
15987,0.0
15988,0.0
15989,0.0
15990,0.0
15991,0.0
15992,0.0
15993,0.0
15994,0.0
15995,0.0
15996,0.0
15997,0.0
15998,0.0
15999,0.0
16000,0.0
16001,0.0
16002,0.0
16003,0.0
16004,11983.05
16005,0.0
16006,0.0
16007,0.0
16008,0.0
16009,0.0
16010,0.0
16011,0.0
16012,0.0
16013,0.0
16014,0.0
16015,0.0
16016,0.0
16017,0.0
16018,0.0
16019,0.0
16020,0.0
16021,0.0
16022,0.0
16023,0.0
16024,0.0
16025,0.0
16026,0.0
16027,0.0
16028,0.0
16029,0.0
16030,0.0
16031,0.0
16032,0.0
16033,0.0
16034,0.0
16035,0.0
16036,0.0
16037,0.0
16038,0.0
16039,0.0
16040,0.0
16041,0.0
16042,0.0
16043,0.0
16044,0.0
16045,0.0
16046,0.0
16047,0.0
16048,0.0
16049,0.0
16050,0.0
16051,0.0
16052,0.0
16053,0.0
16054,0.0
16055,0.0
16056,0.0
16057,0.0
16058,0.0
16059,0.0
16060,0.0
16061,0.0
16062,0.0
16063,0.0
16064,0.0
16065,0.0
16066,0.0
16067,0.0
16068,0.0
16069,0.0
16070,0.0
16071,0.0
16072,0.0
16073,0.0
16074,2426.58
16075,0.0
16076,0.0
16077,0.0
16078,2224.94
16079,0.0
16080,0.0
16081,0.0
16082,0.0
16083,0.0
16084,0.0
16085,0.0
16086,0.0
16087,0.0
16088,0.0
16089,0.0
16090,0.0
16091,0.0
16092,0.0
16093,0.0
16094,0.0
16095,0.0
16096,0.0
16097,0.0
16098,0.0
16099,0.0
16100,0.0
16101,0.0
16102,0.0
16103,0.0
16104,0.0
16105,0.0
16106,0.0
16107,0.0
16108,0.0
16109,0.0
16110,0.0
16111,0.0
16112,0.0
16113,0.0
16114,0.0
16115,0.0
16116,0.0
16117,0.0
16118,0.0
16119,0.0
16120,0.0
16121,0.0
16122,0.0
16123,0.0
16124,0.0
16125,0.0
16126,0.0
16127,0.0
16128,0.0
16129,2735.92
16130,0.0
16131,0.0
16132,0.0
16133,0.0
16134,0.0
16135,0.0
16136,0.0
16137,0.0
16138,0.0
16139,0.0
16140,0.0
16141,0.0
16142,0.0
16143,0.0
16144,12009.77
16145,0.0
16146,0.0
16147,0.0
16148,0.0
16149,0.0
16150,0.0
16151,0.0
16152,0.0
16153,0.0
16154,0.0
16155,0.0
16156,0.0
16157,0.0
16158,0.0
16159,0.0
16160,0.0
16161,0.0
16162,0.0
16163,0.0
16164,0.0
16165,0.0
16166,0.0
16167,0.0
16168,0.0
16169,0.0
16170,0.0
16171,0.0
16172,0.0
16173,0.0
16174,0.0
16175,0.0
16176,0.0
16177,0.0
16178,0.0
16179,0.0
16180,0.0
16181,0.0
16182,0.0
16183,0.0
16184,0.0
16185,0.0
16186,0.0
16187,0.0
16188,0.0
16189,0.0
16190,0.0
16191,0.0
16192,0.0
16193,0.0
16194,0.0
16195,0.0
16196,0.0
16197,0.0
16198,0.0
16199,0.0
16200,0.0
16201,0.0
16202,0.0
16203,0.0
16204,0.0
16205,0.0
16206,0.0
16207,0.0
16208,3067.58
16209,0.0
16210,0.0
16211,0.0
16212,0.0
16213,0.0
16214,0.0
16215,0.0
16216,0.0
16217,0.0
16218,0.0
16219,0.0
16220,0.0
16221,0.0
16222,0.0
16223,0.0
16224,0.0
16225,0.0
16226,0.0
16227,0.0
16228,0.0
16229,0.0
16230,0.0
16231,0.0
16232,0.0
16233,0.0
16234,0.0
16235,0.0
16236,0.0
16237,0.0
16238,0.0
16239,0.0
16240,0.0
16241,0.0
16242,0.0
16243,0.0
16244,0.0
16245,0.0
16246,0.0
16247,0.0
16248,0.0
16249,12610.01
16250,7925.7
16251,0.0
16252,0.0
16253,0.0
16254,0.0
16255,0.0
16256,0.0
16257,0.0
16258,0.0
16259,0.0
16260,0.0
16261,0.0
16262,0.0
16263,0.0
16264,0.0
16265,5204.52
16266,4468.72
16267,6228.86
16268,4745.11
16269,6201.02
16270,4630.47
16271,5449.36
16272,5292.15
16273,4510.37
16274,4561.51
16275,7839.41
16276,6257.9
16277,5263.94
16278,5337.91
16279,5026.85
16280,4054.75
16281,4544.34
16282,5768.37
16283,6195.8
16284,7149.88
16285,6564.95
16286,5445.7
16287,6404.9
16288,4083.21
16289,8783.17
16290,7210.34
16291,5203.6
16292,6215.39
16293,4766.78
16294,5409.35
16295,7510.18
16296,8257.5
16297,5749.05
16298,6178.69
16299,4790.72
16300,6210.35
16301,4567.72
16302,6442.47
16303,6246.86
16304,5531.22
16305,7398.2
16306,6228.86
16307,7116.37
16308,5075.97
16309,4850.69
16310,5264.62
16311,5951.76
16312,10520.33
16313,5714.45
16314,6344.53
16315,6008.43
16316,5292.15
16317,6487.11
16318,4480.81
16319,4001.66
16320,3730.84
16321,5673.13
16322,6378.08
16323,6657.3
16324,7545.87
16325,5210.37
16326,6557.12
16327,4483.65
16328,4504.03
16329,5210.37
16330,6463.33
16331,4114.36
16332,4539.88
16333,5580.25
16334,5224.13
16335,5555.59
16336,4617.19
16337,6475.67
16338,6810.26
16339,5244.46
16340,6446.86
16341,7956.13
16342,4716.65
16343,5009.55
16344,4630.47
16345,6715.73
16346,6260.07
16347,6228.86
16348,6776.54
16349,4561.63
16350,6487.48
16351,7736.89
16352,4797.78
16353,6415.8
16354,6201.02
16355,5532.41
16356,6228.86
16357,4582.79
16358,5542.31
16359,4690.86
16360,7503.57
16361,5078.67
16362,4218.15
16363,3206.78
16364,7510.18
16365,5731.09
16366,5388.23
16367,5695.76
16368,4521.96
16369,5383.19
16370,5274.92
16371,4411.27
16372,6372.11
16373,6217.87
16374,7239.6
16375,7145.44
16376,6503.34
16377,5157.03
16378,6444.21
16379,4992.66
16380,4634.38
16381,6475.67
16382,6339.86
16383,6273.47
16384,6953.77
16385,6201.67
16386,6458.61
16387,6273.47
16388,7556.52
16389,4564.53
16390,3755.46
16391,5323.6
16392,4903.75
16393,4600.67
16394,4467.58
16395,5231.1
16396,6881.92
16397,4871.24
16398,5548.97
16399,5111.26
16400,6010.62
16401,6464.03
16402,4419.61
16403,7510.18
16404,4903.75
16405,6514.24
16406,3412.32
16407,6217.87
16408,4227.61
16409,6537.21
16410,4554.47
16411,4925.13
16412,9933.71
16413,5842.95
16414,5329.83
16415,11041.46
16416,6691.67
16417,7129.27
16418,4890.45
16419,5621.94
16420,6481.04
16421,4211.56
16422,5247.15
16423,5199.94
16424,4547.21
16425,3185.07
16426,6233.44
16427,7878.51
16428,5582.53
16429,5213.31
16430,6366.41
16431,5366.08
16432,4819.07
16433,4395.58
16434,4432.92
16435,6313.38
16436,6807.1
16437,5842.95
16438,5231.1
16439,6953.77
16440,5878.31
16441,6404.9
16442,8198.26
16443,5264.62
16444,6429.14
16445,4239.44
16446,6356.1
16447,4927.54
16448,5592.45
16449,5570.38
16450,5721.65
16451,5049.08
16452,7745.28
16453,7369.29
16454,6596.86
16455,6692.42
16456,6325.1
16457,6921.51
16458,18025.29
16459,10302.78
16460,5993.61
16461,3753.89
16462,5988.68
16463,7519.29
16464,4516.88
16465,10152.47
16466,10870.46
16467,5447.8
16468,4433.45
16469,8176.51
16470,4768.77
16471,8631.41
16472,4456.99
16473,6231.29
16474,4735.66
16475,6434.03
16476,6950.8
16477,6246.87
16478,8014.47
16479,6154.97
16480,6422.5
16481,5119.63
16482,4729.01
16483,5231.1
16484,5473.8
16485,4227.61
16486,4766.45
16487,4637.78
16488,4622.35
16489,5346.3
16490,4417.01
16491,4786.14
16492,6387.45
16493,6378.08
16494,6706.59
16495,6428.97
16496,7841.42
16497,4486.34
16498,4784.5
16499,5238.18
16500,4251.24
16501,5837.04
16502,5730.16
16503,5262.21
16504,5869.0
16505,6160.97
16506,3787.02
16507,6228.86
16508,7285.77
16509,5560.6
16510,5474.62
16511,12381.11
16512,7051.14
16513,5066.25
16514,5484.02
16515,4622.35
16516,4565.14
16517,5009.38
16518,4819.07
16519,6273.47
16520,8158.39
16521,9072.29
16522,5669.53
16523,7146.95
16524,5371.63
16525,5262.21
16526,6231.29
16527,5688.65
16528,10277.5
16529,5538.02
16530,6887.97
16531,6011.64
16532,6231.29
16533,6952.93
16534,5009.5
16535,5792.84
16536,4316.92
16537,6863.33
16538,6449.91
16539,6399.86
16540,6241.43
16541,7117.03
16542,4622.35
16543,6514.24
16544,8135.04
16545,4045.99
16546,5202.31
16547,6407.36
16548,7783.82
16549,6415.8
16550,5780.03
16551,7568.34
16552,7678.06
16553,6810.08
16554,7290.51
16555,6195.58
16556,5967.04
16557,6253.2
16558,17610.05
16559,5087.7
16560,7528.59
16561,6663.52
16562,5264.62
16563,6237.32
16564,5679.08
16565,5264.62
16566,6481.04
16567,6557.12
16568,4797.78
16569,5501.9
16570,5274.92
16571,4272.94
16572,4768.77
16573,5274.92
16574,4307.67
16575,7265.63
16576,4193.8
16577,4775.24
16578,7510.18
16579,6998.29
16580,6503.34
16581,7757.68
16582,5406.77
16583,6832.77
16584,6486.27
16585,6268.03
16586,5292.15
16587,4243.24
16588,5006.93
16589,6491.62
16590,6142.36
16591,7510.18
16592,2976.76
16593,5562.2
16594,7136.52
16595,5311.9
16596,5037.55
16597,6470.75
16598,6514.24
16599,7325.62
16600,6259.11
16601,4672.89
16602,3765.85
16603,5458.52
16604,5801.1
16605,4164.92
16606,5808.16
16607,3993.06
16608,6433.11
16609,6273.47
16610,7800.19
16611,5967.13
16612,4510.77
16613,5478.99
16614,6704.74
16615,6446.79
16616,5339.82
16617,6537.42
16618,6594.78
16619,6596.22
16620,7528.59
16621,5111.26
16622,6486.27
16623,6273.47
16624,6469.31
16625,6398.61
16626,14920.79
16627,5727.23
16628,6432.66
16629,5763.01
16630,7914.79
16631,3841.48
16632,4990.52
16633,6193.96
16634,8702.78
16635,4615.89
16636,7655.69
16637,6135.61
16638,5334.35
16639,7521.96
16640,5533.39
16641,7510.18
16642,5721.1
16643,7871.65
16644,4698.13
16645,5168.12
16646,7027.05
16647,4801.18
16648,5280.75
16649,5916.17
16650,4413.38
16651,5209.13
16652,5296.8
16653,5274.92
16654,4285.15
16655,6231.29
16656,4630.47
16657,5793.33
16658,5475.36
16659,6953.77
16660,5043.2
16661,6267.78
16662,8771.29
16663,5273.06
16664,5009.55
16665,5538.02
16666,7163.67
16667,6228.86
16668,6481.04
16669,10096.47
16670,6341.66
16671,6217.87
16672,6257.9
16673,8764.84
16674,6257.9
16675,4838.28
16676,4637.78
16677,5768.37
16678,4079.81
16679,4425.35
16680,6061.48
16681,7510.18
16682,5904.63
16683,4243.19
16684,1911.06
16685,5780.24
16686,6922.33
16687,6481.04
16688,5999.62
16689,7091.33
16690,6251.52
16691,4285.15
16692,6688.72
16693,4521.78
16694,4887.21
16695,5562.2
16696,4786.14
16697,6476.6
16698,13081.19
16699,4749.98
16700,6863.33
16701,5426.12
16702,3835.62
16703,4652.43
16704,7711.45
16705,5318.95
16706,6804.28
16707,7009.05
16708,4801.89
16709,6429.14
16710,3671.24
16711,5262.21
16712,6160.97
16713,7480.57
16714,9359.19
16715,4745.11
16716,5887.49
16717,4729.01
16718,4743.18
16719,15932.61
16720,8934.58
16721,6442.47
16722,3425.75
16723,7855.08
16724,5263.94
16725,4622.35
16726,6283.36
16727,4708.14
16728,5475.0
16729,6197.79
16730,5390.05
16731,4466.43
16732,4277.59
16733,6178.69
16734,5706.05
16735,3522.68
16736,4197.55
16737,7988.62
16738,7835.91
16739,5529.39
16740,6503.34
16741,4535.23
16742,7355.75
16743,5290.59
16744,5981.43
16745,4721.98
16746,6237.32
16747,4536.75
16748,6453.91
16749,6177.86
16750,5387.25
16751,9082.44
16752,4786.14
16753,5861.69
16754,4152.27
16755,6953.77
16756,7009.65
16757,4420.03
16758,6503.34
16759,4901.59
16760,5079.8
16761,6404.52
16762,7509.46
16763,10078.07
16764,4817.15
16765,6241.43
16766,4801.89
16767,5808.16
16768,7186.72
16769,7551.06
16770,3718.77
16771,5893.86
16772,7312.66
16773,5023.15
16774,4564.53
16775,6415.89
16776,6144.56
16777,6246.87
16778,5601.24
16779,5259.98
16780,6463.91
16781,5425.32
16782,4805.1
16783,5261.68
16784,6730.97
16785,4466.43
16786,3973.48
16787,6632.56
16788,5805.31
16789,6449.74
16790,5101.09
16791,4819.07
16792,7510.18
16793,5438.89
16794,6562.35
16795,4672.18
16796,5887.49
16797,9082.44
16798,5290.59
16799,4600.11
16800,5692.5
16801,4332.03
16802,7081.86
16803,7911.61
16804,5409.35
16805,4819.07
16806,5034.65
16807,4242.76
16808,5024.53
16809,4534.96
16810,5408.0
16811,6273.47
16812,4693.13
16813,5581.39
16814,4251.24
16815,8315.03
16816,6770.97
16817,5504.03
16818,4863.47
16819,4893.66
16820,5033.49
16821,5336.41
16822,6197.14
16823,5776.27
16824,7857.55
16825,6514.24
16826,6313.38
16827,4622.35
16828,5675.61
16829,6421.76
16830,4963.42
16831,6267.78
16832,14856.77
16833,5191.1
16834,5356.35
16835,5170.08
16836,6497.17
16837,9879.54
16838,6246.86
16839,6553.11
16840,6514.24
16841,4834.29
16842,7864.73
16843,5343.83
16844,3758.9
16845,5630.01
16846,3566.67
16847,4073.3
16848,7528.59
16849,17997.43
16850,6257.9
16851,6233.44
16852,5352.16
16853,7510.18
16854,6471.34
16855,1928.88
16856,7263.0
16857,6503.34
16858,6231.9
16859,6666.94
16860,11922.28
16861,4917.42
16862,3532.54
16863,3646.43
16864,5808.16
16865,4913.98
16866,7233.28
16867,4136.93
16868,6987.92
16869,4117.27
16870,5078.29
16871,5181.47
16872,7783.82
16873,6246.87
16874,6486.27
16875,4637.78
16876,5443.77
16877,4490.33
16878,4184.5
16879,6241.43
16880,4012.1
16881,6426.94
16882,5223.29
16883,3646.79
16884,5292.15
16885,5157.88
16886,5262.21
16887,5425.32
16888,5909.15
16889,4637.78
16890,5462.15
16891,6404.9
16892,5853.72
16893,4541.33
16894,4223.34
16895,4447.96
16896,4529.85
16897,5185.21
16898,5435.71
16899,5515.5
16900,6209.19
16901,3214.2
16902,4047.07
16903,6246.87
16904,5856.52
16905,8963.06
16906,5709.27
16907,8904.81
16908,4310.7
16909,5783.2
16910,4501.17
16911,7901.5
16912,3807.99
16913,5660.05
16914,5105.78
16915,6951.37
16916,5251.28
16917,6487.11
16918,4750.47
16919,7956.13
16920,3716.44
16921,5989.81
16922,3829.45
16923,4786.14
16924,5990.82
16925,4224.92
16926,7029.27
16927,6453.91
16928,4819.07
16929,5358.94
16930,6259.11
16931,4220.08
16932,6540.89
16933,5771.02
16934,6341.41
16935,7729.76
16936,6503.34
16937,6224.09
16938,5210.37
16939,5355.71
16940,6267.78
16941,4840.03
16942,6257.9
16943,2964.28
16944,5292.15
16945,4622.35
16946,6503.34
16947,5842.95
16948,6247.48
16949,5603.99
16950,5670.23
16951,4433.45
16952,7567.98
16953,5929.05
16954,5669.53
16955,6257.9
16956,6263.75
16957,5234.37
16958,4866.04
16959,6268.03
16960,5379.68
16961,6497.67
16962,7528.59
16963,5867.74
16964,5926.23
16965,6769.36
16966,3838.02
16967,5435.71
16968,6217.87
16969,6453.91
16970,5562.2
16971,5555.38
16972,7528.59
16973,5867.74
16974,4770.41
16975,4466.96
16976,5541.14
16977,6584.18
16978,4214.94
16979,4666.99
16980,7587.08
16981,5842.95
16982,7587.74
16983,6268.03
16984,5896.47
16985,5398.83
16986,4963.42
16987,5083.21
16988,6275.45
16989,6026.3
16990,5914.52
16991,4630.47
16992,5953.68
16993,4834.29
16994,6832.77
16995,6475.67
16996,8025.59
16997,6208.0
16998,3984.59
16999,5679.08
17000,6570.0
17001,0.0
17002,7510.18
17003,6398.66
17004,5245.64
17005,7545.87
17006,4332.61
17007,5771.02
17008,6503.34
17009,5469.26
17010,9634.01
17011,6302.11
17012,7669.94
17013,6224.09
17014,4819.11
17015,2813.71
17016,6156.1
17017,5479.71
17018,5052.52
17019,5111.26
17020,4066.71
17021,4637.78
17022,5445.7
17023,4808.36
17024,5316.38
17025,4714.43
17026,5292.15
17027,4535.23
17028,5251.61
17029,4622.35
17030,4373.35
17031,7130.13
17032,4116.91
17033,5248.12
17034,5357.32
17035,7510.18
17036,5111.26
17037,6398.61
17038,4900.14
17039,4245.35
17040,7894.95
17041,5692.5
17042,7233.28
17043,4714.43
17044,8253.99
17045,6993.15
17046,5054.3
17047,8647.83
17048,7749.13
17049,6902.4
17050,6306.55
17051,3384.76
17052,5414.05
17053,10473.89
17054,4898.88
17055,4534.15
17056,6761.81
17057,5650.23
17058,6113.93
17059,7207.97
17060,5039.6
17061,5756.93
17062,3829.45
17063,6123.69
17064,6228.86
17065,3835.62
17066,7528.59
17067,4067.79
17068,6825.11
17069,6244.09
17070,5662.55
17071,5002.17
17072,4371.74
17073,7355.75
17074,6421.04
17075,5501.9
17076,7728.65
17077,5568.54
17078,6503.34
17079,5319.15
17080,6225.06
17081,8310.3
17082,4565.14
17083,5210.37
17084,6470.75
17085,7355.75
17086,6190.25
17087,5555.57
17088,5488.25
17089,5337.3
17090,3548.4
17091,3787.02
17092,7510.18
17093,5009.5
17094,5139.96
17095,6923.21
17096,5505.79
17097,5238.97
17098,6423.55
17099,4285.15
17100,5400.74
17101,6231.29
17102,12778.98
17103,5343.1
17104,5292.15
17105,8727.58
17106,8341.38
17107,4180.23
17108,6415.8
17109,5555.57
17110,7783.82
17111,5097.42
17112,5087.22
17113,5345.08
17114,4834.29
17115,4921.57
17116,3916.75
17117,7968.93
17118,6231.29
17119,21404.23
17120,7325.19
17121,5393.74
17122,5669.25
17123,6460.77
17124,6028.05
17125,6301.51
17126,5865.19
17127,5492.54
17128,5326.03
17129,4000.94
17130,4645.13
17131,7653.3
17132,6381.82
17133,5340.4
17134,5316.67
17135,5040.68
17136,4331.7
17137,5893.42
17138,5782.86
17139,6185.02
17140,7181.51
17141,6419.43
17142,5269.28
17143,6404.08
17144,4523.65
17145,8783.17
17146,7073.49
17147,5246.79
17148,5180.65
17149,5205.14
17150,5259.13
17151,7345.37
17152,7914.96
17153,5738.6
17154,5997.12
17155,4711.33
17156,6377.93
17157,4327.99
17158,6391.25
17159,5986.26
17160,5793.32
17161,7342.82
17162,6435.16
17163,6978.35
17164,5358.69
17165,4821.02
17166,6272.85
17167,5975.55
17168,10050.68
17169,5686.04
17170,6804.8
17171,5895.64
17172,5326.03
17173,6411.21
17174,5764.5
17175,4928.32
17176,4544.38
17177,5662.36
17178,6376.1
17179,6801.89
17180,7371.21
17181,6224.08
17182,6323.29
17183,5036.05
17184,5879.39
17185,6272.85
17186,6632.46
17187,4120.73
17188,5335.07
17189,5569.47
17190,5113.54
17191,5225.57
17192,5810.46
17193,6416.01
17194,6847.94
17195,5287.65
17196,6312.7
17197,7791.32
17198,4845.96
17199,5282.97
17200,5913.95
17201,6590.1
17202,6384.0
17203,6435.16
17204,6671.42
17205,5828.95
17206,6487.94
17207,7546.53
17208,5876.04
17209,6385.39
17210,6301.51
17211,5504.71
17212,6435.16
17213,5732.22
17214,5363.52
17215,4654.94
17216,7338.76
17217,5498.02
17218,4218.15
17219,3399.07
17220,7345.37
17221,5720.64
17222,5431.42
17223,5744.47
17224,6345.89
17225,5426.38
17226,5308.8
17227,5158.79
17228,5829.09
17229,6359.48
17230,7119.85
17231,7040.31
17232,6446.31
17233,5193.77
17234,6476.64
17235,6044.95
17236,5856.56
17237,6416.01
17238,6167.3
17239,6397.4
17240,6818.09
17241,5997.12
17242,6412.62
17243,6397.4
17244,7400.97
17245,4658.1
17246,4235.86
17247,5237.0
17248,6323.29
17249,4694.73
17250,4570.74
17251,6272.85
17252,6612.08
17253,5770.33
17254,5540.57
17255,6224.08
17256,5749.47
17257,5997.12
17258,5640.96
17259,7345.37
17260,6323.29
17261,6438.35
17262,3309.25
17263,6340.52
17264,4225.77
17265,6018.31
17266,4648.05
17267,4928.37
17268,9653.99
17269,5832.18
17270,5320.1
17271,9183.56
17272,6622.4
17273,6960.69
17274,6287.61
17275,5682.12
17276,6394.3
17277,4575.72
17278,5260.99
17279,6323.29
17280,5182.83
17281,3255.65
17282,6375.06
17283,7740.56
17284,5591.77
17285,5041.99
17286,6238.41
17287,5351.35
17288,4880.08
17289,5557.21
17290,4467.61
17291,6298.5
17292,6671.42
17293,5832.18
17294,6272.85
17295,6848.65
17296,5984.58
17297,6404.08
17298,7990.37
17299,6272.85
17300,6323.29
17301,4755.74
17302,6688.52
17303,4875.14
17304,5592.45
17305,5571.12
17306,6676.77
17307,5040.99
17308,7624.15
17309,7232.76
17310,6583.97
17311,6660.06
17312,6297.63
17313,6665.06
17314,16447.55
17315,9760.06
17316,5880.82
17317,3663.81
17318,6012.47
17319,7275.83
17320,5751.97
17321,11815.41
17322,11486.26
17323,5490.98
17324,4683.49
17325,7706.2
17326,5997.12
17327,7697.65
17328,5677.94
17329,6389.78
17330,4735.66
17331,6167.04
17332,6815.11
17333,6405.36
17334,7828.45
17335,6260.15
17336,6409.32
17337,5335.94
17338,4717.27
17339,6272.85
17340,5459.9
17341,4225.77
17342,5901.76
17343,6086.55
17344,5780.68
17345,5262.23
17346,5618.35
17347,5924.81
17348,6079.25
17349,6439.33
17350,6755.29
17351,6611.39
17352,7644.99
17353,5649.9
17354,5983.53
17355,5281.37
17356,4615.41
17357,5868.61
17358,5739.18
17359,5296.09
17360,5561.31
17361,5997.12
17362,4255.52
17363,6435.16
17364,6086.55
17365,5363.85
17366,5517.8
17367,12807.19
17368,6932.36
17369,5558.83
17370,5479.22
17371,5921.78
17372,4658.71
17373,5023.21
17374,4880.08
17375,6397.4
17376,7981.07
17377,12289.9
17378,5658.75
17379,7058.73
17380,5405.51
17381,5296.09
17382,6389.78
17383,5677.87
17384,9373.87
17385,5609.39
17386,6850.69
17387,5849.96
17388,6389.78
17389,6851.75
17390,6004.75
17391,5802.21
17392,4834.23
17393,6704.59
17394,6977.97
17395,6284.01
17396,6399.92
17397,6998.25
17398,5829.45
17399,6438.35
17400,7826.78
17401,4792.29
17402,5091.72
17403,6376.94
17404,7587.39
17405,6414.98
17406,5744.92
17407,7393.68
17408,7522.51
17409,6674.4
17410,7047.05
17411,6296.07
17412,6323.29
17413,5021.57
17414,15594.14
17415,5901.76
17416,7371.53
17417,6535.52
17418,6272.85
17419,6395.81
17420,5607.19
17421,6272.85
17422,6421.82
17423,6323.29
17424,5876.04
17425,6206.77
17426,5308.8
17427,4771.48
17428,6055.85
17429,5308.8
17430,4401.24
17431,7129.95
17432,4514.27
17433,4695.86
17434,7345.37
17435,7282.24
17436,6446.31
17437,7581.42
17438,5777.72
17439,6704.59
17440,6461.88
17441,6391.96
17442,5326.03
17443,4544.66
17444,4605.93
17445,6364.22
17446,6266.29
17447,7345.37
17448,3297.13
17449,5551.42
17450,6868.14
17451,5161.79
17452,5020.88
17453,6441.13
17454,6438.35
17455,9545.43
17456,6465.41
17457,5920.88
17458,3945.41
17459,5849.49
17460,6272.85
17461,4164.92
17462,5797.39
17463,4105.28
17464,6403.11
17465,6397.4
17466,8293.83
17467,5905.57
17468,5160.28
17469,5522.17
17470,6882.29
17471,6417.17
17472,5275.16
17473,6537.66
17474,6442.28
17475,7612.4
17476,7371.53
17477,6323.29
17478,6461.88
17479,6397.4
17480,6766.41
17481,6340.68
17482,11996.35
17483,5698.82
17484,6345.92
17485,5752.23
17486,7904.01
17487,3839.64
17488,5219.0
17489,6350.18
17490,8571.98
17491,5111.79
17492,7498.63
17493,6259.54
17494,5323.46
17495,7345.7
17496,5965.43
17497,7345.37
17498,5692.69
17499,7805.15
17500,4785.13
17501,5181.95
17502,6908.27
17503,5010.84
17504,5322.19
17505,5859.58
17506,4452.92
17507,5662.22
17508,5579.52
17509,5308.8
17510,4628.26
17511,6389.78
17512,5913.95
17513,6354.71
17514,5518.55
17515,6848.65
17516,5071.14
17517,6436.88
17518,8648.24
17519,5316.25
17520,5282.97
17521,5582.07
17522,7012.69
17523,6435.16
17524,6451.42
17525,9631.35
17526,6340.84
17527,6340.52
17528,6381.82
17529,8794.64
17530,6400.68
17531,4802.35
17532,5780.68
17533,5792.16
17534,4086.18
17535,4197.03
17536,6067.85
17537,7345.37
17538,5592.25
17539,4698.04
17540,2450.16
17541,5804.03
17542,6803.56
17543,6421.82
17544,6141.39
17545,5393.88
17546,6352.01
17547,4667.48
17548,6412.89
17549,4521.78
17550,4881.43
17551,5551.42
17552,5865.19
17553,6323.29
17554,15976.93
17555,4836.06
17556,6735.15
17557,5524.31
17558,4278.8
17559,4946.39
17560,7565.75
17561,5324.09
17562,6758.62
17563,6920.84
17564,4886.66
17565,6323.29
17566,3899.64
17567,5296.09
17568,5997.12
17569,7309.89
17570,9464.57
17571,5997.12
17572,5876.71
17573,4717.27
17574,4774.45
17575,13013.02
17576,8278.74
17577,6410.21
17578,4001.29
17579,7668.97
17580,5340.4
17581,5829.45
17582,6489.66
17583,4817.76
17584,5521.92
17585,6197.79
17586,5390.8
17587,5370.92
17588,4284.42
17589,5997.12
17590,5724.67
17591,3920.06
17592,4518.02
17593,7831.56
17594,8060.56
17595,5615.16
17596,6446.31
17597,4628.8
17598,7197.02
17599,5252.32
17600,6141.39
17601,5149.39
17602,6395.81
17603,4637.94
17604,6394.68
17605,6278.35
17606,5368.62
17607,8951.64
17608,5865.19
17609,5808.59
17610,4152.27
17611,6818.09
17612,6086.55
17613,5901.76
17614,6446.31
17615,4974.56
17616,5122.99
17617,6684.96
17618,7080.31
17619,9724.48
17620,4774.88
17621,6399.92
17622,4886.66
17623,5797.39
17624,7105.5
17625,7394.0
17626,3664.77
17627,5590.06
17628,7288.86
17629,5831.49
17630,4658.1
17631,6345.02
17632,6140.07
17633,6405.36
17634,6129.01
17635,5336.44
17636,6419.31
17637,5469.37
17638,5176.71
17639,5304.87
17640,6805.32
17641,5370.92
17642,4862.34
17643,7547.29
17644,5728.75
17645,6291.49
17646,4952.0
17647,4880.08
17648,7345.37
17649,5428.0
17650,6472.27
17651,5901.76
17652,5876.71
17653,8951.64
17654,5252.32
17655,4600.48
17656,5735.68
17657,4446.5
17658,7034.13
17659,7872.7
17660,5259.13
17661,4880.08
17662,4982.93
17663,4571.72
17664,5059.59
17665,5062.15
17666,5390.8
17667,6397.4
17668,4657.21
17669,5625.43
17670,4615.41
17671,8344.88
17672,6743.49
17673,5331.7
17674,4652.98
17675,5508.02
17676,5261.97
17677,5698.2
17678,6220.93
17679,5765.5
17680,7697.75
17681,6457.21
17682,6290.96
17683,5829.45
17684,5708.46
17685,6392.14
17686,5880.51
17687,6474.09
17688,15132.76
17689,5143.03
17690,5390.22
17691,5515.47
17692,6472.79
17693,9599.81
17694,5997.12
17695,6496.07
17696,6438.35
17697,4919.05
17698,7709.18
17699,5316.12
17700,4353.29
17701,5632.27
17702,3929.35
17703,4303.15
17704,7371.53
17705,16852.91
17706,6381.82
17707,6356.09
17708,5701.29
17709,7345.37
17710,6503.77
17711,4185.48
17712,7980.5
17713,6446.31
17714,6390.4
17715,6790.86
17716,11911.14
17717,5268.9
17718,5994.75
17719,3527.16
17720,5797.39
17721,5046.19
17722,7042.93
17723,4136.93
17724,6890.28
17725,4155.64
17726,5316.08
17727,5142.72
17728,7587.39
17729,6405.36
17730,6461.88
17731,5901.76
17732,5505.77
17733,5829.45
17734,4182.65
17735,6399.92
17736,4862.34
17737,6550.87
17738,5945.99
17739,4420.07
17740,5326.03
17741,5139.84
17742,5296.09
17743,5478.73
17744,5871.82
17745,5931.66
17746,6086.55
17747,6404.08
17748,5842.95
17749,5710.16
17750,4229.72
17751,4464.5
17752,4528.01
17753,5312.93
17754,5469.59
17755,5558.69
17756,6350.81
17757,6312.7
17758,4089.54
17759,6405.36
17760,5845.75
17761,9755.96
17762,5698.82
17763,8774.01
17764,4639.52
17765,6082.75
17766,6102.03
17767,7541.5
17768,4862.34
17769,5660.8
17770,5388.5
17771,6260.11
17772,5294.47
17773,6411.21
17774,4714.54
17775,7791.32
17776,3883.07
17777,6323.29
17778,4278.8
17779,5865.19
17780,5980.38
17781,4619.69
17782,6897.3
17783,6424.28
17784,4863.92
17785,5444.7
17786,6428.21
17787,4531.41
17788,6464.99
17789,5796.4
17790,6365.45
17791,7533.33
17792,6446.31
17793,6247.88
17794,6224.08
17795,5338.5
17796,6474.09
17797,4871.23
17798,6381.82
17799,3773.63
17800,5222.16
17801,5780.68
17802,6446.31
17803,5832.18
17804,6405.97
17805,5664.16
17806,5653.02
17807,4683.49
17808,7197.7
17809,5767.37
17810,5658.75
17811,6381.82
17812,6077.03
17813,5320.13
17814,5101.11
17815,6391.96
17816,5000.9
17817,6517.82
17818,7371.53
17819,5856.97
17820,5915.46
17821,6496.2
17822,4871.54
17823,5469.59
17824,6359.48
17825,6394.68
17826,5551.42
17827,5641.15
17828,7371.53
17829,5856.97
17830,5986.26
17831,5377.38
17832,5547.52
17833,5829.45
17834,4669.79
17835,4533.04
17836,7431.53
17837,5832.18
17838,7422.93
17839,6391.96
17840,5845.28
17841,5442.02
17842,5880.51
17843,5356.63
17844,6444.55
17845,5854.16
17846,5868.49
17847,5913.95
17848,4559.03
17849,4919.05
17850,6704.59
17851,6397.04
17852,7728.74
17853,6366.49
17854,4862.34
17855,5607.19
17856,7340.35
17857,6086.55
17858,7345.37
17859,6397.85
17860,5255.73
17861,7371.21
17862,4762.1
17863,5780.39
17864,6446.31
17865,5458.49
17866,8347.29
17867,6249.35
17868,8040.94
17869,6247.88
17870,4880.13
17871,3397.59
17872,6198.44
17873,5606.66
17874,5325.94
17875,6323.29
17876,4073.08
17877,5901.76
17878,5269.28
17879,4781.77
17880,5359.57
17881,4800.51
17882,5235.42
17883,4628.8
17884,4571.45
17885,6014.24
17886,4839.39
17887,6992.11
17888,4123.28
17889,5291.31
17890,5631.24
17891,7345.37
17892,6323.29
17893,6368.2
17894,4884.49
17895,4891.62
17896,7708.84
17897,5735.68
17898,7042.93
17899,4800.51
17900,8283.84
17901,6874.37
17902,5068.14
17903,8505.97
17904,7714.3
17905,6684.39
17906,6295.74
17907,3920.47
17908,5393.01
17909,10331.86
17910,4718.95
17911,4588.88
17912,6656.69
17913,5597.47
17914,5997.12
17915,6750.45
17916,5509.26
17917,5719.78
17918,4278.8
17919,5615.11
17920,6435.16
17921,4278.8
17922,7371.53
17923,4113.12
17924,6864.13
17925,6176.45
17926,5677.03
17927,6177.24
17928,5210.06
17929,7179.49
17930,6390.63
17931,6206.77
17932,7481.88
17933,5645.0
17934,6446.31
17935,5306.24
17936,6383.55
17937,8229.29
17938,4658.71
17939,6224.08
17940,6441.13
17941,7179.49
17942,6121.01
17943,5561.94
17944,5770.97
17945,5371.18
17946,3711.3
17947,4255.52
17948,7345.37
17949,6004.75
17950,5559.31
17951,6818.09
17952,5355.57
17953,5418.91
17954,6393.14
17955,4746.97
17956,5986.26
17957,6389.78
17958,12190.85
17959,5297.44
17960,5326.03
17961,9362.03
17962,8320.31
17963,4186.61
17964,6385.39
17965,5561.94
17966,7587.39
17967,4890.92
17968,4727.13
17969,5627.8
17970,4902.23
17971,4953.08
17972,4862.34
17973,7747.28
17974,6389.78
17975,18463.06
17976,7179.49
17977,5191.51
17978,5603.74
17979,6335.58
17980,5890.52
17981,6140.22
17982,5788.89
17983,5847.35
17984,5847.3
17985,3553.26
17986,4645.13
17987,5946.48
17988,6309.07
17989,5930.8
17990,5292.02
17991,4406.78
17992,4197.21
17993,5786.82
17994,5948.58
17995,6185.02
17996,6978.98
17997,6325.22
17998,5147.84
17999,6278.89
18000,4523.65
18001,8783.17
18002,5952.46
18003,5836.31
18004,5180.65
18005,5258.68
18006,5129.76
18007,5859.87
18008,7750.99
18009,5373.35
18010,5890.52
18011,4596.73
18012,6363.13
18013,4327.99
18014,6271.97
18015,5879.66
18016,5908.21
18017,5844.33
18018,6309.97
18019,5952.46
18020,5926.89
18021,4821.02
18022,6235.1
18023,4744.04
18024,8739.0
18025,5352.35
18026,6847.06
18027,5876.32
18028,5053.61
18029,6313.89
18030,5690.88
18031,4928.32
18032,4525.64
18033,5662.36
18034,6250.9
18035,6664.84
18036,5845.8
18037,6183.57
18038,6244.38
18039,5036.05
18040,5805.77
18041,6215.04
18042,6507.27
18043,4092.77
18044,5335.07
18045,5569.47
18046,5224.92
18047,4946.8
18048,5718.12
18049,6318.68
18050,5952.46
18051,4703.92
18052,6233.8
18053,5946.89
18054,4802.95
18055,5926.89
18056,5820.37
18057,6498.68
18058,6265.6
18059,6309.97
18060,5952.46
18061,5786.37
18062,6350.88
18063,5952.46
18064,5799.75
18065,6266.99
18066,6120.33
18067,5244.66
18068,6309.97
18069,5689.64
18070,5250.6
18071,4568.38
18072,5944.75
18073,5498.02
18074,4185.16
18075,3399.07
18076,5859.87
18077,5373.35
18078,5906.17
18079,5744.47
18080,6324.74
18081,5847.35
18082,4804.91
18083,5158.79
18084,5735.51
18085,6279.93
18086,6890.64
18087,5952.46
18088,6348.98
18089,5243.46
18090,6357.36
18091,6015.64
18092,5726.6
18093,6318.68
18094,5319.49
18095,6284.91
18096,5952.46
18097,5890.52
18098,6275.57
18099,6284.91
18100,5952.46
18101,4645.66
18102,4235.86
18103,5093.44
18104,6244.38
18105,4653.27
18106,4558.43
18107,6215.04
18108,6163.15
18109,5649.51
18110,5185.04
18111,6183.57
18112,5725.69
18113,5890.52
18114,5575.45
18115,5944.13
18116,6244.38
18117,6347.82
18118,3254.46
18119,6260.97
18120,4192.77
18121,5890.52
18122,4635.6
18123,4928.37
18124,6007.04
18125,5832.18
18126,4671.93
18127,8671.68
18128,6014.86
18129,5952.46
18130,6264.99
18131,5400.18
18132,6275.02
18133,4575.72
18134,5872.44
18135,6244.38
18136,5926.89
18137,3237.33
18138,6255.78
18139,5953.73
18140,5461.39
18141,4697.91
18142,6200.73
18143,5010.37
18144,5739.72
18145,5514.63
18146,4467.61
18147,6173.31
18148,5952.46
18149,5832.18
18150,6215.04
18151,5952.46
18152,5759.82
18153,6278.89
18154,5946.48
18155,6235.1
18156,6244.38
18157,4755.74
18158,6389.37
18159,4644.64
18160,5402.34
18161,5232.34
18162,6488.62
18163,5040.99
18164,7571.91
18165,6600.56
18166,6385.22
18167,6660.06
18168,6172.44
18169,5888.34
18170,15393.41
18171,8778.59
18172,5861.49
18173,3664.97
18174,4754.08
18175,7096.05
18176,5678.35
18177,11540.07
18178,11430.39
18179,5821.2
18180,4660.11
18181,6844.05
18182,5890.52
18183,7131.26
18184,5592.01
18185,6310.23
18186,4735.66
18187,6056.3
18188,5952.46
18189,6286.08
18190,5984.01
18191,6012.94
18192,6284.13
18193,5335.94
18194,4579.04
18195,6215.04
18196,5427.01
18197,4192.77
18198,5795.16
18199,5999.91
18200,5704.39
18201,5160.49
18202,5552.84
18203,5831.23
18204,5972.65
18205,6314.14
18206,6538.43
18207,6492.99
18208,5921.85
18209,5584.39
18210,5831.23
18211,4697.64
18212,4615.41
18213,5804.55
18214,5372.36
18215,5929.08
18216,5537.53
18217,5890.52
18218,4255.52
18219,6309.97
18220,5999.91
18221,5270.23
18222,5877.78
18223,12490.74
18224,5952.46
18225,5558.83
18226,5355.52
18227,5855.48
18228,4635.08
18229,5341.08
18230,5778.09
18231,6284.91
18232,5946.48
18233,12136.29
18234,5658.75
18235,5952.46
18236,5934.78
18237,5929.08
18238,6310.23
18239,5677.87
18240,9247.77
18241,5362.51
18242,6850.69
18243,5609.93
18244,6310.23
18245,5933.78
18246,5912.41
18247,5469.63
18248,4834.23
18249,5952.46
18250,6977.97
18251,6194.89
18252,6274.73
18253,5952.46
18254,5735.86
18255,6347.82
18256,7653.71
18257,5926.89
18258,5186.82
18259,6258.55
18260,5950.5
18261,6289.79
18262,5437.75
18263,5927.81
18264,5952.46
18265,5952.46
18266,6889.6
18267,6132.45
18268,6244.38
18269,5021.57
18270,14148.52
18271,5795.16
18272,5941.57
18273,6515.91
18274,6235.1
18275,6270.62
18276,5573.62
18277,6235.1
18278,6302.54
18279,6244.38
18280,5799.75
18281,6166.59
18282,4804.91
18283,4771.48
18284,5890.52
18285,5914.34
18286,4385.68
18287,5952.46
18288,4514.27
18289,4557.62
18290,5859.87
18291,7490.85
18292,6348.98
18293,5952.46
18294,5805.34
18295,5952.46
18296,6324.83
18297,6273.56
18298,5847.3
18299,4368.11
18300,4207.42
18301,5432.43
18302,6193.53
18303,5859.87
18304,3261.58
18305,5551.42
18306,6629.73
18307,5149.73
18308,4376.95
18309,6321.85
18310,6347.82
18311,9440.53
18312,6340.22
18313,5778.36
18314,3945.41
18315,5162.95
18316,6215.04
18317,4123.55
18318,5797.39
18319,4087.19
18320,6391.59
18321,6284.91
18322,8356.74
18323,5505.37
18324,5160.28
18325,5903.2
18326,6802.74
18327,6291.98
18328,5242.18
18329,5952.46
18330,6108.77
18331,7502.28
18332,5918.88
18333,6244.38
18334,6324.83
18335,6284.91
18336,6647.13
18337,6215.48
18338,11859.97
18339,5335.25
18340,6220.73
18341,5752.23
18342,7904.01
18343,3826.97
18344,4767.87
18345,6224.98
18346,5946.48
18347,5093.44
18348,5928.36
18349,6135.31
18350,5323.46
18351,5952.46
18352,5965.43
18353,5859.87
18354,5345.4
18355,7704.44
18356,4761.48
18357,5193.55
18358,5952.46
18359,4964.52
18360,5299.81
18361,5795.98
18362,4443.54
18363,5662.22
18364,5926.89
18365,5830.08
18366,4628.26
18367,6310.23
18368,5820.37
18369,6358.47
18370,5366.42
18371,5952.46
18372,5239.12
18373,6357.33
18374,5933.37
18375,4730.08
18376,5926.89
18377,5362.51
18378,5943.53
18379,6309.97
18380,6332.14
18381,8768.58
18382,6215.65
18383,6260.97
18384,6309.07
18385,8749.16
18386,6321.13
18387,4657.46
18388,5704.39
18389,5948.58
18390,4069.4
18391,4197.03
18392,6067.85
18393,5859.87
18394,5568.47
18395,4698.04
18396,2456.36
18397,5948.58
18398,5952.46
18399,6309.33
18400,5937.03
18401,5271.43
18402,6214.33
18403,4667.48
18404,5446.19
18405,4521.78
18406,4804.24
18407,5551.42
18408,5788.89
18409,6244.38
18410,15948.62
18411,4823.74
18412,5952.46
18413,5464.98
18414,4278.8
18415,4825.84
18416,5946.48
18417,5292.9
18418,5245.69
18419,5952.46
18420,4886.66
18421,6244.38
18422,3900.79
18423,5929.08
18424,5890.52
18425,6647.15
18426,8887.8
18427,5890.52
18428,5876.71
18429,4579.04
18430,4774.45
18431,12572.83
18432,8068.34
18433,6290.93
18434,5412.12
18435,5952.46
18436,5930.8
18437,5735.86
18438,6370.38
18439,4774.75
18440,5508.25
18441,5989.6
18442,5265.2
18443,5370.92
18444,4285.58
18445,5890.52
18446,5399.88
18447,3920.06
18448,4518.02
18449,5937.96
18450,8146.06
18451,5930.8
18452,6348.98
18453,4616.36
18454,5952.46
18455,5236.82
18456,5937.03
18457,5149.39
18458,6270.62
18459,4640.83
18460,6282.2
18461,6143.8
18462,5357.44
18463,5946.48
18464,5788.89
18465,5399.88
18466,4135.48
18467,5952.46
18468,5999.91
18469,5795.16
18470,6348.98
18471,5790.54
18472,4424.22
18473,6528.4
18474,6210.87
18475,8773.25
18476,4784.18
18477,6274.73
18478,4886.66
18479,5797.39
18480,5933.78
18481,5850.03
18482,3665.93
18483,5479.64
18484,5862.33
18485,5788.91
18486,4645.66
18487,6239.52
18488,6140.07
18489,6286.08
18490,6045.23
18491,4810.19
18492,6300.91
18493,5348.09
18494,5176.71
18495,5921.61
18496,5973.54
18497,5370.92
18498,4862.34
18499,7539.75
18500,5345.17
18501,5440.66
18502,4597.12
18503,5739.72
18504,5859.87
18505,5428.0
18506,6428.46
18507,5795.16
18508,5876.71
18509,5946.48
18510,5236.82
18511,4577.35
18512,5889.68
18513,4446.5
18514,7014.67
18515,6982.57
18516,5129.76
18517,5778.09
18518,4905.74
18519,4571.72
18520,5048.6
18521,5062.15
18522,5265.2
18523,6284.91
18524,4578.72
18525,5374.24
18526,4615.41
18527,8344.88
18528,5952.46
18529,5308.06
18530,4261.29
18531,5508.02
18532,4767.87
18533,6001.39
18534,5939.65
18535,5765.5
18536,5952.46
18537,6359.89
18538,6165.77
18539,5735.86
18540,5456.18
18541,6266.94
18542,5759.69
18543,6394.53
18544,14852.5
18545,4975.85
18546,4868.99
18547,5464.9
18548,6335.73
18549,6007.04
18550,5890.52
18551,6398.75
18552,6347.82
18553,4919.05
18554,5946.48
18555,5220.32
18556,4353.29
18557,5323.7
18558,3929.35
18559,4303.15
18560,5872.1
18561,14070.83
18562,6309.07
18563,6236.81
18564,5613.35
18565,5859.87
18566,6384.49
18567,4069.9
18568,7830.19
18569,6348.98
18570,6310.84
18571,6898.52
18572,11552.24
18573,5227.59
18574,5888.15
18575,3466.37
18576,5797.39
18577,5078.32
18578,5952.46
18579,4117.03
18580,5952.46
18581,4148.73
18582,4670.9
18583,5142.72
18584,5845.8
18585,6286.08
18586,6324.83
18587,5795.16
18588,5348.99
18589,5735.86
18590,4130.1
18591,6274.73
18592,4862.34
18593,6524.83
18594,5831.23
18595,4371.26
18596,5847.3
18597,5175.65
18598,4812.43
18599,5348.09
18600,5693.9
18601,5825.06
18602,5999.91
18603,6278.89
18604,5805.07
18605,5667.58
18606,4196.72
18607,4415.94
18608,4495.01
18609,5312.54
18610,6010.28
18611,5880.58
18612,6225.62
18613,6233.8
18614,4086.74
18615,6286.08
18616,5845.75
18617,9870.07
18618,5335.25
18619,5946.48
18620,4639.52
18621,5946.89
18622,6102.03
18623,7473.42
18624,4862.34
18625,5226.51
18626,5926.89
18627,5705.08
18628,5693.26
18629,6313.89
18630,4741.4
18631,5946.89
18632,3866.28
18633,6244.38
18634,4278.8
18635,5788.89
18636,5556.73
18637,4553.33
18638,6030.89
18639,6305.0
18640,4472.1
18641,5930.8
18642,6303.01
18643,4410.86
18644,6421.18
18645,5431.3
18646,6240.26
18647,5930.06
18648,6348.98
18649,5955.82
18650,6183.57
18651,5297.0
18652,6394.53
18653,5136.61
18654,6309.07
18655,3583.12
18656,5206.66
18657,5704.39
18658,6348.98
18659,5832.18
18660,6286.69
18661,5400.18
18662,5352.41
18663,4660.11
18664,7000.27
18665,5605.44
18666,5658.75
18667,6309.07
18668,5936.87
18669,4693.83
18670,5073.42
18671,6273.56
18672,4876.39
18673,6392.63
18674,5872.1
18675,5856.97
18676,5915.46
18677,5927.14
18678,4871.54
18679,6010.28
18680,6279.93
18681,6282.2
18682,5551.42
18683,4816.76
18684,5850.03
18685,5856.97
18686,5879.66
18687,5377.38
18688,5547.52
18689,5735.86
18690,4669.79
18691,4510.22
18692,5952.46
18693,5832.18
18694,5859.87
18695,6266.77
18696,5845.28
18697,5934.83
18698,5759.69
18699,5926.89
18700,6325.27
18701,5811.76
18702,5322.13
18703,5820.37
18704,4491.19
18705,4919.05
18706,5952.46
18707,6299.72
18708,6221.92
18709,6241.3
18710,4862.34
18711,5573.62
18712,7315.18
18713,5999.91
18714,5859.87
18715,6272.66
18716,5244.55
18717,5927.81
18718,4737.98
18719,5431.53
18720,6348.98
18721,5458.49
18722,7903.58
18723,6249.31
18724,8047.92
18725,5955.82
18726,5739.77
18727,3368.07
18728,6063.75
18729,5546.7
18730,5926.89
18731,6244.38
18732,4047.92
18733,5795.16
18734,5147.84
18735,4747.46
18736,5562.43
18737,4788.19
18738,5219.92
18739,4616.36
18740,4571.45
18741,5940.61
18742,4839.39
18743,5952.46
18744,4106.5
18745,5906.17
18746,5508.71
18747,5859.87
18748,6244.38
18749,6249.8
18750,4856.46
18751,4611.22
18752,5952.46
18753,5889.68
18754,5952.46
18755,4788.19
18756,8283.84
18757,5952.46
18758,4531.21
18759,5967.64
18760,7714.3
18761,6583.42
18762,6108.65
18763,3920.47
18764,5284.48
18765,10241.85
18766,4513.99
18767,4564.88
18768,5952.46
18769,5543.43
18770,5890.52
18771,6520.69
18772,5504.14
18773,5649.72
18774,4278.8
18775,5348.92
18776,6309.97
18777,4278.8
18778,5918.88
18779,4113.12
18780,5966.26
18781,6170.05
18782,5948.58
18783,6075.94
18784,5926.89
18785,5952.46
18786,6272.23
18787,6166.59
18788,6817.74
18789,5930.8
18790,6348.98
18791,5151.18
18792,6304.0
18793,8186.91
18794,4646.26
18795,6183.57
18796,6321.85
18797,5952.46
18798,6121.01
18799,5561.94
18800,5908.21
18801,5976.16
18802,3720.44
18803,4255.52
18804,5859.87
18805,5912.41
18806,5559.31
18807,5952.46
18808,5217.12
18809,5284.87
18810,6280.37
18811,4746.97
18812,5879.66
18813,6310.23
18814,11394.16
18815,5211.11
18816,5847.3
18817,9310.17
18818,8276.7
18819,4134.05
18820,6266.99
18821,5561.94
18822,5845.8
18823,4762.96
18824,4822.49
18825,5926.89
18826,4902.23
18827,5039.81
18828,4862.34
18829,7486.46
18830,6310.23
18831,18543.86
18832,5952.46
18833,5191.51
18834,5603.74
18835,6269.13
18836,5890.52
18837,6054.63
18838,5788.89
18839,5847.35
18840,5847.3
18841,3542.36
18842,4645.13
18843,5946.48
18844,6223.47
18845,5930.8
18846,5280.55
18847,4406.78
18848,4186.55
18849,5786.82
18850,5948.58
18851,6185.02
18852,7017.87
18853,6222.44
18854,5147.84
18855,6193.24
18856,4523.65
18857,8783.17
18858,5952.46
18859,5836.31
18860,5180.65
18861,5315.44
18862,5075.55
18863,5859.87
18864,7721.56
18865,5361.87
18866,5890.52
18867,4596.73
18868,6308.21
18869,4327.99
18870,6186.32
18871,5879.66
18872,5908.21
18873,5844.33
18874,6243.52
18875,5952.46
18876,5926.89
18877,4775.41
18878,6235.1
18879,4744.04
18880,8722.4
18881,5340.88
18882,6860.99
18883,5773.24
18884,5053.61
18885,6228.3
18886,5690.88
18887,4928.32
18888,4534.73
18889,5662.36
18890,6167.26
18891,6644.19
18892,5845.8
18893,6183.57
18894,6244.38
18895,5036.05
18896,5805.77
18897,6215.04
18898,6438.81
18899,4092.77
18900,5335.07
18901,5569.47
18902,5213.44
18903,4752.49
18904,5718.12
18905,6233.04
18906,5952.46
18907,4703.92
18908,6233.8
18909,5946.89
18910,4778.27
18911,5926.89
18912,5820.37
18913,6395.9
18914,6180.01
18915,6243.52
18916,5952.46
18917,5786.37
18918,6267.24
18919,5952.46
18920,5799.75
18921,6164.21
18922,6034.73
18923,5233.18
18924,6243.52
18925,5689.64
18926,5239.13
18927,4568.38
18928,5944.75
18929,5498.02
18930,4185.16
18931,3399.07
18932,5859.87
18933,5361.87
18934,5906.17
18935,5744.47
18936,6334.5
18937,5847.35
18938,4804.91
18939,5158.79
18940,5724.64
18941,6211.47
18942,6849.15
18943,5952.46
18944,6263.34
18945,5231.98
18946,6290.91
18947,6050.78
18948,5726.6
18949,6233.04
18950,5308.01
18951,6199.32
18952,5952.46
18953,5890.52
18954,6189.92
18955,6199.32
18956,5952.46
18957,4645.66
18958,4235.86
18959,5093.44
18960,6244.38
18961,4653.27
18962,4558.43
18963,6215.04
18964,6144.33
18965,5649.51
18966,5185.04
18967,6183.57
18968,5725.69
18969,5890.52
18970,5575.45
18971,5944.13
18972,6244.38
18973,6245.04
18974,3133.93
18975,6163.92
18976,4192.77
18977,5890.52
18978,4635.6
18979,4928.37
18980,6007.04
18981,5832.18
18982,4670.81
18983,8554.63
18984,6014.86
18985,5952.46
18986,6300.13
18987,5388.71
18988,6172.23
18989,4575.72
18990,5872.44
18991,6244.38
18992,5926.89
18993,3237.33
18994,6187.32
18995,5953.73
18996,5449.92
18997,4678.11
18998,6200.73
18999,5010.37
19000,5739.72
19001,5517.07
19002,4467.61
19003,6087.66
19004,5952.46
19005,5832.18
19006,6215.04
19007,5952.46
19008,5758.69
19009,6193.24
19010,5946.48
19011,6235.1
19012,6244.38
19013,4755.74
19014,6382.13
19015,4631.28
19016,5413.51
19017,5220.86
19018,6467.29
19019,5020.18
19020,7570.35
19021,6600.56
19022,6358.38
19023,6639.74
19024,6086.79
19025,5876.87
19026,14705.07
19027,8789.83
19028,5758.41
19029,3664.97
19030,4754.08
19031,7048.83
19032,5678.35
19033,11492.34
19034,11480.56
19035,5821.2
19036,4660.11
19037,6844.05
19038,5890.52
19039,7083.69
19040,5592.01
19041,6241.77
19042,4735.66
19043,6039.04
19044,5952.46
19045,6217.62
19046,5984.01
19047,6012.94
19048,6198.49
19049,5335.94
19050,4579.04
19051,6215.04
19052,5415.53
19053,4192.77
19054,5795.16
19055,5999.91
19056,5704.39
19057,5160.49
19058,5552.84
19059,5831.23
19060,5972.65
19061,6230.5
19062,6538.43
19063,6455.27
19064,5921.85
19065,5584.39
19066,5831.23
19067,4697.64
19068,4615.41
19069,5804.55
19070,5360.88
19071,5929.08
19072,5510.84
19073,5890.52
19074,4255.52
19075,6243.52
19076,5999.91
19077,5258.76
19078,5877.78
19079,12427.54
19080,5952.46
19081,5273.12
19082,5344.04
19083,5855.48
19084,4635.08
19085,5341.08
19086,5778.09
19087,6199.32
19088,5946.48
19089,12239.95
19090,5658.75
19091,5952.46
19092,5934.78
19093,5929.08
19094,6241.77
19095,5677.87
19096,9208.64
19097,5351.04
19098,6830.37
19099,5591.11
19100,6241.77
19101,5933.78
19102,5912.41
19103,5458.15
19104,4834.23
19105,5952.46
19106,6964.82
19107,6194.89
19108,6206.27
19109,5952.46
19110,5735.86
19111,6245.04
19112,7609.46
19113,5926.89
19114,5175.34
19115,6155.76
19116,5950.5
19117,6187.01
19118,5426.28
19119,5927.81
19120,5952.46
19121,5952.46
19122,6862.11
19123,6046.85
19124,6244.38
19125,5021.57
19126,13420.46
19127,5795.16
19128,5941.57
19129,6515.91
19130,6235.1
19131,6202.16
19132,5552.81
19133,6235.1
19134,6199.76
19135,6244.38
19136,5799.75
19137,6166.59
19138,4804.91
19139,4771.48
19140,5890.52
19141,5914.34
19142,4385.68
19143,5952.46
19144,4514.27
19145,4563.22
19146,5859.87
19147,7444.8
19148,6263.34
19149,5952.46
19150,5797.4
19151,5952.46
19152,6239.18
19153,6187.97
19154,5847.3
19155,4357.45
19156,4201.78
19157,5432.43
19158,6107.94
19159,5859.87
19160,3261.58
19161,5551.42
19162,6602.25
19163,5138.26
19164,4375.82
19165,6236.2
19166,6245.04
19167,9399.89
19168,6273.77
19169,5778.36
19170,3945.41
19171,5151.48
19172,6215.04
19173,4123.55
19174,5797.39
19175,4087.19
19176,6391.59
19177,6199.32
19178,8356.74
19179,5493.9
19180,5160.28
19181,5903.2
19182,6736.29
19183,6206.33
19184,5242.18
19185,5952.46
19186,6108.77
19187,7376.81
19188,5918.88
19189,6244.38
19190,6239.18
19191,6199.32
19192,6643.67
19193,6129.89
19194,11883.74
19195,5323.77
19196,6135.13
19197,5752.23
19198,7904.01
19199,3826.97
19200,4767.87
19201,6156.53
19202,5946.48
19203,5093.44
19204,5928.36
19205,6049.72
19206,5302.65
19207,5952.46
19208,5965.43
19209,5859.87
19210,5333.92
19211,7577.06
19212,4761.48
19213,5193.55
19214,5952.46
19215,4973.84
19216,5299.81
19217,5754.93
19218,4443.54
19219,5662.22
19220,5926.89
19221,5830.08
19222,4628.26
19223,6241.77
19224,5820.37
19225,6356.39
19226,5409.17
19227,5952.46
19228,5088.07
19229,6290.88
19230,5933.37
19231,4730.08
19232,5926.89
19233,5351.04
19234,5943.53
19235,6243.52
19236,6229.35
19237,8779.82
19238,6130.0
19239,6163.92
19240,6223.47
19241,8749.16
19242,6235.54
19243,4657.46
19244,5704.39
19245,5948.58
19246,4069.4
19247,4197.03
19248,6067.85
19249,5859.87
19250,5560.53
19251,4698.04
19252,2456.36
19253,5948.58
19254,5952.46
19255,6206.55
19256,5851.44
19257,5271.43
19258,6128.74
19259,4667.48
19260,5434.72
19261,4557.1
19262,4804.24
19263,5551.42
19264,5788.89
19265,6244.38
19266,16004.06
19267,4802.93
19268,5952.46
19269,5464.98
19270,4278.8
19271,4815.17
19272,5946.48
19273,5292.9
19274,5234.22
19275,5952.46
19276,4886.66
19277,6244.38
19278,3900.79
19279,5929.08
19280,5890.52
19281,6647.15
19282,8656.46
19283,5890.52
19284,5876.71
19285,4579.04
19286,4774.45
19287,12509.63
19288,7998.59
19289,6205.29
19290,5412.12
19291,5952.46
19292,5930.8
19293,5735.86
19294,6303.93
19295,4769.87
19296,5508.25
19297,5989.6
19298,5253.72
19299,5370.92
19300,4285.58
19301,5890.52
19302,5388.4
19303,3920.06
19304,4518.02
19305,5937.96
19306,8146.06
19307,5930.8
19308,6263.34
19309,4621.95
19310,5952.46
19311,5227.17
19312,5851.44
19313,5149.39
19314,6202.16
19315,4640.83
19316,6196.6
19317,6058.2
19318,5336.62
19319,5946.48
19320,5788.89
19321,5388.4
19322,4135.48
19323,5952.46
19324,5999.91
19325,5795.16
19326,6263.34
19327,5790.54
19328,4424.22
19329,6421.55
19330,6199.39
19331,8842.35
19332,4784.18
19333,6206.27
19334,4886.66
19335,5797.39
19336,5933.78
19337,5850.03
19338,3665.93
19339,5457.98
19340,5862.33
19341,5788.91
19342,4645.66
19343,6136.74
19344,6140.07
19345,6217.62
19346,6011.77
19347,4810.19
19348,6198.13
19349,5336.61
19350,5176.71
19351,5921.61
19352,5973.54
19353,5370.92
19354,4862.34
19355,7579.69
19356,5333.7
19357,5429.18
19358,4577.32
19359,5739.72
19360,5859.87
19361,5407.19
19362,6325.68
19363,5795.16
19364,5876.71
19365,5946.48
19366,5227.17
19367,4577.35
19368,5889.68
19369,4425.69
19370,7014.67
19371,6913.6
19372,5075.55
19373,5778.09
19374,4905.74
19375,4571.72
19376,5048.6
19377,5062.15
19378,5253.72
19379,6199.32
19380,4584.31
19381,5362.77
19382,4615.41
19383,8344.88
19384,5952.46
19385,5296.58
19386,4255.65
19387,5508.02
19388,4767.87
19389,6001.39
19390,5939.65
19391,5765.5
19392,5952.46
19393,6257.1
19394,6080.13
19395,5735.86
19396,5444.71
19397,6198.49
19398,5759.69
19399,6328.08
19400,14852.5
19401,4975.85
19402,4868.99
19403,5401.93
19404,6232.95
19405,6007.04
19406,5890.52
19407,6313.1
19408,6245.04
19409,4919.05
19410,5946.48
19411,5208.84
19412,4353.29
19413,5312.23
19414,3929.35
19415,4303.15
19416,5872.1
19417,14070.83
19418,6223.47
19419,6139.77
19420,5613.35
19421,5859.87
19422,6300.85
19423,4068.87
19424,7785.28
19425,6263.34
19426,6242.39
19427,6812.92
19428,11552.24
19429,5227.59
19430,5888.15
19431,3387.27
19432,5797.39
19433,5079.48
19434,5952.46
19435,4117.03
19436,5952.46
19437,4148.73
19438,4670.9
19439,5121.91
19440,5845.8
19441,6217.62
19442,6239.18
19443,5795.16
19444,5337.52
19445,5735.86
19446,4130.1
19447,6206.27
19448,4862.34
19449,6439.24
19450,5831.23
19451,4314.72
19452,5847.3
19453,5164.17
19454,4812.43
19455,5336.61
19456,5730.4
19457,5825.06
19458,5999.91
19459,6193.24
19460,5805.07
19461,5667.58
19462,4196.72
19463,4429.15
19464,4495.01
19465,5304.6
19466,6010.28
19467,5880.58
19468,6157.16
19469,6233.8
19470,4087.11
19471,6217.62
19472,5845.75
19473,9886.36
19474,5323.77
19475,5946.48
19476,4639.52
19477,5909.17
19478,6102.03
19479,7473.42
19480,4862.34
19481,5215.04
19482,5926.89
19483,5678.23
19484,5693.26
19485,6228.3
19486,4741.4
19487,5946.89
19488,3866.28
19489,6244.38
19490,4278.8
19491,5788.89
19492,5545.26
19493,4553.33
19494,6030.89
19495,6219.41
19496,4472.1
19497,5930.8
19498,6236.56
19499,4400.19
19500,6318.4
19501,5419.82
19502,6156.62
19503,5930.06
19504,6263.34
19505,5955.82
19506,6183.57
19507,5285.53
19508,6328.08
19509,5125.13
19510,6223.47
19511,3583.12
19512,5197.01
19513,5704.39
19514,6263.34
19515,5832.18
19516,6218.23
19517,5388.71
19518,5340.93
19519,4660.11
19520,6913.9
19521,5586.62
19522,5658.75
19523,6223.47
19524,5900.95
19525,4693.83
19526,5073.42
19527,6187.97
19528,4859.12
19529,6306.98
19530,5872.1
19531,5856.97
19532,5915.46
19533,5668.71
19534,4871.54
19535,6010.28
19536,6211.47
19537,6196.6
19538,5551.42
19539,4816.76
19540,5850.03
19541,5856.97
19542,5879.66
19543,5377.38
19544,5547.52
19545,5735.86
19546,4669.79
19547,4510.22
19548,5952.46
19549,5832.18
19550,5859.87
19551,6181.17
19552,5845.28
19553,5934.83
19554,5759.69
19555,5926.89
19556,6258.82
19557,5811.76
19558,5310.65
19559,5820.37
19560,4478.89
19561,4919.05
19562,5952.46
19563,6214.07
19564,6221.92
19565,6172.84
19566,4862.34
19567,5552.81
19568,7367.78
19569,5999.91
19570,5859.87
19571,6187.01
19572,5223.74
19573,5927.81
19574,4737.98
19575,5420.05
19576,6263.34
19577,5458.49
19578,7846.3
19579,6249.31
19580,8047.92
19581,5955.82
19582,5739.77
19583,3368.07
19584,6001.27
19585,5495.77
19586,5926.89
19587,6244.38
19588,4047.92
19589,5795.16
19590,5147.84
19591,4747.46
19592,5550.22
19593,4767.38
19594,5210.28
19595,4621.95
19596,4571.45
19597,5940.61
19598,4839.39
19599,5952.46
19600,4106.5
19601,5906.17
19602,5482.64
19603,5859.87
19604,6244.38
19605,6164.21
19606,4856.46
19607,4603.47
19608,5952.46
19609,5889.68
19610,5952.46
19611,4767.38
19612,8283.84
19613,5952.46
19614,4531.21
19615,5967.64
19616,7714.3
19617,6545.78
19618,6023.06
19619,3920.47
19620,5284.48
19621,10132.51
19622,4494.18
19623,4519.5
19624,5952.46
19625,5543.43
19626,5890.52
19627,6445.98
19628,5504.14
19629,5561.89
19630,4278.8
19631,5348.92
19632,6243.52
19633,4278.8
19634,5918.88
19635,4092.31
19636,5966.26
19637,6170.05
19638,5948.58
19639,6111.07
19640,5926.89
19641,5952.46
19642,6169.45
19643,6166.59
19644,6817.74
19645,5930.8
19646,6263.34
19647,5151.18
19648,6235.54
19649,8186.91
19650,4646.26
19651,6183.57
19652,6236.2
19653,5952.46
19654,6122.84
19655,5561.94
19656,5908.21
19657,5976.16
19658,3706.74
19659,4255.52
19660,5859.87
19661,5912.41
19662,5559.31
19663,5952.46
19664,5217.12
19665,5296.22
19666,6177.59
19667,4746.97
19668,5879.66
19669,6241.77
19670,11368.25
19671,5199.63
19672,5847.3
19673,9364.32
19674,8233.76
19675,4134.05
19676,6164.21
19677,5561.94
19678,5845.8
19679,4757.04
19680,4812.13
19681,5926.89
19682,4902.23
19683,5028.34
19684,4862.34
19685,7360.79
19686,6241.77
19687,18621.72
19688,5952.46
19689,5191.51
19690,5603.74
19691,6269.13
19692,5890.52
19693,6054.63
19694,5788.89
19695,5824.67
19696,5824.62
19697,3604.91
19698,4645.13
19699,5921.17
19700,6223.47
19701,5908.12
19702,5280.55
19703,4390.14
19704,4186.55
19705,5786.82
19706,5925.9
19707,6185.02
19708,7183.41
19709,6222.44
19710,5137.71
19711,6193.24
19712,4523.65
19713,8783.17
19714,5927.16
19715,5813.63
19716,5180.65
19717,5282.84
19718,5086.25
19719,5834.57
19720,7721.56
19721,5361.87
19722,5890.52
19723,4596.73
19724,6308.21
19725,4327.99
19726,6186.32
19727,5879.66
19728,5885.53
19729,5819.03
19730,6243.52
19731,5927.16
19732,5904.21
19733,4768.19
19734,6235.1
19735,4727.4
19736,8710.42
19737,5340.88
19738,6860.99
19739,5773.24
19740,5036.98
19741,6228.3
19742,5690.88
19743,4928.32
19744,4504.05
19745,5662.36
19746,6167.26
19747,6644.19
19748,5820.49
19749,6183.57
19750,6244.38
19751,5036.05
19752,5805.77
19753,6215.04
19754,6438.81
19755,4092.77
19756,5335.07
19757,5569.47
19758,5213.44
19759,4752.49
19760,5718.12
19761,6233.04
19762,5927.16
19763,4687.28
19764,6233.8
19765,5921.59
19766,4771.74
19767,5904.21
19768,5820.37
19769,6395.9
19770,6180.01
19771,6243.52
19772,5927.16
19773,5786.37
19774,6267.24
19775,5927.16
19776,5799.75
19777,6164.21
19778,6034.73
19779,5233.18
19780,6243.52
19781,5689.64
19782,5239.13
19783,4568.38
19784,5919.45
19785,5498.02
19786,4185.16
19787,3334.86
19788,5834.57
19789,5361.87
19790,5883.49
19791,5744.47
19792,6374.44
19793,5824.67
19794,4788.27
19795,5158.79
19796,5724.64
19797,6211.47
19798,6843.41
19799,5927.16
19800,6263.34
19801,5231.98
19802,6290.91
19803,6050.78
19804,5726.6
19805,6233.04
19806,5308.01
19807,6199.32
19808,5927.16
19809,5890.52
19810,6189.92
19811,6199.32
19812,5927.16
19813,4645.66
19814,4235.86
19815,5067.2
19816,6244.38
19817,4653.27
19818,4558.43
19819,6215.04
19820,6144.33
19821,5649.51
19822,5185.04
19823,6183.57
19824,5713.11
19825,5890.52
19826,5575.45
19827,5918.83
19828,6244.38
19829,6245.04
19830,3175.08
19831,6163.92
19832,4192.77
19833,5890.52
19834,4635.6
19835,4928.37
19836,5981.73
19837,5832.18
19838,4668.18
19839,8552.13
19840,6014.86
19841,5927.16
19842,6300.13
19843,5388.71
19844,6172.23
19845,4575.72
19846,5849.76
19847,6244.38
19848,5904.21
19849,3237.33
19850,6187.32
19851,5928.42
19852,5449.92
19853,4671.58
19854,6200.73
19855,5010.37
19856,5717.04
19857,5529.7
19858,4467.61
19859,6087.66
19860,5927.16
19861,5832.18
19862,6215.04
19863,5927.16
19864,5756.07
19865,6193.24
19866,5921.17
19867,6235.1
19868,6244.38
19869,4755.74
19870,6361.53
19871,4631.28
19872,5413.51
19873,5220.86
19874,6457.35
19875,5020.18
19876,7570.35
19877,6600.56
19878,6358.38
19879,6639.74
19880,6086.79
19881,5876.87
19882,14753.49
19883,8777.85
19884,5758.41
19885,3664.97
19886,4737.45
19887,7021.68
19888,5678.35
19889,11761.37
19890,11453.27
19891,5798.52
19892,4660.11
19893,6844.05
19894,5890.52
19895,7020.02
19896,5592.01
19897,6241.77
19898,4735.66
19899,6039.83
19900,5927.16
19901,6217.62
19902,5958.71
19903,6010.32
19904,6198.49
19905,5335.94
19906,4579.04
19907,6215.04
19908,5415.53
19909,4192.77
19910,5795.16
19911,5999.91
19912,5704.39
19913,5177.72
19914,5552.84
19915,5831.23
19916,5972.65
19917,6230.5
19918,6479.8
19919,6455.27
19920,5896.54
19921,5584.39
19922,5831.23
19923,4681.0
19924,4615.41
19925,5804.55
19926,5360.88
19927,5906.4
19928,5510.84
19929,5890.52
19930,4255.52
19931,6243.52
19932,5999.91
19933,5258.76
19934,5855.1
19935,12458.8
19936,5927.16
19937,5248.96
19938,5344.04
19939,5855.48
19940,4635.08
19941,5318.4
19942,5755.41
19943,6199.32
19944,5921.17
19945,12510.71
19946,5658.75
19947,5927.16
19948,5912.1
19949,5906.4
19950,6241.77
19951,5677.87
19952,9220.79
19953,5351.04
19954,6830.37
19955,5591.11
19956,6241.77
19957,5908.48
19958,5912.41
19959,5458.15
19960,4834.23
19961,5927.16
19962,6964.82
19963,6194.89
19964,6206.27
19965,5927.16
19966,5735.86
19967,6245.04
19968,7740.35
19969,5904.21
19970,5175.34
19971,6155.76
19972,5925.19
19973,6187.01
19974,5426.28
19975,5902.5
19976,5927.16
19977,5927.16
19978,6834.96
19979,6046.85
19980,6244.38
19981,5021.57
19982,13481.4
19983,5795.16
19984,5916.27
19985,6515.91
19986,6235.1
19987,6202.16
19988,5552.81
19989,6235.1
19990,6199.76
19991,6244.38
19992,5799.75
19993,6158.54
19994,4788.27
19995,4771.48
19996,5890.52
19997,5891.66
19998,4385.68
19999,5927.16
20000,4514.27
20001,4563.22
20002,5834.57
20003,7428.87
20004,6263.34
20005,5927.16
20006,5797.4
20007,5927.16
20008,6239.18
20009,6187.97
20010,5824.62
20011,4357.45
20012,4201.78
20013,5432.43
20014,6107.94
20015,5834.57
20016,3261.58
20017,5551.42
20018,6602.25
20019,5138.26
20020,4373.2
20021,6236.2
20022,6245.04
20023,9338.5
20024,6273.77
20025,5778.36
20026,3945.41
20027,5151.48
20028,6215.04
20029,4123.55
20030,5797.39
20031,4087.19
20032,6391.59
20033,6199.32
20034,8356.74
20035,5493.9
20036,5160.28
20037,5880.52
20038,6736.29
20039,6206.33
20040,5242.18
20041,5927.16
20042,6108.77
20043,7183.63
20044,5893.57
20045,6244.38
20046,6239.18
20047,6199.32
20048,6643.67
20049,6129.89
20050,11894.39
20051,5323.77
20052,6135.13
20053,5752.23
20054,7904.01
20055,3826.97
20056,4751.24
20057,6156.53
20058,5921.17
20059,5093.44
20060,5903.05
20061,6049.72
20062,5302.65
20063,5927.16
20064,5965.43
20065,5834.57
20066,5333.92
20067,7502.46
20068,4761.48
20069,5176.91
20070,5927.16
20071,4881.92
20072,5317.04
20073,5754.93
20074,4443.54
20075,5662.22
20076,5904.21
20077,5807.4
20078,4628.26
20079,6241.77
20080,5820.37
20081,6330.26
20082,5409.17
20083,5927.16
20084,5156.51
20085,6290.88
20086,5908.07
20087,4713.44
20088,5904.21
20089,5351.04
20090,5918.23
20091,6243.52
20092,6229.35
20093,8767.84
20094,6130.0
20095,6163.92
20096,6223.47
20097,8749.16
20098,6235.54
20099,4657.46
20100,5704.39
20101,5925.9
20102,4069.4
20103,4197.03
20104,6067.85
20105,5834.57
20106,5547.95
20107,4698.04
20108,2363.03
20109,5925.9
20110,5927.16
20111,6206.55
20112,5851.44
20113,5271.43
20114,6128.74
20115,4667.48
20116,5434.72
20117,4557.1
20118,4804.24
20119,5551.42
20120,5788.89
20121,6244.38
20122,16069.1
20123,4802.93
20124,5927.16
20125,5464.98
20126,4278.8
20127,4788.57
20128,5921.17
20129,5292.9
20130,5234.22
20131,5927.16
20132,4886.66
20133,6244.38
20134,3900.79
20135,5906.4
20136,5890.52
20137,6647.15
20138,8652.39
20139,5890.52
20140,5876.71
20141,4579.04
20142,4784.61
20143,12540.89
20144,7998.59
20145,6205.29
20146,5389.44
20147,5927.16
20148,5908.12
20149,5735.86
20150,6303.93
20151,4763.35
20152,5419.9
20153,5986.98
20154,5253.72
20155,5370.92
20156,4285.58
20157,5890.52
20158,5388.4
20159,3932.29
20160,4518.02
20161,5912.66
20162,8186.25
20163,5908.12
20164,6263.34
20165,4621.95
20166,5927.16
20167,5218.36
20168,5851.44
20169,5149.39
20170,6202.16
20171,4640.83
20172,6196.6
20173,6058.2
20174,5336.62
20175,5921.17
20176,5788.89
20177,5388.4
20178,4135.48
20179,5927.16
20180,5999.91
20181,5795.16
20182,6263.34
20183,5767.86
20184,4407.58
20185,6389.99
20186,6199.39
20187,8661.3
20188,4784.18
20189,6206.27
20190,4886.66
20191,5797.39
20192,5908.48
20193,5824.72
20194,3665.93
20195,5324.22
20196,5837.03
20197,5788.91
20198,4645.66
20199,6136.74
20200,6140.07
20201,6217.62
20202,6022.56
20203,4793.55
20204,6198.13
20205,5336.61
20206,5176.71
20207,5898.93
20208,5948.24
20209,5370.92
20210,4862.34
20211,7569.61
20212,5333.7
20213,5429.18
20214,4570.79
20215,5717.04
20216,5834.57
20217,5407.19
20218,6325.68
20219,5795.16
20220,5876.71
20221,5921.17
20222,5218.36
20223,4558.68
20224,5867.0
20225,4425.69
20226,7002.09
20227,6913.6
20228,5086.25
20229,5755.41
20230,4905.74
20231,4571.72
20232,5048.6
20233,5062.15
20234,5253.72
20235,6199.32
20236,4584.31
20237,5362.77
20238,4615.41
20239,8344.88
20240,5927.16
20241,5296.58
20242,4255.65
20243,5533.42
20244,4751.24
20245,5978.71
20246,5916.97
20247,5765.5
20248,5927.16
20249,6257.1
20250,6080.13
20251,5735.86
20252,5444.71
20253,6198.49
20254,5759.69
20255,6328.08
20256,14828.31
20257,4993.08
20258,4852.35
20259,5401.93
20260,6232.95
20261,5981.73
20262,5890.52
20263,6313.1
20264,6245.04
20265,4919.05
20266,5921.17
20267,5208.84
20268,4353.29
20269,5312.23
20270,3941.58
20271,4303.15
20272,5846.8
20273,14113.09
20274,6223.47
20275,6139.77
20276,5613.35
20277,5834.57
20278,6300.85
20279,4066.18
20280,7773.3
20281,6263.34
20282,6242.39
20283,6790.8
20284,11680.46
20285,5220.78
20286,5888.15
20287,3363.76
20288,5797.39
20289,5121.49
20290,5927.16
20291,4117.03
20292,5927.16
20293,4148.73
20294,4654.26
20295,5121.91
20296,5820.49
20297,6217.62
20298,6239.18
20299,5795.16
20300,5337.52
20301,5735.86
20302,4130.1
20303,6206.27
20304,4862.34
20305,6439.24
20306,5831.23
20307,4265.85
20308,5824.62
20309,5146.16
20310,4795.79
20311,5336.61
20312,5730.4
20313,5825.06
20314,5999.91
20315,6193.24
20316,5805.07
20317,5667.58
20318,4196.72
20319,4466.04
20320,4495.01
20321,5317.28
20322,5987.6
20323,5857.9
20324,6157.16
20325,6233.8
20326,4087.11
20327,6217.62
20328,5845.75
20329,9894.48
20330,5323.77
20331,5921.17
20332,4639.52
20333,5909.17
20334,6102.03
20335,7473.42
20336,4862.34
20337,5215.04
20338,5904.21
20339,5635.07
20340,5670.58
20341,6228.3
20342,4741.4
20343,5921.59
20344,3866.28
20345,6244.38
20346,4278.8
20347,5788.89
20348,5545.26
20349,4553.33
20350,6030.89
20351,6219.41
20352,4455.47
20353,5908.12
20354,6236.56
20355,4400.19
20356,6318.4
20357,5419.82
20358,6156.62
20359,5904.75
20360,6263.34
20361,5933.14
20362,6183.57
20363,5285.53
20364,6328.08
20365,5125.13
20366,6223.47
20367,3561.56
20368,5188.19
20369,5704.39
20370,6263.34
20371,5832.18
20372,6218.23
20373,5388.71
20374,5340.93
20375,4660.11
20376,6913.9
20377,5586.62
20378,5658.75
20379,6223.47
20380,5885.83
20381,4677.19
20382,5073.42
20383,6187.97
20384,4859.91
20385,6306.98
20386,5846.8
20387,5856.97
20388,5935.03
20389,5730.72
20390,4871.54
20391,5987.6
20392,6211.47
20393,6196.6
20394,5551.42
20395,4800.12
20396,5824.72
20397,5856.97
20398,5879.66
20399,5377.38
20400,5547.52
20401,5735.86
20402,4669.79
20403,4491.55
20404,5927.16
20405,5832.18
20406,5834.57
20407,6181.17
20408,5845.28
20409,5912.15
20410,5759.69
20411,5904.21
20412,6258.82
20413,5797.67
20414,5310.65
20415,5820.37
20416,4478.89
20417,4919.05
20418,5927.16
20419,6214.07
20420,6221.92
20421,6172.84
20422,4862.34
20423,5552.81
20424,7337.51
20425,5999.91
20426,5834.57
20427,6187.01
20428,5223.74
20429,5902.5
20430,4737.98
20431,5420.05
20432,6263.34
20433,5458.49
20434,7757.24
20435,6249.31
20436,8115.18
20437,5933.14
20438,5717.09
20439,3368.07
20440,6001.27
20441,5496.88
20442,5904.21
20443,6244.38
20444,4047.92
20445,5795.16
20446,5137.71
20447,4747.46
20448,5544.82
20449,4767.38
20450,5201.46
20451,4621.95
20452,4571.45
20453,5940.61
20454,4839.39
20455,5927.16
20456,4106.5
20457,5883.49
20458,5482.64
20459,5834.57
20460,6244.38
20461,6164.21
20462,4856.46
20463,4634.88
20464,5927.16
20465,5867.0
20466,5927.16
20467,4767.38
20468,8283.84
20469,5927.16
20470,4514.57
20471,5942.34
20472,7714.3
20473,6545.78
20474,6023.06
20475,3932.7
20476,5223.35
20477,10060.3
20478,4487.65
20479,4519.5
20480,5927.16
20481,5543.43
20482,5890.52
20483,6445.98
20484,5504.14
20485,5535.29
20486,4278.8
20487,5286.52
20488,6243.52
20489,4278.8
20490,5893.57
20491,4092.31
20492,5940.95
20493,6170.05
20494,5925.9
20495,6111.07
20496,5904.21
20497,5927.16
20498,6169.45
20499,6158.54
20500,6817.74
20501,5908.12
20502,6263.34
20503,5123.87
20504,6235.54
20505,8123.23
20506,4646.26
20507,6183.57
20508,6236.2
20509,5927.16
20510,6122.84
20511,5561.94
20512,5885.53
20513,5953.48
20514,3714.94
20515,4255.52
20516,5834.57
20517,5912.41
20518,5559.31
20519,5927.16
20520,5234.35
20521,5296.22
20522,6177.59
20523,4746.97
20524,5879.66
20525,6241.77
20526,11368.25
20527,5199.63
20528,5824.62
20529,9364.32
20530,8233.76
20531,4134.05
20532,6164.21
20533,5561.94
20534,5820.49
20535,4732.75
20536,4793.25
20537,5904.21
20538,4902.23
20539,5028.34
20540,4862.34
20541,7354.24
20542,6241.77
20543,18555.8
20544,5927.16
20545,5191.51
20546,5613.48
20547,6279.24
20548,5911.72
20549,6055.88
20550,5810.08
20551,5827.01
20552,5826.96
20553,3630.21
20554,4645.13
20555,5923.52
20556,6224.72
20557,5910.47
20558,5284.61
20559,4390.14
20560,4186.55
20561,5808.01
20562,5928.24
20563,6185.02
20564,7534.65
20565,6213.74
20566,5178.06
20567,6192.5
20568,4518.2
20569,8783.17
20570,5929.5
20571,5815.97
20572,5180.65
20573,5228.68
20574,5105.68
20575,5836.91
20576,7721.56
20577,5379.11
20578,5911.72
20579,4596.73
20580,6308.21
20581,4327.99
20582,6177.62
20583,5900.86
20584,5887.87
20585,5821.37
20586,6253.63
20587,5929.5
20588,5906.55
20589,4753.32
20590,6216.91
20591,4727.4
20592,8728.95
20593,5358.11
20594,6860.99
20595,5773.24
20596,5036.98
20597,6229.54
20598,5681.5
20599,4961.76
20600,4539.94
20601,5662.36
20602,6177.37
20603,6635.49
20604,5822.84
20605,6165.37
20606,6226.19
20607,5058.34
20608,5761.22
20609,6196.85
20610,6438.07
20611,4092.77
20612,5357.36
20613,5569.47
20614,5245.64
20615,4752.49
20616,5692.58
20617,6224.33
20618,5929.5
20619,4687.28
20620,6215.6
20621,5923.93
20622,4780.66
20623,5906.55
20624,5841.56
20625,6387.2
20626,6179.27
20627,6253.63
20628,5929.5
20629,5807.57
20630,6258.54
20631,5929.5
20632,5820.94
20633,6163.47
20634,6035.98
20635,5237.24
20636,6253.63
20637,5710.83
20638,5288.53
20639,4568.38
20640,5921.79
20641,5520.31
20642,4185.16
20643,3334.86
20644,5836.91
20645,5379.11
20646,5885.84
20647,5766.88
20648,6356.43
20649,5827.01
20650,4788.27
20651,5158.79
20652,5745.83
20653,6212.72
20654,6881.99
20655,5929.5
20656,6254.64
20657,5236.04
20658,6292.15
20659,6032.58
20660,5717.22
20661,6224.33
20662,5347.28
20663,6200.56
20664,5929.5
20665,5911.72
20666,6181.22
20667,6200.56
20668,5929.5
20669,4645.66
20670,4230.41
20671,5087.77
20672,6226.19
20673,4653.27
20674,4558.43
20675,6196.85
20676,6222.73
20677,5700.87
20678,5185.04
20679,6165.37
20680,5713.11
20681,5911.72
20682,5626.81
20683,5921.17
20684,6226.19
20685,6236.33
20686,3288.27
20687,6165.17
20688,4192.77
20689,5911.72
20690,4635.6
20691,4928.37
20692,5984.07
20693,5832.18
20694,4668.18
20695,8614.8
20696,6014.86
20697,5929.5
20698,6321.32
20699,5373.19
20700,6155.63
20701,4570.27
20702,5852.1
20703,6226.19
20704,5906.55
20705,3237.33
20706,6188.56
20707,5930.76
20708,5480.38
20709,4671.58
20710,6200.73
20711,5010.37
20712,5719.38
20713,5550.89
20714,4467.61
20715,6097.77
20716,5929.5
20717,5832.18
20718,6196.85
20719,5929.5
20720,5756.07
20721,6192.5
20722,5923.52
20723,6216.91
20724,6226.19
20725,4750.29
20726,6180.07
20727,4631.28
20728,5413.51
20729,5238.1
20730,6372.28
20731,5020.18
20732,7570.35
20733,6600.56
20734,6358.38
20735,6639.74
20736,6096.9
20737,5904.24
20738,14884.4
20739,8796.38
20740,5758.41
20741,3664.97
20742,4737.45
20743,7036.95
20744,5633.8
20745,11805.59
20746,11394.24
20747,5800.86
20748,4654.66
20749,6844.05
20750,5911.72
20751,7175.1
20752,5601.74
20753,6243.02
20754,4735.66
20755,6039.83
20756,5929.5
20757,6218.87
20758,5961.05
20759,6010.32
20760,6197.75
20761,5369.38
20762,4579.04
20763,6196.85
20764,5447.73
20765,4192.77
20766,5816.35
20767,6021.1
20768,5725.58
20769,5197.14
20770,5547.39
20771,5852.42
20772,5993.85
20773,6240.6
20774,6479.8
20775,6347.56
20776,5898.89
20777,5594.13
20778,5852.42
20779,4681.0
20780,4609.96
20781,5804.55
20782,5388.26
20783,5908.74
20784,5510.84
20785,5911.72
20786,4250.07
20787,6253.63
20788,6021.1
20789,5298.03
20790,5857.44
20791,12432.47
20792,5929.5
20793,5222.13
20794,5371.42
20795,5876.67
20796,4635.08
20797,5320.74
20798,5757.75
20799,6200.56
20800,5923.52
20801,12532.06
20802,5658.75
20803,5929.5
20804,5914.44
20805,5908.74
20806,6243.02
20807,5677.87
20808,9220.79
20809,5335.52
20810,6830.37
20811,5591.11
20812,6243.02
20813,5910.82
20814,5886.87
20815,5475.39
20816,4828.78
20817,5929.5
20818,6951.64
20819,6194.89
20820,6205.53
20821,5929.5
20822,5757.05
20823,6236.33
20824,8644.49
20825,5906.55
20826,5217.68
20827,6155.02
20828,5927.54
20829,6186.27
20830,5456.73
20831,5904.84
20832,5929.5
20833,5929.5
20834,6850.23
20835,6046.11
20836,6226.19
20837,5055.01
20838,13639.94
20839,5816.35
20840,5918.61
20841,6529.73
20842,6216.91
20843,6201.42
20844,5571.68
20845,6216.91
20846,6191.05
20847,6226.19
20848,5820.94
20849,6158.54
20850,4788.27
20851,4766.03
20852,5911.72
20853,5894.0
20854,4385.68
20855,5929.5
20856,4508.82
20857,4563.22
20858,5836.91
20859,6904.18
20860,6254.64
20861,5929.5
20862,5797.4
20863,5929.5
20864,6230.48
20865,6187.23
20866,5826.96
20867,4357.45
20868,4238.73
20869,5459.73
20870,6109.18
20871,5836.91
20872,3261.58
20873,5551.42
20874,6602.25
20875,5155.49
20876,4373.2
20877,6227.5
20878,6236.33
20879,9378.23
20880,6283.88
20881,5829.72
20882,3945.41
20883,5178.85
20884,6196.85
20885,4123.55
20886,5797.39
20887,4087.19
20888,6398.37
20889,6200.56
20890,8356.74
20891,5511.14
20892,5182.56
20893,5882.86
20894,6737.54
20895,6205.59
20896,5242.18
20897,5929.5
20898,6108.77
20899,7267.78
20900,5895.91
20901,6226.19
20902,6230.48
20903,6200.56
20904,6644.92
20905,6129.15
20906,11844.77
20907,5351.14
20908,6134.39
20909,5752.23
20910,7904.01
20911,3826.97
20912,4751.24
20913,6166.64
20914,5923.52
20915,5126.88
20916,5905.39
20917,6048.98
20918,5302.65
20919,5929.5
20920,5987.84
20921,5836.91
20922,5351.16
20923,7502.46
20924,4761.48
20925,5176.91
20926,5929.5
20927,4876.6
20928,5336.46
20929,5754.93
20930,4443.54
20931,5684.62
20932,5906.55
20933,5809.74
20934,4622.81
20935,6243.02
20936,5841.56
20937,6124.95
20938,5436.47
20939,5929.5
20940,5135.43
20941,6292.12
20942,5910.41
20943,4713.44
20944,5906.55
20945,5335.52
20946,5920.57
20947,6253.63
20948,6220.65
20949,8786.37
20950,6140.11
20951,6165.17
20952,6224.72
20953,8749.16
20954,6236.79
20955,4657.46
20956,5725.58
20957,5928.24
20958,4069.4
20959,4197.03
20960,6067.85
20961,5836.91
20962,5547.95
20963,4692.59
20964,2357.56
20965,5928.24
20966,5929.5
20967,6197.85
20968,5852.68
20969,5271.43
20970,6128.0
20971,4662.03
20972,5473.99
20973,4557.1
20974,4804.24
20975,5551.42
20976,5810.08
20977,6226.19
20978,16069.1
20979,4802.93
20980,5929.5
20981,5464.98
20982,4273.35
20983,4788.57
20984,5923.52
20985,5292.9
20986,5238.28
20987,5929.5
20988,4886.66
20989,6226.19
20990,3900.79
20991,5908.74
20992,5911.72
20993,6647.15
20994,8666.43
20995,5911.72
20996,5876.71
20997,4579.04
20998,4818.59
20999,12514.56
21000,7998.59
21001,6196.58
21002,5391.78
21003,5929.5
21004,5910.47
21005,5757.05
21006,6305.18
21007,4772.27
21008,5419.9
21009,5986.98
21010,5270.96
21011,5393.21
21012,4285.58
21013,5911.72
21014,5449.67
21015,3959.85
21016,4512.57
21017,5915.0
21018,8238.36
21019,5910.47
21020,6254.64
21021,4621.95
21022,5929.5
21023,5226.43
21024,5852.68
21025,5143.94
21026,6201.42
21027,4640.83
21028,6197.85
21029,6059.45
21030,5355.5
21031,5923.52
21032,5810.08
21033,5449.67
21034,4135.48
21035,5929.5
21036,6021.1
21037,5816.35
21038,6254.64
21039,5770.2
21040,4407.58
21041,6515.41
21042,6216.63
21043,8885.85
21044,4784.18
21045,6205.53
21046,4886.66
21047,5797.39
21048,5910.82
21049,5827.07
21050,3665.93
21051,5316.01
21052,5839.37
21053,5810.1
21054,4645.66
21055,6136.0
21056,6140.07
21057,6218.87
21058,6068.19
21059,4793.55
21060,6197.39
21061,5356.26
21062,5210.15
21063,5901.27
21064,5950.58
21065,5393.21
21066,4895.78
21067,7634.03
21068,5390.74
21069,5468.45
21070,4570.79
21071,5719.38
21072,5836.91
21073,5407.19
21074,6316.98
21075,5816.35
21076,5876.71
21077,5923.52
21078,5226.43
21079,4558.68
21080,5869.34
21081,4445.38
21082,7021.92
21083,6930.83
21084,5105.68
21085,5757.75
21086,4905.74
21087,4566.27
21088,5048.6
21089,5056.7
21090,5270.96
21091,6200.56
21092,4584.31
21093,5382.42
21094,4609.96
21095,8344.88
21096,5929.5
21097,5335.85
21098,4267.96
21099,5533.42
21100,4751.24
21101,5981.05
21102,5919.31
21103,5765.5
21104,5929.5
21105,6248.4
21106,6090.23
21107,5757.05
21108,5464.35
21109,6197.75
21110,5769.43
21111,6329.33
21112,14793.55
21113,5012.51
21114,4852.35
21115,5410.86
21116,6224.25
21117,5984.07
21118,5911.72
21119,6304.4
21120,6236.33
21121,4919.05
21122,5923.52
21123,5212.9
21124,4347.84
21125,5329.46
21126,3968.61
21127,4303.15
21128,5849.14
21129,14170.68
21130,6224.72
21131,6141.02
21132,5632.96
21133,5836.91
21134,6292.15
21135,4066.18
21136,7764.37
21137,6254.64
21138,6243.63
21139,6744.9
21140,11757.91
21141,5220.78
21142,5909.34
21143,3396.86
21144,5797.39
21145,5121.49
21146,5929.5
21147,4117.03
21148,5929.5
21149,4148.73
21150,4654.26
21151,5140.78
21152,5822.84
21153,6218.87
21154,6230.48
21155,5816.35
21156,5367.3
21157,5757.05
21158,4130.1
21159,6205.53
21160,4895.78
21161,6440.48
21162,5852.42
21163,4260.46
21164,5826.96
21165,5193.06
21166,4795.79
21167,5321.09
21168,5730.4
21169,5846.25
21170,6021.1
21171,6192.5
21172,5805.07
21173,5688.77
21174,4196.72
21175,4466.04
21176,4495.01
21177,5317.28
21178,5989.94
21179,5860.25
21180,6167.27
21181,6215.6
21182,4087.11
21183,6218.87
21184,5845.75
21185,9977.59
21186,5351.14
21187,5923.52
21188,4634.07
21189,5919.28
21190,6102.03
21191,7473.42
21192,4895.78
21193,5232.27
21194,5906.55
21195,5650.41
21196,5659.69
21197,6229.54
21198,4746.89
21199,5923.93
21200,3866.28
21201,6226.19
21202,4273.35
21203,5810.08
21204,5562.5
21205,4587.55
21206,6030.89
21207,6220.65
21208,4455.47
21209,5910.47
21210,6246.67
21211,4400.19
21212,6309.7
21213,5447.2
21214,6166.72
21215,5907.1
21216,6254.64
21217,5935.48
21218,6165.37
21219,5312.9
21220,6329.33
21221,5139.33
21222,6224.72
21223,3563.93
21224,5196.26
21225,5725.58
21226,6254.64
21227,5832.18
21228,6219.48
21229,5373.19
21230,5358.17
21231,4654.66
21232,6939.32
21233,5586.62
21234,5658.75
21235,6224.72
21236,5867.35
21237,4677.19
21238,5067.97
21239,6187.23
21240,4867.27
21241,6306.24
21242,5849.14
21243,5856.97
21244,5935.03
21245,5750.12
21246,4904.98
21247,5989.94
21248,6212.72
21249,6189.95
21250,5551.42
21251,4800.12
21252,5827.07
21253,5856.97
21254,5900.86
21255,5399.66
21256,5561.94
21257,5757.05
21258,4664.34
21259,4491.55
21260,5929.5
21261,5832.18
21262,5836.91
21263,6180.43
21264,5845.28
21265,5914.49
21266,5769.43
21267,5906.55
21268,6260.07
21269,5797.67
21270,5314.71
21271,5841.56
21272,4502.42
21273,4919.05
21274,5929.5
21275,6205.37
21276,6221.92
21277,6182.95
21278,4895.78
21279,5571.68
21280,7430.89
21281,6021.1
21282,5836.91
21283,6186.27
21284,5223.74
21285,5904.84
21286,4771.42
21287,5447.42
21288,6254.64
21289,5458.49
21290,7730.73
21291,6249.31
21292,8174.3
21293,5935.48
21294,5719.43
21295,3368.07
21296,6012.22
21297,5518.2
21298,5906.55
21299,6226.19
21300,4047.92
21301,5816.35
21302,5178.06
21303,4747.46
21304,5544.82
21305,4767.38
21306,5209.53
21307,4621.95
21308,4571.45
21309,5961.8
21310,4872.83
21311,5929.5
21312,4106.5
21313,5885.84
21314,5482.64
21315,5836.91
21316,6226.19
21317,6163.47
21318,4843.64
21319,4634.88
21320,5929.5
21321,5869.34
21322,5929.5
21323,4767.38
21324,8283.84
21325,5929.5
21326,4514.57
21327,5944.68
21328,7714.3
21329,6545.78
21330,6022.32
21331,3960.26
21332,5223.35
21333,10060.3
21334,4487.65
21335,4547.05
21336,5929.5
21337,5543.43
21338,5911.72
21339,6445.98
21340,5498.69
21341,5535.29
21342,4273.35
21343,5355.69
21344,6253.63
21345,4273.35
21346,5895.91
21347,4092.31
21348,5943.3
21349,6170.05
21350,5928.24
21351,6132.26
21352,5906.55
21353,5929.5
21354,6168.71
21355,6158.54
21356,6817.74
21357,5910.47
21358,6254.64
21359,5123.87
21360,6236.79
21361,8247.99
21362,4646.26
21363,6165.37
21364,6227.5
21365,5929.5
21366,6122.84
21367,5561.94
21368,5887.87
21369,5955.83
21370,3755.52
21371,4250.07
21372,5836.91
21373,5886.87
21374,5581.59
21375,5929.5
21376,5253.78
21377,5296.22
21378,6176.85
21379,4741.52
21380,5900.86
21381,6243.02
21382,11233.78
21383,5203.69
21384,5826.96
21385,9477.57
21386,8233.76
21387,4134.05
21388,6163.47
21389,5561.94
21390,5822.84
21391,4735.61
21392,4793.25
21393,5906.55
21394,4902.23
21395,5045.57
21396,4910.48
21397,7384.08
21398,6243.02
21399,18555.8
21400,5929.5
21401,0.0
21402,0.0
21403,0.0
21404,0.0
21405,0.0
21406,0.0
21407,0.0
21408,0.0
21409,0.0
21410,0.0
21411,0.0
21412,0.0
21413,0.0
21414,0.0
21415,0.0
21416,0.0
21417,0.0
21418,0.0
21419,0.0
21420,0.0
21421,0.0
21422,0.0
21423,0.0
21424,0.0
21425,0.0
21426,0.0
21427,0.0
21428,0.0
21429,0.0
21430,0.0
21431,0.0
21432,0.0
21433,0.0
21434,0.0
21435,0.0
21436,0.0
21437,0.0
21438,0.0
21439,0.0
21440,0.0
21441,0.0
21442,0.0
21443,0.0
21444,0.0
21445,0.0
21446,0.0
21447,0.0
21448,0.0
21449,0.0
21450,0.0
21451,0.0
21452,0.0
21453,0.0
21454,0.0
21455,0.0
21456,0.0
21457,0.0
21458,0.0
21459,0.0
21460,0.0
21461,0.0
21462,0.0
21463,0.0
21464,0.0
21465,0.0
21466,0.0
21467,0.0
21468,0.0
21469,0.0
21470,0.0
21471,0.0
21472,0.0
21473,0.0
21474,0.0
21475,0.0
21476,0.0
21477,0.0
21478,0.0
21479,0.0
21480,0.0
21481,0.0
21482,0.0
21483,0.0
21484,0.0
21485,0.0
21486,0.0
21487,0.0
21488,0.0
21489,0.0
21490,0.0
21491,0.0
21492,3070.41
21493,0.0
21494,0.0
21495,0.0
21496,0.0
21497,0.0
21498,0.0
21499,0.0
21500,0.0
21501,0.0
21502,0.0
21503,0.0
21504,0.0
21505,0.0
21506,0.0
21507,0.0
21508,0.0
21509,0.0
21510,0.0
21511,0.0
21512,0.0
21513,0.0
21514,0.0
21515,0.0
21516,0.0
21517,0.0
21518,0.0
21519,0.0
21520,0.0
21521,0.0
21522,0.0
21523,0.0
21524,0.0
21525,0.0
21526,0.0
21527,0.0
21528,0.0
21529,0.0
21530,0.0
21531,0.0
21532,0.0
21533,0.0
21534,0.0
21535,0.0
21536,0.0
21537,0.0
21538,0.0
21539,0.0
21540,0.0
21541,0.0
21542,0.0
21543,0.0
21544,0.0
21545,0.0
21546,0.0
21547,0.0
21548,0.0
21549,0.0
21550,0.0
21551,0.0
21552,0.0
21553,0.0
21554,0.0
21555,0.0
21556,0.0
21557,0.0
21558,0.0
21559,0.0
21560,2129.98
21561,0.0
21562,0.0
21563,0.0
21564,0.0
21565,0.0
21566,0.0
21567,0.0
21568,0.0
21569,0.0
21570,0.0
21571,0.0
21572,0.0
21573,0.0
21574,0.0
21575,0.0
21576,0.0
21577,0.0
21578,0.0
21579,0.0
21580,0.0
21581,0.0
21582,0.0
21583,0.0
21584,0.0
21585,0.0
21586,0.0
21587,0.0
21588,0.0
21589,0.0
21590,0.0
21591,0.0
21592,0.0
21593,0.0
21594,0.0
21595,0.0
21596,0.0
21597,0.0
21598,0.0
21599,0.0
21600,0.0
21601,14813.59
21602,12874.17
21603,0.0
21604,0.0
21605,0.0
21606,0.0
21607,0.0
21608,0.0
21609,0.0
21610,7271.54
21611,0.0
21612,0.0
21613,0.0
21614,0.0
21615,0.0
21616,0.0
21617,0.0
21618,0.0
21619,0.0
21620,0.0
21621,0.0
21622,0.0
21623,0.0
21624,0.0
21625,0.0
21626,0.0
21627,0.0
21628,0.0
21629,3005.23
21630,0.0
21631,0.0
21632,0.0
21633,0.0
21634,0.0
21635,0.0
21636,0.0
21637,0.0
21638,0.0
21639,2685.77
21640,0.0
21641,0.0
21642,0.0
21643,0.0
21644,0.0
21645,0.0
21646,0.0
21647,0.0
21648,0.0
21649,0.0
21650,0.0
21651,0.0
21652,0.0
21653,0.0
21654,0.0
21655,0.0
21656,0.0
21657,8433.07
21658,0.0
21659,0.0
21660,0.0
21661,0.0
21662,0.0
21663,0.0
21664,0.0
21665,0.0
21666,0.0
21667,0.0
21668,0.0
21669,0.0
21670,0.0
21671,0.0
21672,0.0
21673,0.0
21674,8084.74
21675,0.0
21676,0.0
21677,0.0
21678,0.0
21679,0.0
21680,0.0
21681,0.0
21682,0.0
21683,0.0
21684,0.0
21685,0.0
21686,0.0
21687,0.0
21688,0.0
21689,0.0
21690,0.0
21691,0.0
21692,0.0
21693,0.0
21694,0.0
21695,0.0
21696,0.0
21697,0.0
21698,0.0
21699,0.0
21700,0.0
21701,0.0
21702,0.0
21703,0.0
21704,0.0
21705,0.0
21706,0.0
21707,0.0
21708,0.0
21709,0.0
21710,0.0
21711,0.0
21712,0.0
21713,0.0
21714,0.0
21715,0.0
21716,0.0
21717,0.0
21718,0.0
21719,0.0
21720,0.0
21721,0.0
21722,0.0
21723,0.0
21724,0.0
21725,0.0
21726,0.0
21727,0.0
21728,0.0
21729,0.0
21730,0.0
21731,0.0
21732,0.0
21733,0.0
21734,0.0
21735,0.0
21736,2409.0
21737,0.0
21738,0.0
21739,0.0
21740,0.0
21741,0.0
21742,0.0
21743,0.0
21744,0.0
21745,0.0
21746,0.0
21747,0.0
21748,0.0
21749,0.0
21750,4028.95
21751,0.0
21752,0.0
21753,0.0
21754,0.0
21755,0.0
21756,0.0
21757,0.0
21758,0.0
21759,0.0
21760,0.0
21761,0.0
21762,0.0
21763,0.0
21764,0.0
21765,0.0
21766,0.0
21767,0.0
21768,0.0
21769,0.0
21770,0.0
21771,0.0
21772,0.0
21773,0.0
21774,0.0
21775,0.0
21776,0.0
21777,0.0
21778,0.0
21779,0.0
21780,0.0
21781,0.0
21782,0.0
21783,0.0
21784,0.0
21785,0.0
21786,0.0
21787,0.0
21788,0.0
21789,0.0
21790,0.0
21791,0.0
21792,0.0
21793,7032.5
21794,0.0
21795,0.0
21796,0.0
21797,0.0
21798,0.0
21799,0.0
21800,0.0
21801,0.0
21802,0.0
21803,3108.44
21804,0.0
21805,0.0
21806,0.0
21807,3932.29
21808,0.0
21809,0.0
21810,0.0
21811,0.0
21812,0.0
21813,0.0
21814,0.0
21815,0.0
21816,0.0
21817,0.0
21818,0.0
21819,0.0
21820,0.0
21821,0.0
21822,0.0
21823,0.0
21824,0.0
21825,0.0
21826,0.0
21827,0.0
21828,0.0
21829,0.0
21830,0.0
21831,0.0
21832,0.0
21833,0.0
21834,18618.86
21835,0.0
21836,0.0
21837,0.0
21838,0.0
21839,0.0
21840,0.0
21841,0.0
21842,0.0
21843,0.0
21844,0.0
21845,0.0
21846,0.0
21847,0.0
21848,6160.97
21849,0.0
21850,0.0
21851,0.0
21852,0.0
21853,0.0
21854,0.0
21855,0.0
21856,0.0
21857,0.0
21858,0.0
21859,0.0
21860,0.0
21861,0.0
21862,0.0
21863,0.0
21864,0.0
21865,0.0
21866,0.0
21867,0.0
21868,0.0
21869,0.0
21870,0.0
21871,0.0
21872,0.0
21873,0.0
21874,0.0
21875,0.0
21876,0.0
21877,0.0
21878,0.0
21879,0.0
21880,0.0
21881,0.0
21882,0.0
21883,0.0
21884,0.0
21885,0.0
21886,0.0
21887,0.0
21888,0.0
21889,0.0
21890,0.0
21891,0.0
21892,0.0
21893,0.0
21894,0.0
21895,0.0
21896,0.0
21897,0.0
21898,0.0
21899,0.0
21900,0.0
21901,0.0
21902,0.0
21903,0.0
21904,0.0
21905,0.0
21906,0.0
21907,0.0
21908,0.0
21909,0.0
21910,0.0
21911,0.0
21912,0.0
21913,0.0
21914,0.0
21915,0.0
21916,0.0
21917,0.0
21918,0.0
21919,0.0
21920,0.0
21921,0.0
21922,0.0
21923,12365.19
21924,0.0
21925,0.0
21926,0.0
21927,0.0
21928,0.0
21929,0.0
21930,0.0
21931,0.0
21932,0.0
21933,0.0
21934,0.0
21935,0.0
21936,0.0
21937,0.0
21938,0.0
21939,0.0
21940,0.0
21941,0.0
21942,0.0
21943,0.0
21944,0.0
21945,0.0
21946,0.0
21947,0.0
21948,0.0
21949,0.0
21950,0.0
21951,0.0
21952,0.0
21953,0.0
21954,0.0
21955,0.0
21956,0.0
21957,0.0
21958,0.0
21959,0.0
21960,0.0
21961,0.0
21962,0.0
21963,0.0
21964,0.0
21965,0.0
21966,0.0
21967,3942.4
21968,16034.23
21969,0.0
21970,0.0
21971,0.0
21972,0.0
21973,0.0
21974,0.0
21975,0.0
21976,0.0
21977,0.0
21978,0.0
21979,0.0
21980,0.0
21981,0.0
21982,0.0
21983,0.0
21984,0.0
21985,0.0
21986,0.0
21987,0.0
21988,0.0
21989,0.0
21990,0.0
21991,0.0
21992,0.0
21993,0.0
21994,0.0
21995,0.0
21996,12178.07
21997,0.0
21998,0.0
21999,0.0
22000,0.0
22001,0.0
22002,0.0
22003,0.0
22004,0.0
22005,0.0
22006,0.0
22007,0.0
22008,0.0
22009,0.0
22010,0.0
22011,0.0
22012,0.0
22013,0.0
22014,0.0
22015,0.0
22016,0.0
22017,0.0
22018,0.0
22019,0.0
22020,0.0
22021,0.0
22022,0.0
22023,0.0
22024,0.0
22025,0.0
22026,0.0
22027,0.0
22028,0.0
22029,0.0
22030,0.0
22031,0.0
22032,0.0
22033,0.0
22034,0.0
22035,0.0
22036,0.0
22037,0.0
22038,0.0
22039,0.0
22040,0.0
22041,0.0
22042,0.0
22043,0.0
22044,0.0
22045,0.0
22046,0.0
22047,0.0
22048,0.0
22049,0.0
22050,0.0
22051,0.0
22052,0.0
22053,0.0
22054,0.0
22055,0.0
22056,0.0
22057,0.0
22058,0.0
22059,0.0
22060,0.0
22061,0.0
22062,0.0
22063,0.0
22064,0.0
22065,0.0
22066,2451.71
22067,0.0
22068,0.0
22069,0.0
22070,2250.07
22071,0.0
22072,0.0
22073,0.0
22074,0.0
22075,0.0
22076,0.0
22077,0.0
22078,0.0
22079,0.0
22080,0.0
22081,0.0
22082,0.0
22083,0.0
22084,0.0
22085,0.0
22086,0.0
22087,0.0
22088,0.0
22089,0.0
22090,0.0
22091,0.0
22092,0.0
22093,0.0
22094,0.0
22095,0.0
22096,0.0
22097,0.0
22098,0.0
22099,0.0
22100,0.0
22101,0.0
22102,0.0
22103,0.0
22104,0.0
22105,0.0
22106,0.0
22107,0.0
22108,0.0
22109,0.0
22110,0.0
22111,0.0
22112,0.0
22113,0.0
22114,0.0
22115,0.0
22116,0.0
22117,0.0
22118,0.0
22119,0.0
22120,0.0
22121,2643.39
22122,0.0
22123,0.0
22124,0.0
22125,0.0
22126,0.0
22127,0.0
22128,0.0
22129,0.0
22130,0.0
22131,0.0
22132,0.0
22133,0.0
22134,0.0
22135,0.0
22136,12021.9
22137,0.0
22138,0.0
22139,0.0
22140,0.0
22141,0.0
22142,0.0
22143,0.0
22144,0.0
22145,0.0
22146,0.0
22147,0.0
22148,0.0
22149,0.0
22150,0.0
22151,0.0
22152,0.0
22153,0.0
22154,0.0
22155,0.0
22156,0.0
22157,0.0
22158,0.0
22159,0.0
22160,0.0
22161,0.0
22162,0.0
22163,0.0
22164,0.0
22165,0.0
22166,0.0
22167,0.0
22168,0.0
22169,0.0
22170,0.0
22171,0.0
22172,0.0
22173,0.0
22174,0.0
22175,0.0
22176,0.0
22177,0.0
22178,0.0
22179,0.0
22180,0.0
22181,0.0
22182,0.0
22183,0.0
22184,0.0
22185,0.0
22186,0.0
22187,0.0
22188,0.0
22189,0.0
22190,0.0
22191,0.0
22192,0.0
22193,0.0
22194,0.0
22195,0.0
22196,0.0
22197,0.0
22198,0.0
22199,0.0
22200,3039.58
22201,0.0
22202,0.0
22203,0.0
22204,0.0
22205,0.0
22206,0.0
22207,0.0
22208,0.0
22209,0.0
22210,0.0
22211,0.0
22212,0.0
22213,0.0
22214,0.0
22215,0.0
22216,0.0
22217,0.0
22218,0.0
22219,0.0
22220,0.0
22221,0.0
22222,0.0
22223,0.0
22224,0.0
22225,0.0
22226,0.0
22227,0.0
22228,0.0
22229,0.0
22230,0.0
22231,0.0
22232,0.0
22233,0.0
22234,0.0
22235,0.0
22236,0.0
22237,0.0
22238,0.0
22239,0.0
22240,0.0
22241,12610.01
22242,7649.81
22243,0.0
22244,0.0
22245,0.0
22246,0.0
22247,0.0
22248,0.0
22249,0.0
22250,0.0
22251,0.0
22252,0.0
22253,0.0
22254,0.0
22255,0.0
22256,0.0
22257,5132.48
22258,4416.26
22259,5930.17
22260,4745.11
22261,5847.1
22262,4630.47
22263,5432.42
22264,5265.9
22265,4543.5
22266,4468.59
22267,6478.95
22268,5992.5
22269,5237.69
22270,5224.8
22271,4943.57
22272,3953.44
22273,4544.34
22274,5721.35
22275,6185.02
22276,7151.43
22277,6335.05
22278,5174.0
22279,6143.37
22280,4035.8
22281,8783.17
22282,6580.09
22283,5186.66
22284,6215.39
22285,3989.45
22286,5221.79
22287,6514.82
22288,7721.56
22289,5644.61
22290,6178.69
22291,4776.79
22292,6121.44
22293,4567.72
22294,6186.86
22295,6246.86
22296,5486.79
22297,6412.71
22298,5930.17
22299,6556.73
22300,5059.03
22301,4784.12
22302,5264.62
22303,5896.65
22304,9540.45
22305,5610.01
22306,6260.71
22307,5939.15
22308,5248.51
22309,6271.28
22310,4428.35
22311,3974.48
22312,3730.84
22313,5662.36
22314,6118.57
22315,6466.68
22316,6564.76
22317,5210.37
22318,6557.12
22319,4456.47
22320,4451.57
22321,5210.37
22322,6197.11
22323,4094.71
22324,4512.71
22325,5569.47
22326,5017.06
22327,5300.02
22328,4564.72
22329,6259.79
22330,5561.85
22331,5210.14
22332,6446.86
22333,6523.73
22334,4699.37
22335,4983.31
22336,4630.47
22337,6488.62
22338,5949.04
22339,5930.17
22340,6433.87
22341,4561.63
22342,6233.87
22343,6597.7
22344,4797.78
22345,6143.93
22346,5827.2
22347,5457.57
22348,5930.17
22349,4582.79
22350,5499.78
22351,4704.97
22352,6521.59
22353,5051.5
22354,4193.48
22355,3206.78
22356,6514.82
22357,5644.61
22358,5371.29
22359,5586.84
22360,4506.8
22361,5366.26
22362,5231.29
22363,4411.27
22364,6372.11
22365,5962.81
22366,6617.14
22367,6430.83
22368,6287.46
22369,5084.39
22370,6207.79
22371,4992.66
22372,4581.91
22373,6259.79
22374,6252.84
22375,5968.35
22376,6548.7
22377,6201.67
22378,6202.99
22379,5968.35
22380,6556.73
22381,4513.72
22382,3728.28
22383,5235.84
22384,4903.75
22385,4649.47
22386,4455.55
22387,5231.1
22388,6483.6
22389,4851.03
22390,5374.26
22391,5111.26
22392,5720.91
22393,6464.03
22394,4392.44
22395,6514.82
22396,4903.75
22397,6288.02
22398,3420.5
22399,5934.23
22400,4191.75
22401,6537.21
22402,4503.66
22403,4925.61
22404,7216.89
22405,5832.18
22406,5114.16
22407,10963.31
22408,6691.67
22409,6556.73
22410,4890.45
22411,5445.93
22412,6200.39
22413,4184.38
22414,5200.86
22415,5199.94
22416,4509.65
22417,3166.98
22418,5938.66
22419,6506.23
22420,5520.8
22421,4940.89
22422,6200.73
22423,5256.72
22424,4772.78
22425,4398.47
22426,4432.92
22427,6051.85
22428,6433.87
22429,5832.18
22430,5231.1
22431,6477.91
22432,5694.92
22433,6143.37
22434,6500.73
22435,5264.62
22436,6429.14
22437,4212.26
22438,5833.39
22439,4914.18
22440,5614.47
22441,5506.4
22442,5465.54
22443,4999.94
22444,7616.78
22445,7369.29
22446,6468.51
22447,6639.74
22448,6073.91
22449,6863.09
22450,17395.06
22451,8957.78
22452,5924.32
22453,3752.18
22454,5933.57
22455,7462.3
22456,4464.42
22457,9942.95
22458,10911.62
22459,5423.99
22460,4386.04
22461,8176.51
22462,4768.77
22463,7042.26
22464,4404.52
22465,5976.24
22466,4735.66
22467,6434.03
22468,6433.87
22469,5952.09
22470,6582.07
22471,6011.78
22472,6160.97
22473,5092.45
22474,4629.26
22475,5231.1
22476,5389.13
22477,4191.75
22478,4766.45
22479,4637.78
22480,4622.35
22481,5215.75
22482,4389.83
22483,4786.14
22484,6428.16
22485,6118.57
22486,6594.0
22487,6031.87
22488,6590.3
22489,4433.88
22490,4784.5
22491,5203.85
22492,4224.07
22493,5826.69
22494,5647.55
22495,5235.97
22496,5502.32
22497,6160.97
22498,3759.84
22499,5930.17
22500,7285.77
22501,5496.25
22502,5450.81
22503,11797.81
22504,6355.63
22505,4969.03
22506,5442.61
22507,4622.35
22508,4514.33
22509,4920.6
22510,4772.78
22511,5968.35
22512,6500.73
22513,8775.67
22514,5658.75
22515,6384.99
22516,5345.39
22517,5235.97
22518,5976.24
22519,5677.87
22520,10104.96
22521,5395.55
22522,6805.73
22523,5625.1
22524,5976.24
22525,6371.25
22526,4957.03
22527,5706.36
22528,4289.74
22529,6490.55
22530,6449.91
22531,6430.13
22532,5940.74
22533,6355.63
22534,4622.35
22535,6288.02
22536,7765.35
22537,4048.9
22538,5017.06
22539,6135.49
22540,6596.7
22541,6137.14
22542,5698.1
22543,6564.76
22544,6556.73
22545,6477.91
22546,7233.52
22547,5839.32
22548,5967.04
22549,6226.02
22550,16868.24
22551,5087.7
22552,6575.86
22553,6529.73
22554,5264.62
22555,5936.63
22556,5649.27
22557,5264.62
22558,6208.29
22559,6557.12
22560,4797.78
22561,5318.74
22562,5231.29
22563,4245.76
22564,4768.77
22565,5248.68
22566,4292.59
22567,6459.22
22568,4166.62
22569,4675.5
22570,6514.82
22571,5603.38
22572,6287.46
22573,6490.55
22574,5332.95
22575,6490.55
22576,6230.66
22577,5957.0
22578,5265.9
22579,4111.05
22580,4593.18
22581,6485.79
22582,5876.97
22583,6514.82
22584,2976.76
22585,5551.42
22586,7091.42
22587,5247.55
22588,4814.36
22589,6215.14
22590,6288.02
22591,7152.78
22592,5960.42
22593,4652.68
22594,3765.85
22595,5451.83
22596,5801.1
22597,4129.06
22598,5797.39
22599,3983.29
22600,6419.43
22601,5968.35
22602,7765.86
22603,5885.2
22604,4483.6
22605,5455.18
22606,6451.69
22607,6185.27
22608,5231.61
22609,5571.09
22610,6487.26
22611,6142.56
22612,6575.86
22613,5111.26
22614,6230.66
22615,5968.35
22616,6239.53
22617,6137.14
22618,14835.86
22619,5644.61
22620,6171.19
22621,5752.23
22622,7904.01
22623,3825.95
22624,4946.88
22625,5893.27
22626,6428.32
22627,4588.71
22628,6575.86
22629,5824.58
22630,5285.2
22631,6490.55
22632,5506.21
22633,6514.82
22634,5616.66
22635,7429.75
22636,4701.95
22637,5115.88
22638,6394.03
22639,4677.64
22640,5167.0
22641,5825.67
22642,4387.4
22643,5069.86
22644,5279.87
22645,5248.68
22646,4257.97
22647,5976.24
22648,4630.47
22649,5542.43
22650,5469.53
22651,6477.91
22652,5004.24
22653,6014.74
22654,6485.88
22655,5238.74
22656,4983.31
22657,5386.18
22658,6567.83
22659,5930.17
22660,6208.29
22661,8541.25
22662,6080.13
22663,5934.23
22664,5992.5
22665,8764.84
22666,5985.71
22667,4827.95
22668,4637.78
22669,5730.66
22670,4060.16
22671,4425.35
22672,6061.48
22673,6514.82
22674,5539.43
22675,4216.01
22676,1914.84
22677,5742.52
22678,6355.63
22679,6215.09
22680,5577.51
22681,7141.39
22682,5921.21
22683,4257.97
22684,6653.36
22685,4521.78
22686,4866.07
22687,5551.42
22688,4786.14
22689,6476.6
22690,13042.06
22691,4720.69
22692,6490.55
22693,5346.44
22694,3788.22
22695,4516.53
22696,6428.32
22697,5276.98
22698,6871.49
22699,6399.98
22700,4774.72
22701,6429.14
22702,3661.22
22703,5235.97
22704,6160.97
22705,7480.57
22706,8754.23
22707,4745.11
22708,5876.71
22709,4640.45
22710,4743.18
22711,16037.54
22712,8884.09
22713,6186.86
22714,3325.74
22715,6541.19
22716,5237.69
22717,4622.35
22718,5990.58
22719,4690.86
22720,5366.48
22721,6034.36
22722,5346.28
22723,4439.26
22724,4275.89
22725,6178.69
22726,5624.12
22727,3445.75
22728,4170.37
22729,6585.47
22730,7835.91
22731,5512.45
22732,6287.46
22733,4484.42
22734,6490.55
22735,5195.14
22736,5559.32
22737,4538.64
22738,5936.63
22739,4512.46
22740,6205.14
22741,5850.67
22742,5357.45
22743,6428.32
22744,4786.14
22745,5779.75
22746,4132.62
22747,6477.91
22748,6878.54
22749,4420.03
22750,6287.46
22751,4884.65
22752,5025.87
22753,6066.26
22754,7395.03
22755,10090.66
22756,4774.88
22757,5940.74
22758,4774.72
22759,5797.39
22760,6533.15
22761,6575.86
22762,3728.25
22763,5813.17
22764,6260.81
22765,5023.15
22766,4513.72
22767,6156.92
22768,6144.56
22769,5952.09
22770,5466.43
22771,5216.34
22772,6192.04
22773,5284.36
22774,4777.93
22775,5244.74
22776,5640.4
22777,4439.26
22778,3946.3
22779,6629.13
22780,5790.95
22781,6362.72
22782,4874.58
22783,4772.78
22784,6514.82
22785,5389.75
22786,6382.85
22787,4672.18
22788,5876.71
22789,6428.32
22790,5195.14
22791,4566.63
22792,5668.69
22793,4404.07
22794,7002.09
22795,7800.68
22796,5221.79
22797,4772.78
22798,5028.9
22799,4215.58
22800,4995.14
22801,4430.59
22802,5346.28
22803,5968.35
22804,4651.5
22805,5436.1
22806,4224.07
22807,8160.79
22808,5425.23
22809,5419.36
22810,4490.69
22811,4893.66
22812,4989.85
22813,5318.02
22814,6152.55
22815,5765.5
22816,6578.51
22817,6281.22
22818,6051.85
22819,4622.35
22820,5490.24
22821,6177.43
22822,4910.96
22823,6014.74
22824,14788.42
22825,4879.59
22826,5312.71
22827,5093.11
22828,6224.43
22829,7162.72
22830,6246.86
22831,6337.22
22832,6288.02
22833,4807.11
22834,6541.19
22835,5251.03
22836,3731.73
22837,5548.08
22838,3482.16
22839,4073.3
22840,6575.86
22841,18413.52
22842,5992.5
22843,5910.08
22844,5232.47
22845,6514.82
22846,6217.74
22847,1937.35
22848,6894.98
22849,6287.46
22850,5976.85
22851,6536.8
22852,12119.86
22853,4788.52
22854,3532.54
22855,3602.1
22856,5797.39
22857,4795.6
22858,6597.7
22859,4125.35
22860,6356.08
22861,4107.5
22862,5043.96
22863,5123.33
22864,6596.7
22865,5952.09
22866,6230.66
22867,4637.78
22868,5333.96
22869,4490.33
22870,4148.64
22871,5940.74
22872,3984.93
22873,6208.27
22874,5223.29
22875,3646.79
22876,5265.9
22877,5007.37
22878,5218.58
22879,5293.73
22880,5860.84
22881,4637.78
22882,5462.15
22883,6143.37
22884,5805.07
22885,4541.33
22886,4187.49
22887,4441.7
22888,4505.17
22889,5080.05
22890,5409.47
22891,5498.57
22892,5908.5
22893,3214.2
22894,4041.78
22895,5952.09
22896,5845.75
22897,8873.15
22898,5644.61
22899,6454.01
22900,4283.52
22901,5455.35
22902,4501.17
22903,7995.44
22904,3790.46
22905,5578.12
22906,5088.85
22907,6870.67
22908,5224.1
22909,6271.28
22910,4680.8
22911,6523.73
22912,3699.65
22913,5989.81
22914,3782.04
22915,4786.14
22916,5926.85
22917,4197.74
22918,7029.27
22919,6198.35
22920,4735.79
22921,5342.0
22922,5960.42
22923,4143.89
22924,6361.38
22925,5706.36
22926,6081.89
22927,6596.7
22928,6287.46
22929,6179.5
22930,5210.37
22931,5325.49
22932,6014.74
22933,4654.78
22934,5992.5
22935,2818.78
22936,5164.98
22937,4622.35
22938,6287.46
22939,5832.18
22940,5952.7
22941,5445.93
22942,5608.51
22943,4386.04
22944,6967.21
22945,5620.62
22946,5658.75
22947,5992.5
22948,6132.64
22949,5200.04
22950,4682.7
22951,5957.0
22952,5379.68
22953,6246.48
22954,6575.86
22955,5856.97
22956,5935.03
22957,6923.1
22958,3820.49
22959,5409.47
22960,5962.81
22961,6197.24
22962,5551.42
22963,5521.06
22964,6575.86
22965,5856.97
22966,4770.41
22967,4419.55
22968,5555.57
22969,6584.18
22970,4187.76
22971,4639.73
22972,6556.73
22973,5832.18
22974,6514.82
22975,5950.21
22976,5885.7
22977,5381.9
22978,4910.96
22979,5056.97
22980,5982.68
22981,6026.3
22982,5845.45
22983,4630.47
22984,5953.68
22985,4807.11
22986,6490.55
22987,6259.79
22988,8025.59
22989,5907.31
22990,3957.42
22991,5649.27
22992,6566.57
22993,4375.96
22994,6514.82
22995,6137.14
22996,5224.83
22997,6564.76
22998,4219.84
22999,5706.36
23000,6287.46
23001,5458.49
23002,9535.21
23003,6263.76
23004,7669.94
23005,6179.5
23006,4772.83
23007,2833.56
23008,5862.03
23009,5343.55
23010,5026.28
23011,5111.26
23012,4047.06
23013,4637.78
23014,5174.0
23015,4782.38
23016,5324.88
23017,4685.13
23018,5164.98
23019,4484.42
23020,5251.61
23021,4622.35
23022,4346.17
23023,6556.73
23024,4097.26
23025,5231.19
23026,5212.02
23027,6514.82
23028,5111.26
23029,6143.93
23030,4959.29
23031,4022.11
23032,6556.73
23033,5668.69
23034,6588.67
23035,4685.13
23036,8127.98
23037,6394.03
23038,4971.02
23039,6615.14
23040,7777.84
23041,6580.99
23042,5983.17
23043,3299.18
23044,6531.29
23045,10156.96
23046,4602.38
23047,4476.91
23048,6439.51
23049,5543.43
23050,6113.93
23051,7183.92
23052,4856.26
23053,5724.57
23054,3782.04
23055,6148.28
23056,5930.17
23057,3788.22
23058,6575.86
23059,4046.98
23060,6144.7
23061,6170.05
23062,5615.53
23063,5002.17
23064,4391.57
23065,6490.55
23066,6149.17
23067,5318.74
23068,7728.65
23069,5542.3
23070,6287.46
23071,5152.2
23072,5970.01
23073,8152.36
23074,4514.33
23075,5210.37
23076,6215.14
23077,6490.55
23078,6208.49
23079,5555.57
23080,5464.45
23081,5311.06
23082,3555.28
23083,3759.84
23084,6491.1
23085,4957.03
23086,5112.78
23087,6450.76
23088,5253.78
23089,4968.71
23090,6157.31
23091,4257.97
23092,5557.96
23093,5976.24
23094,12615.23
23095,5250.3
23096,5265.9
23097,8694.85
23098,8254.83
23099,4144.37
23100,6143.93
23101,5555.57
23102,6605.74
23103,4459.35
23104,4935.49
23105,5328.15
23106,4790.29
23107,4822.78
23108,3813.62
23109,7799.24
23110,5976.24
23111,21514.08
23112,6490.55
23113,7203.18
23114,7848.7
23115,8506.48
23116,8032.24
23117,7733.9
23118,7090.99
23119,7722.32
23120,7714.27
23121,7077.06
23122,7014.72
23123,7821.81
23124,8164.51
23125,7764.26
23126,7202.32
23127,6422.7
23128,7067.01
23129,7997.77
23130,7816.38
23131,9929.14
23132,8800.22
23133,7767.57
23134,7818.49
23135,8008.14
23136,7562.26
23137,10455.44
23138,7842.59
23139,7602.49
23140,7255.61
23141,7150.19
23142,7042.67
23143,7751.85
23144,10352.86
23145,7771.92
23146,7614.22
23147,6897.13
23148,8686.35
23149,6650.36
23150,8138.3
23151,8019.13
23152,7788.28
23153,7722.03
23154,8298.1
23155,7806.0
23156,7768.9
23157,7478.67
23158,7657.24
23159,6858.37
23160,11012.36
23161,7693.0
23162,9148.48
23163,7356.57
23164,6836.77
23165,8041.7
23166,8133.68
23167,7011.07
23168,9127.65
23169,7331.45
23170,7969.15
23171,9361.33
23172,7776.43
23173,7515.01
23174,8335.73
23175,7157.35
23176,9158.98
23177,7648.23
23178,8171.94
23179,7130.92
23180,7146.46
23181,8649.86
23182,7654.91
23183,7669.43
23184,7779.4
23185,8248.04
23186,8052.57
23187,6573.36
23188,8226.39
23189,7720.32
23190,8402.74
23191,7744.77
23192,7208.97
23193,7640.06
23194,7994.18
23195,8149.39
23196,7715.52
23197,7128.84
23198,8617.93
23199,7795.11
23200,7224.16
23201,7942.56
23202,7730.17
23203,7251.68
23204,8202.31
23205,7134.78
23206,7218.61
23207,6986.26
23208,7647.79
23209,7697.96
23210,7017.98
23211,6471.29
23212,7729.78
23213,7756.18
23214,7573.68
23215,7209.03
23216,7275.52
23217,7744.39
23218,6814.96
23219,7134.78
23220,7313.62
23221,8335.47
23222,8897.93
23223,7820.05
23224,8412.26
23225,7191.43
23226,8675.29
23227,7692.52
23228,7825.63
23229,8338.86
23230,7831.46
23231,8091.82
23232,7612.65
23233,7726.61
23234,8153.16
23235,8002.3
23236,7806.0
23237,6932.29
23238,7029.36
23239,6826.8
23240,7872.16
23241,6971.46
23242,6953.94
23243,7648.23
23244,7185.2
23245,7766.02
23246,8200.97
23247,7590.52
23248,8326.73
23249,8019.13
23250,7583.56
23251,7781.11
23252,7821.54
23253,8167.9
23254,5148.0
23255,8335.47
23256,7147.68
23257,7963.77
23258,6946.05
23259,6987.32
23260,7807.55
23261,7789.79
23262,8494.29
23263,11418.43
23264,7972.29
23265,7806.0
23266,7376.61
23267,7564.88
23268,7690.67
23269,7241.85
23270,8041.04
23271,8227.31
23272,7773.38
23273,6914.1
23274,7995.96
23275,7902.64
23276,7655.29
23277,7490.75
23278,7378.8
23279,7617.7
23280,7464.54
23281,7195.49
23282,6717.83
23283,7903.7
23284,7715.52
23285,7789.79
23286,7665.07
23287,7604.32
23288,9159.92
23289,8072.48
23290,7677.15
23291,7592.43
23292,8658.94
23293,7288.89
23294,8578.38
23295,7230.76
23296,7358.24
23297,7276.01
23298,8281.94
23299,7029.56
23300,9883.31
23301,7991.78
23302,8972.99
23303,8056.03
23304,7771.85
23305,7772.18
23306,18915.01
23307,10976.83
23308,7321.38
23309,4849.65
23310,6883.16
23311,8771.88
23312,7030.88
23313,13298.21
23314,18193.55
23315,7669.99
23316,7598.29
23317,7331.01
23318,7902.26
23319,9788.93
23320,7724.71
23321,8408.86
23322,6581.48
23323,7151.68
23324,7578.11
23325,8167.36
23326,7734.73
23327,8554.95
23328,8143.79
23329,7763.59
23330,7240.16
23331,7600.26
23332,7166.34
23333,7259.59
23334,8019.13
23335,8015.99
23336,7090.99
23337,7679.62
23338,7400.63
23339,7256.68
23340,7618.55
23341,8179.78
23342,9148.13
23343,7723.31
23344,7634.29
23345,7715.24
23346,7319.76
23347,6660.29
23348,7264.73
23349,6930.66
23350,7805.99
23351,7787.0
23352,8555.75
23353,7627.36
23354,7033.91
23355,8109.3
23356,7970.68
23357,7225.27
23358,7640.53
23359,15678.52
23360,7715.79
23361,6853.7
23362,7448.02
23363,7096.92
23364,7007.06
23365,5862.49
23366,7464.54
23367,8015.47
23368,7861.88
23369,15885.52
23370,9005.61
23371,7680.37
23372,7866.56
23373,7787.0
23374,8408.86
23375,8613.37
23376,9964.58
23377,7559.17
23378,9511.15
23379,7382.11
23380,8408.86
23381,7814.49
23382,8171.17
23383,7898.13
23384,7238.61
23385,7715.52
23386,7304.05
23387,8825.5
23388,8058.17
23389,7674.23
23390,7353.09
23391,8167.9
23392,13210.43
23393,7779.31
23394,7643.66
23395,7851.29
23396,7695.76
23397,7873.18
23398,7499.55
23399,7556.3
23400,7821.74
23401,7750.07
23402,8843.32
23403,7798.63
23404,8520.51
23405,7433.14
23406,18480.19
23407,8019.13
23408,7751.01
23409,8516.85
23410,7748.96
23411,8154.54
23412,7403.1
23413,7669.13
23414,7967.0
23415,8235.2
23416,7274.47
23417,8074.96
23418,6814.96
23419,7307.34
23420,7974.47
23421,7765.6
23422,6945.06
23423,7689.44
23424,7141.92
23425,7113.13
23426,7683.92
23427,7816.89
23428,8412.26
23429,7715.52
23430,8666.17
23431,7715.52
23432,8162.75
23433,7942.63
23434,7660.08
23435,6873.68
23436,6130.3
23437,7893.64
23438,7789.4
23439,7743.52
23440,8020.7
23441,6359.32
23442,8742.3
23443,7250.49
23444,7796.83
23445,8179.12
23446,8167.9
23447,9230.88
23448,8457.81
23449,7507.17
23450,6573.3
23451,7220.44
23452,8065.57
23453,7272.31
23454,7873.37
23455,6800.89
23456,9965.51
23457,8015.47
23458,10116.08
23459,7272.5
23460,7157.35
23461,7547.1
23462,8685.8
23463,8196.97
23464,7273.01
23465,7750.07
23466,7690.49
23467,8956.12
23468,7657.57
23469,8212.7
23470,8193.98
23471,8126.91
23472,9537.62
23473,7642.31
23474,13516.92
23475,7660.5
23476,7616.33
23477,6932.5
23478,11003.53
23479,7052.16
23480,6779.78
23481,8021.57
23482,7743.35
23483,7725.36
23484,7672.38
23485,7580.46
23486,6960.46
23487,7715.52
23488,7234.8
23489,7743.52
23490,7756.18
23491,10387.28
23492,7067.01
23493,6641.71
23494,7811.64
23495,9112.8
23496,8755.33
23497,7318.03
23498,6538.52
23499,7250.84
23500,7789.12
23501,7728.01
23502,7275.61
23503,8408.86
23504,7208.97
23505,6983.09
23506,7768.88
23507,7604.32
23508,7578.72
23509,8689.23
23510,7810.35
23511,6722.41
23512,7744.77
23513,7512.82
23514,7820.9
23515,8165.39
23516,7969.2
23517,10967.83
23518,8113.78
23519,8335.47
23520,8164.51
23521,10677.47
23522,8264.08
23523,6986.26
23524,7255.0
23525,7690.19
23526,6946.99
23527,6336.41
23528,7053.22
23529,7646.69
23530,7984.62
23531,7244.16
23532,7222.65
23533,7658.45
23534,7822.52
23535,8004.72
23536,7638.53
23537,7298.36
23538,7764.92
23539,7398.45
23540,7073.27
23541,10011.14
23542,7055.04
23543,6359.32
23544,7090.99
23545,8310.65
23546,19372.79
23547,6974.76
23548,7707.19
23549,7580.3
23550,7537.35
23551,6854.37
23552,7715.52
23553,7811.8
23554,7102.96
23555,7859.12
23556,6956.41
23557,8646.42
23558,6869.13
23559,7787.0
23560,7664.85
23561,7690.7
23562,9125.91
23563,8050.69
23564,7331.23
23565,7240.16
23566,8272.13
23567,15894.05
23568,8842.83
23569,7972.41
23570,6445.7
23571,7806.0
23572,7772.6
23573,7287.02
23574,8545.59
23575,8379.1
23576,7046.91
23577,8874.65
23578,7343.07
23579,7232.63
23580,7451.47
23581,7610.45
23582,7550.17
23583,7438.5
23584,7178.67
23585,7785.09
23586,8864.78
23587,7782.75
23588,8287.33
23589,7062.86
23590,7715.52
23591,6475.11
23592,7638.53
23593,7477.13
23594,8154.54
23595,6960.96
23596,7930.38
23597,7753.43
23598,7147.58
23599,7768.57
23600,7162.66
23601,7536.78
23602,6951.85
23603,7612.65
23604,7800.86
23605,7726.58
23606,8642.48
23607,7618.23
23608,6460.22
23609,8217.49
23610,7362.63
23611,10543.6
23612,7430.05
23613,8180.05
23614,6956.41
23615,7332.2
23616,7749.6
23617,7695.4
23618,5302.08
23619,7203.82
23620,7603.12
23621,7230.14
23622,6932.29
23623,7740.47
23624,7687.04
23625,8226.69
23626,8727.87
23627,6850.51
23628,7890.5
23629,7630.89
23630,7612.35
23631,7669.19
23632,8434.74
23633,7151.01
23634,7118.47
23635,9203.24
23636,7286.42
23637,7603.63
23638,6795.08
23639,7464.54
23640,7676.79
23641,7006.5
23642,8083.74
23643,7595.67
23644,7104.05
23645,7760.24
23646,7264.38
23647,7632.18
23648,7779.31
23649,7063.49
23650,9801.64
23651,7923.57
23652,7153.9
23653,7449.02
23654,7024.13
23655,7231.54
23656,7309.69
23657,7522.75
23658,7343.07
23659,8146.96
23660,7000.02
23661,7725.92
23662,7264.73
23663,11223.24
23664,7811.64
23665,7165.03
23666,7604.26
23667,7204.59
23668,6751.39
23669,8188.71
23670,7785.46
23671,6932.5
23672,7668.59
23673,8126.37
23674,7816.31
23675,7208.97
23676,7898.13
23677,8342.66
23678,8311.8
23679,8654.74
23680,16090.33
23681,7404.53
23682,6885.98
23683,8186.5
23684,8062.1
23685,7807.55
23686,7981.78
23687,8336.3
23688,8167.9
23689,6956.41
23690,7806.0
23691,7229.72
23692,7040.25
23693,7544.53
23694,7438.5
23695,6910.07
23696,7749.7
23697,16645.37
23698,8164.51
23699,8043.4
23700,8578.9
23701,7751.85
23702,8445.94
23703,8994.77
23704,9284.76
23705,8287.33
23706,8326.9
23707,7958.91
23708,10982.07
23709,7578.4
23710,7497.39
23711,7147.36
23712,7332.2
23713,8790.69
23714,7795.11
23715,6915.64
23716,7801.25
23717,6687.67
23718,6635.05
23719,7094.41
23720,7660.18
23721,8101.27
23722,8250.36
23723,7959.47
23724,7875.59
23725,7386.47
23726,7402.24
23727,8194.34
23728,7030.49
23729,8069.59
23730,7311.72
23731,5859.36
23732,7609.42
23733,7793.06
23734,6763.58
23735,7822.04
23736,8170.79
23737,7934.74
23738,7698.38
23739,8003.78
23740,5659.22
23741,7087.6
23742,7175.92
23743,6960.73
23744,7353.99
23745,8666.17
23746,7905.48
23747,8076.12
23748,7979.06
23749,7924.71
23750,7116.22
23751,8457.59
23752,7002.09
23753,9632.48
23754,7660.5
23755,7791.54
23756,7155.3
23757,7605.53
23758,7128.84
23759,12054.74
23760,7133.48
23761,7262.41
23762,7832.91
23763,7447.63
23764,7176.5
23765,8041.7
23766,7013.67
23767,7720.32
23768,6829.85
23769,7951.54
23770,7514.5
23771,7090.99
23772,7202.63
23773,7040.25
23774,7628.89
23775,8051.61
23776,6463.42
23777,7767.01
23778,8386.36
23779,6870.39
23780,8044.53
23781,7795.89
23782,8002.9
23783,7805.69
23784,8287.33
23785,7799.88
23786,7468.6
23787,7237.05
23788,8670.08
23789,7812.09
23790,8164.51
23791,7899.31
23792,5992.77
23793,7138.16
23794,8358.25
23795,7790.01
23796,8246.18
23797,7691.87
23798,7407.73
23799,7630.68
23800,7548.81
23801,7294.44
23802,8613.37
23803,8164.51
23804,8298.83
23805,6609.81
23806,7212.92
23807,7942.63
23808,6011.15
23809,8193.96
23810,7675.62
23811,8244.93
23812,8620.39
23813,7734.89
23814,7094.11
23815,7848.92
23816,8335.47
23817,7881.05
23818,8959.06
23819,7297.77
23820,7675.62
23821,8811.97
23822,8073.11
23823,7645.32
23824,6893.24
23825,7347.64
23826,7241.45
23827,6992.52
23828,7821.74
23829,7837.33
23830,7627.45
23831,7925.52
23832,7031.97
23833,7754.21
23834,8347.33
23835,7736.43
23836,8367.92
23837,7671.46
23838,7864.61
23839,7365.47
23840,7730.15
23841,6956.41
23842,7715.52
23843,8338.86
23844,7339.63
23845,8185.77
23846,7011.07
23847,7385.46
23848,8435.24
23849,7681.01
23850,7668.46
23851,7971.83
23852,7328.61
23853,7854.55
23854,7211.26
23855,7795.89
23856,8244.14
23857,7596.13
23858,9749.71
23859,8881.95
23860,8856.13
23861,7797.65
23862,7481.79
23863,6924.16
23864,7614.8
23865,8720.26
23866,7770.97
23867,8212.7
23868,7095.5
23869,7936.59
23870,7826.79
23871,7576.14
23872,6583.34
23873,6983.65
23874,6128.27
23875,7157.66
23876,6898.2
23877,7354.62
23878,7184.75
23879,7806.0
23880,6924.13
23881,7862.55
23882,8770.7
23883,7729.78
23884,8192.81
23885,7935.07
23886,6485.17
23887,9197.77
23888,7668.59
23889,7588.18
23890,7826.85
23891,6983.65
23892,13115.32
23893,7799.59
23894,6498.27
23895,7828.23
23896,8553.22
23897,9500.17
23898,7741.84
23899,7438.83
23900,7551.66
23901,12927.88
23902,6980.55
23903,7632.28
23904,7741.73
23905,7273.01
23906,7638.02
23907,8862.47
23908,7593.35
23909,7062.1
23910,7541.9
23911,7294.46
23912,8452.8
23913,7541.9
23914,7741.99
23915,5890.81
23916,7836.11
23917,8319.58
23918,7610.24
23919,7330.1
23920,7653.11
23921,7715.52
23922,7929.07
23923,8020.64
23924,7321.03
23925,7659.41
23926,8412.26
23927,7429.83
23928,8201.03
23929,10344.4
23930,7156.47
23931,7620.53
23932,8179.12
23933,7715.52
23934,8320.57
23935,6954.54
23936,7804.99
23937,7945.44
23938,4766.95
23939,7056.76
23940,7657.46
23941,8195.62
23942,7697.96
23943,7612.65
23944,7179.06
23945,8607.54
23946,7760.7
23947,7387.32
23948,8058.93
23949,8283.94
23950,10006.57
23951,7233.04
23952,7728.01
23953,12395.04
23954,8708.25
23955,7291.95
23956,7942.56
23957,6893.24
23958,7660.36
23959,6696.95
23960,6598.34
23961,7779.79
23962,6956.41
23963,7084.16
23964,7182.09
23965,9843.16
23966,8310.39
23967,10183.49
23968,7715.52
23969,7215.75
23970,7809.72
23971,8522.35
23972,8044.81
23973,7733.9
23974,7103.55
23975,7685.02
23976,7662.69
23977,7135.13
23978,6990.02
23979,7793.09
23980,8140.21
23981,7655.48
23982,7138.7
23983,6329.95
23984,7099.53
23985,8010.34
23986,7746.57
23987,10080.89
23988,8800.22
23989,7767.57
23990,7818.49
23991,7982.83
23992,7488.48
23993,10499.23
23994,7806.33
23995,7550.42
23996,7268.18
23997,7184.77
23998,7121.94
23999,7720.29
24000,10348.84
24001,7700.76
24002,7626.79
24003,6872.43
24004,8753.83
24005,6662.93
24006,8128.07
24007,8031.7
24008,7697.7
24009,7712.3
24010,8313.97
24011,7777.28
24012,7699.09
24013,7583.87
24014,7700.73
24015,6747.87
24016,10759.93
24017,7621.84
24018,9213.38
24019,7321.37
24020,6758.78
24021,8031.47
24022,8094.69
24023,6925.36
24024,9171.43
24025,7354.06
24026,7963.53
24027,9351.1
24028,7766.7
24029,7558.5
24030,8348.29
24031,7052.64
24032,9128.11
24033,7691.72
24034,8146.63
24035,7091.45
24036,7041.76
24037,8723.27
24038,7581.13
24039,7837.26
24040,7730.89
24041,8237.81
24042,7982.88
24043,6481.85
24044,8238.96
24045,7645.09
24046,8402.74
24047,7635.98
24048,7221.54
24049,7640.06
24050,7954.8
24051,8165.26
24052,7640.28
24053,7141.41
24054,8585.33
24055,7766.39
24056,7236.73
24057,7903.17
24058,7730.17
24059,7169.62
24060,8218.18
24061,7147.35
24062,7136.54
24063,6981.59
24064,7616.23
24065,7624.18
24066,7050.5
24067,6483.85
24068,7698.22
24069,7685.02
24070,7489.05
24071,7136.84
24072,7203.33
24073,7707.09
24074,6736.97
24075,7147.35
24076,7326.19
24077,8325.24
24078,8983.06
24079,7783.79
24080,8402.03
24081,7127.82
24082,8706.25
24083,7736.01
24084,7760.54
24085,8328.63
24086,7791.23
24087,8067.52
24088,7478.36
24089,7739.18
24090,8142.93
24091,7978.0
24092,7777.28
24093,6907.6
24094,6924.66
24095,6839.44
24096,7884.73
24097,6974.33
24098,6929.24
24099,7691.72
24100,7259.3
24101,7636.07
24102,8213.54
24103,7634.01
24104,8326.73
24105,8031.7
24106,7458.09
24107,7749.55
24108,7834.11
24109,8143.6
24110,5160.59
24111,8325.24
24112,7200.22
24113,7976.34
24114,6921.35
24115,6962.62
24116,7778.83
24117,7882.19
24118,8376.27
24119,11418.43
24120,7984.86
24121,7777.28
24122,7389.18
24123,7500.92
24124,7665.36
24125,7137.14
24126,8024.32
24127,8239.88
24128,7683.14
24129,6909.43
24130,7985.73
24131,7855.47
24132,7570.91
24133,7591.36
24134,7509.65
24135,7661.19
24136,7325.95
24137,7208.06
24138,6730.4
24139,7878.39
24140,7640.28
24141,7882.19
24142,7708.56
24143,7470.03
24144,9002.45
24145,8047.17
24146,7614.62
24147,7635.92
24148,8671.5
24149,7184.18
24150,8564.99
24151,7230.76
24152,7358.24
24153,7204.85
24154,8268.55
24155,7032.42
24156,9843.31
24157,8004.35
24158,9099.45
24159,8109.77
24160,7746.54
24161,7731.94
24162,18912.62
24163,10788.35
24164,7286.18
24165,4831.98
24166,6802.44
24167,8854.5
24168,7006.79
24169,13244.17
24170,18110.83
24171,7632.7
24172,7493.59
24173,7343.58
24174,7914.83
24175,10377.56
24176,7685.73
24177,8398.63
24178,6485.74
24179,7126.31
24180,7469.07
24181,8157.13
24182,7659.49
24183,8505.5
24184,8118.48
24185,7689.81
24186,7266.4
24187,7643.75
24188,7061.64
24189,7312.14
24190,8031.7
24191,8028.56
24192,7103.55
24193,7735.4
24194,7270.68
24195,7269.25
24196,7631.12
24197,8195.65
24198,9227.3
24199,7683.93
24200,7624.56
24201,7699.18
24202,7332.33
24203,6549.79
24204,7160.02
24205,6905.96
24206,7709.58
24207,7678.21
24208,8555.75
24209,7639.93
24210,6929.21
24211,8125.17
24212,7983.25
24213,7143.21
24214,7588.46
24215,15473.76
24216,7634.81
24217,6930.68
24218,7363.64
24219,7109.49
24220,6982.36
24221,5779.3
24222,7325.95
24223,7991.17
24224,7833.16
24225,16044.53
24226,9005.61
24227,7566.94
24228,7814.97
24229,7678.21
24230,8398.63
24231,8613.37
24232,9951.91
24233,7504.73
24234,9540.82
24235,7456.21
24236,8398.63
24237,7765.0
24238,8106.09
24239,7801.72
24240,7115.46
24241,7640.28
24242,7265.46
24243,8785.5
24244,8032.86
24245,7586.45
24246,7365.66
24247,8143.6
24248,13289.1
24249,7645.27
24250,7569.88
24251,7836.21
24252,7644.68
24253,7847.87
24254,7428.39
24255,7512.77
24256,7793.02
24257,7649.58
24258,8846.59
24259,7783.55
24260,8533.08
24261,7323.72
24262,18477.8
24263,8031.7
24264,7741.28
24265,8636.12
24266,7792.46
24267,8129.23
24268,7363.63
24269,7712.62
24270,7956.78
24271,8247.77
24272,7287.04
24273,8218.21
24274,6736.97
24275,7184.18
24276,7987.04
24277,7714.01
24278,6920.36
24279,7619.37
24280,7037.21
24281,7119.35
24282,7652.36
24283,7816.89
24284,8402.03
24285,7640.28
24286,8770.83
24287,7640.28
24288,8152.52
24289,7903.25
24290,7608.49
24291,6848.98
24292,6139.39
24293,7799.44
24294,7789.4
24295,7711.95
24296,7980.7
24297,6481.13
24298,8831.64
24299,7168.43
24300,7696.36
24301,8168.89
24302,8143.6
24303,9289.95
24304,8473.68
24305,7377.22
24306,6643.08
24307,7149.29
24308,8109.06
24309,7290.06
24310,7833.49
24311,6787.5
24312,10009.29
24313,7991.17
24314,10174.64
24315,7167.8
24316,7052.64
24317,7476.0
24318,8674.68
24319,8171.66
24320,7362.11
24321,7649.58
24322,7733.98
24323,8991.49
24324,7647.84
24325,8225.27
24326,8183.75
24327,8102.61
24328,9527.4
24329,7617.0
24330,13426.85
24331,7589.34
24332,7591.02
24333,6992.58
24334,10729.92
24335,7055.03
24336,6699.06
24337,7996.26
24338,7668.11
24339,7651.58
24340,7662.64
24341,7565.37
24342,6891.67
24343,7640.28
24344,7162.61
24345,7711.95
24346,7685.02
24347,10347.28
24348,7099.53
24349,6548.96
24350,7739.56
24351,9116.58
24352,8704.04
24353,7318.03
24354,6525.13
24355,7178.66
24356,7716.99
24357,7676.42
24358,7170.91
24359,8398.63
24360,7221.54
24361,6832.11
24362,7725.64
24363,7470.03
24364,7701.89
24365,8656.63
24366,7763.18
24367,6611.91
24368,7635.98
24369,7448.86
24370,7773.73
24371,8181.26
24372,7958.97
24373,10838.82
24374,8088.47
24375,8325.24
24376,8140.21
24377,10721.26
24378,8253.85
24379,6989.13
24380,7267.57
24381,7586.57
24382,6878.19
24383,6348.98
24384,7028.52
24385,7572.22
24386,7984.62
24387,7121.01
24388,7235.22
24389,7554.83
24390,7768.55
24391,7980.42
24392,7638.53
24393,7302.26
24394,7749.84
24395,7293.74
24396,6968.57
24397,9971.14
24398,7057.91
24399,6481.13
24400,7103.55
24401,8323.22
24402,19254.78
24403,6905.96
24404,7631.95
24405,7651.92
24406,7463.57
24407,6829.68
24408,7640.28
24409,7811.8
24410,7050.79
24411,7797.6
24412,6931.71
24413,8658.99
24414,6844.43
24415,7678.21
24416,7677.42
24417,7703.26
24418,9161.1
24419,8063.26
24420,7334.13
24421,7266.4
24422,8376.79
24423,15741.13
24424,8913.05
24425,7962.18
24426,6390.42
24427,7777.28
24428,7663.81
24429,7299.58
24430,8576.54
24431,8379.1
24432,7007.44
24433,8753.52
24434,7261.01
24435,7127.93
24436,7470.37
24437,7623.02
24438,7453.76
24439,7473.68
24440,7073.96
24441,7737.93
24442,8877.35
24443,7712.94
24444,8277.1
24445,6990.67
24446,7640.28
24447,6491.53
24448,7638.53
24449,7372.42
24450,8129.23
24451,6936.26
24452,7906.08
24453,7753.43
24454,7150.44
24455,7693.33
24456,7175.23
24457,7440.37
24458,6883.05
24459,7478.36
24460,7813.43
24461,7739.15
24462,8632.26
24463,7536.84
24464,6367.47
24465,8217.49
24466,7257.93
24467,10545.45
24468,7465.23
24469,8154.74
24470,6931.71
24471,7418.93
24472,7668.62
24473,7651.86
24474,5280.24
24475,7263.57
24476,7528.65
24477,7242.71
24478,6907.6
24479,7725.39
24480,7730.53
24481,8216.46
24482,8727.87
24483,6740.01
24484,7875.42
24485,7614.83
24486,7557.55
24487,7618.37
24488,8310.38
24489,7046.31
24490,7032.76
24491,9144.12
24492,7241.8
24493,7529.85
24494,6924.37
24495,7325.95
24496,7602.32
24497,6937.71
24498,8083.74
24499,7608.24
24500,7106.95
24501,7685.0
24502,7298.46
24503,7684.72
24504,7727.24
24505,7024.03
24506,9839.05
24507,7883.33
24508,7233.17
24509,7397.43
24510,7026.99
24511,7126.84
24512,7296.31
24513,7399.6
24514,7261.01
24515,8122.66
24516,7002.88
24517,7686.93
24518,7160.02
24519,11256.51
24520,7732.02
24521,7101.41
24522,7602.49
24523,7217.16
24524,6670.67
24525,8108.13
24526,7697.2
24527,6992.58
24528,7606.06
24529,8116.15
24530,7791.0
24531,7221.54
24532,7801.72
24533,8317.35
24534,8246.72
24535,8643.63
24536,15901.14
24537,7505.31
24538,6808.0
24539,8186.5
24540,8051.87
24541,7778.83
24542,7994.35
24543,8326.07
24544,8143.6
24545,6931.71
24546,7777.28
24547,7166.11
24548,6935.54
24549,7448.12
24550,7473.68
24551,6885.37
24552,7739.97
24553,16777.5
24554,8140.21
24555,8033.17
24556,8578.9
24557,7720.29
24558,8476.89
24559,8815.78
24560,9096.93
24561,8277.1
24562,8316.67
24563,7943.82
24564,10758.76
24565,7594.73
24566,7509.96
24567,7147.36
24568,7418.93
24569,8895.35
24570,7758.85
24571,6846.85
24572,7764.99
24573,6674.28
24574,6554.34
24575,7054.94
24576,7609.1
24577,8091.04
24578,8240.13
24579,7972.04
24580,7836.61
24581,7399.04
24582,7454.78
24583,8169.03
24584,6944.77
24585,8069.59
24586,7324.29
24587,5818.51
24588,7524.02
24589,7771.82
24590,6672.06
24591,7804.27
24592,8271.73
24593,7947.31
24594,7710.95
24595,7978.47
24596,5633.12
24597,7100.17
24598,7193.67
24599,6960.73
24600,7406.53
24601,8770.83
24602,7853.89
24603,8114.59
24604,7953.75
24605,7937.28
24606,7102.83
24607,8447.36
24608,7017.42
24609,9691.55
24610,7589.34
24611,7755.28
24612,7050.6
24613,7580.22
24614,7141.41
24615,12098.53
24616,7047.76
24617,7191.25
24618,7737.85
24619,7552.72
24620,7158.47
24621,8031.47
24622,7016.53
24623,7645.09
24624,6805.15
24625,7964.11
24626,7440.72
24627,7103.55
24628,7097.92
24629,6935.54
24630,7641.46
24631,8041.38
24632,6341.34
24633,7697.2
24634,8380.74
24635,6845.69
24636,8044.53
24637,7699.48
24638,7997.29
24639,7788.42
24640,8277.1
24641,7711.62
24642,7512.1
24643,7173.44
24644,8658.97
24645,7771.85
24646,8140.21
24647,7899.31
24648,6011.9
24649,7150.73
24650,8348.03
24651,7825.19
24652,8235.95
24653,7627.91
24654,7325.67
24655,7525.98
24656,7543.98
24657,7338.15
24658,8613.37
24659,8140.21
24660,8298.83
24661,6499.31
24662,7108.22
24663,7903.25
24664,5968.13
24665,8168.65
24666,7665.89
24667,8244.93
24668,8620.39
24669,7666.43
24670,7008.39
24671,7763.53
24672,8325.24
24673,7841.67
24674,9056.79
24675,7187.27
24676,7665.89
24677,8811.97
24678,8085.68
24679,7571.54
24680,6868.55
24681,7360.21
24682,7136.75
24683,6953.06
24684,7793.02
24685,7929.72
24686,7562.08
24687,7900.21
24688,7130.33
24689,7716.91
24690,8282.24
24691,7627.64
24692,8362.3
24693,7706.64
24694,7824.38
24695,7378.04
24696,7773.64
24697,6931.71
24698,7640.28
24699,8328.63
24700,7352.2
24701,8160.46
24702,6925.36
24703,7345.99
24704,8200.71
24705,7693.58
24706,7593.99
24707,7946.52
24708,7315.22
24709,7844.82
24710,7088.11
24711,7699.48
24712,8233.91
24713,7690.31
24714,9823.26
24715,8919.6
24716,8915.2
24717,7709.4
24718,7400.39
24719,6899.46
24720,7613.03
24721,8720.26
24722,7636.94
24723,8225.27
24724,7056.04
24725,7949.16
24726,7826.79
24727,7593.89
24728,6490.59
24729,6914.86
24730,6147.4
24731,7085.47
24732,6967.98
24733,7367.19
24734,7080.04
24735,7777.28
24736,6899.43
24737,7806.48
24738,8770.7
24739,7698.22
24740,8205.38
24741,7895.69
24742,6497.61
24743,9024.02
24744,7606.06
24745,7502.31
24746,7790.59
24747,6914.86
24748,13032.33
24749,7768.55
24750,6405.52
24751,7781.06
24752,8660.89
24753,9460.17
24754,7726.76
24755,7474.01
24756,7512.2
24757,12978.65
24758,7037.8
24759,7667.46
24760,7641.24
24761,7362.11
24762,7650.59
24763,8951.8
24764,7470.2
24765,6989.91
24766,7468.12
24767,7254.66
24768,8468.67
24769,7468.12
24770,7732.26
24771,5859.85
24772,7768.51
24773,8369.25
24774,7467.64
24775,7342.67
24776,7485.27
24777,7640.28
24778,7889.69
24779,8180.6
24780,7333.59
24781,7516.81
24782,8402.03
24783,7457.89
24784,8190.8
24785,10329.1
24786,7162.69
24787,7664.02
24788,8168.89
24789,7640.28
24790,8361.04
24791,6929.84
24792,7644.41
24793,7893.85
24794,4922.08
24795,6952.06
24796,7582.99
24797,8130.54
24798,7624.18
24799,7478.36
24800,7291.42
24801,8581.15
24802,7745.61
24803,7282.62
24804,8071.5
24805,8273.71
24806,9993.18
24807,7150.98
24808,7676.42
24809,12350.71
24810,8805.27
24811,7309.7
24812,7903.17
24813,6868.55
24814,7616.82
24815,6706.96
24816,6662.85
24817,7709.98
24818,6931.71
24819,6979.45
24820,7109.9
24821,9886.94
24822,8300.16
24823,10183.49
24824,7640.28
24825,7281.31
24826,8387.96
24827,8825.14
24828,8143.92
24829,8160.04
24830,7158.74
24831,8072.32
24832,8990.46
24833,7400.8
24834,7452.12
24835,8817.04
24836,8733.86
24837,8823.91
24838,8182.29
24839,7511.2
24840,8305.99
24841,8133.56
24842,9068.81
24843,10163.1
24844,8868.39
24845,8265.22
24846,7803.16
24847,8536.57
24848,8534.7
24849,10868.54
24850,9385.3
24851,8716.31
24852,7374.9
24853,7383.98
24854,7136.91
24855,9247.72
24856,10478.4
24857,8605.59
24858,7774.86
24859,7956.17
24860,8751.79
24861,6765.67
24862,8761.34
24863,8155.44
24864,8467.69
24865,8437.96
24866,8588.28
24867,8546.43
24868,8783.38
24869,7806.71
24870,7747.93
24871,7639.61
24872,11086.57
24873,8615.66
24874,9331.57
24875,7492.37
24876,8015.56
24877,8670.33
24878,8768.27
24879,7991.51
24880,9767.27
24881,7417.66
24882,8309.95
24883,9773.92
24884,8845.35
24885,7628.37
24886,8487.69
24887,8132.83
24888,9697.58
24889,7738.93
24890,8302.13
24891,8036.18
24892,8045.68
24893,8768.81
24894,8698.27
24895,7852.22
24896,8335.86
24897,8931.38
24898,8836.94
24899,7562.74
24900,8401.95
24901,9143.72
24902,8465.9
24903,9249.87
24904,7287.57
24905,8504.74
24906,8317.65
24907,8438.88
24908,9358.59
24909,7207.45
24910,9195.89
24911,8931.44
24912,7292.93
24913,8381.97
24914,8271.68
24915,7778.2
24916,8491.8
24917,7272.14
24918,7704.06
24919,8065.44
24920,9054.16
24921,8748.87
24922,8144.44
24923,6599.23
24924,9125.27
24925,8634.55
24926,8363.92
24927,7785.63
24928,8300.28
24929,8697.38
24930,8022.02
24931,7272.14
24932,7453.38
24933,8974.01
24934,9078.94
24935,9362.76
24936,9103.4
24937,8061.13
24938,8926.05
24939,7783.22
24940,8279.14
24941,9102.09
24942,8831.15
24943,8528.23
24944,9121.83
24945,7862.92
24946,8761.34
24947,8346.78
24948,8461.85
24949,8032.67
24950,7802.04
24951,6891.33
24952,8043.95
24953,7801.64
24954,7569.0
24955,7738.93
24956,7281.02
24957,8542.38
24958,8316.1
24959,7648.11
24960,8498.54
24961,8155.44
24962,7911.3
24963,9317.78
24964,7969.33
24965,8704.89
24966,5415.9
24967,8974.01
24968,8292.76
24969,8100.08
24970,8136.11
24971,7573.86
24972,8797.23
24973,7903.23
24974,8952.09
24975,11428.4
24976,8048.28
24977,8993.32
24978,7476.69
24979,8076.52
24980,8123.02
24981,8128.6
24982,8597.04
24983,8350.78
24984,8482.15
24985,8052.27
24986,8474.14
24987,8391.4
24988,7994.92
24989,7580.8
24990,7524.61
24991,7691.63
24992,8697.61
24993,7259.56
24994,6832.78
24995,8386.06
24996,9358.59
24997,7903.23
24998,7755.77
24999,9014.82
25000,9446.47
25001,8559.32
25002,8710.3
25003,7697.66
25004,8798.69
25005,7627.86
25006,8820.47
25007,7529.97
25008,7657.45
25009,8179.16
25010,8547.71
25011,7698.55
25012,10216.82
25013,8079.97
25014,9188.9
25015,8170.61
25016,8129.75
25017,8743.71
25018,18987.84
25019,11173.57
25020,7457.18
25021,5305.8
25022,7482.38
25023,8906.39
25024,7570.29
25025,13261.25
25026,18024.58
25027,8207.46
25028,8434.83
25029,7386.14
25030,8013.93
25031,10567.7
25032,8223.36
25033,9003.74
25034,6533.44
25035,7318.82
25036,9175.19
25037,8651.79
25038,9158.12
25039,8855.29
25040,8612.16
25041,8814.51
25042,8519.27
25043,7705.49
25044,8092.06
25045,8370.62
25046,8155.44
25047,8096.67
25048,7170.54
25049,7748.95
25050,8028.39
25051,7335.28
25052,7794.11
25053,8533.86
25054,9249.05
25055,8007.76
25056,8563.66
25057,7924.8
25058,7381.12
25059,7599.04
25060,8090.55
25061,7958.63
25062,8576.74
25063,9077.56
25064,8920.76
25065,7788.0
25066,7925.47
25067,8427.96
25068,8122.65
25069,7560.35
25070,8176.18
25071,15594.7
25072,8508.21
25073,7140.55
25074,8058.73
25075,7207.39
25076,8184.27
25077,6388.61
25078,8697.61
25079,8410.89
25080,8714.3
25081,17892.78
25082,9010.27
25083,8967.71
25084,9220.49
25085,9077.56
25086,9093.61
25087,8618.03
25088,10528.53
25089,8004.25
25090,9640.68
25091,7477.93
25092,9003.74
25093,8673.47
25094,8686.09
25095,8674.57
25096,7392.79
25097,9307.24
25098,7310.08
25099,9131.27
25100,8489.11
25101,8799.39
25102,7466.24
25103,9005.34
25104,13528.79
25105,9247.87
25106,8654.28
25107,8341.08
25108,8999.82
25109,8330.81
25110,8233.4
25111,8486.98
25112,8731.12
25113,9305.23
25114,8876.73
25115,7907.45
25116,8672.48
25117,7550.3
25118,18494.81
25119,8155.44
25120,8351.3
25121,8651.09
25122,7839.66
25123,8528.1
25124,7849.97
25125,7759.83
25126,8250.53
25127,8411.49
25128,7293.22
25129,8218.21
25130,8022.02
25131,7641.89
25132,8050.0
25133,9182.96
25134,7982.24
25135,9181.94
25136,7968.42
25137,8402.72
25138,8991.18
25139,7869.27
25140,9221.7
25141,9087.76
25142,9226.33
25143,9307.24
25144,8925.21
25145,8268.02
25146,8590.9
25147,8066.15
25148,6202.05
25149,8300.12
25150,8466.8
25151,8954.48
25152,8245.2
25153,6665.38
25154,8901.36
25155,7795.97
25156,8163.97
25157,8758.37
25158,8802.06
25159,9259.04
25160,8725.86
25161,8252.6
25162,6718.16
25163,7974.8
25164,8215.34
25165,8464.93
25166,7841.11
25167,7121.6
25168,10636.84
25169,8164.08
25170,10196.39
25171,8102.03
25172,8132.83
25173,7928.85
25174,9104.27
25175,8665.34
25176,7362.11
25177,9305.23
25178,7796.03
25179,9087.9
25180,8196.8
25181,8293.39
25182,8942.0
25183,8563.32
25184,9516.02
25185,7980.66
25186,13446.7
25187,8517.35
25188,7933.54
25189,7100.76
25190,10720.23
25191,8304.51
25192,7826.48
25193,8427.79
25194,9055.49
25195,8669.46
25196,8189.6
25197,8048.69
25198,7571.16
25199,9224.6
25200,8259.55
25201,8954.48
25202,8634.55
25203,10714.11
25204,8272.36
25205,7779.58
25206,8964.69
25207,9765.89
25208,8738.64
25209,7722.12
25210,6900.43
25211,7689.55
25212,8644.77
25213,8809.49
25214,8276.44
25215,9003.74
25216,7287.57
25217,6934.85
25218,8287.04
25219,9014.82
25220,7666.98
25221,9142.5
25222,8566.76
25223,7623.32
25224,9249.87
25225,7966.4
25226,8582.72
25227,8426.41
25228,8288.74
25229,11244.14
25230,8642.21
25231,8974.01
25232,8877.26
25233,10807.77
25234,9024.98
25235,8234.2
25236,7346.78
25237,8891.12
25238,7987.97
25239,6451.72
25240,7643.19
25241,8921.01
25242,8198.18
25243,7594.18
25244,7286.62
25245,8377.55
25246,9044.68
25247,8494.95
25248,8389.8
25249,7301.69
25250,8262.35
25251,8322.35
25252,8057.57
25253,10293.13
25254,7602.23
25255,6665.38
25256,7158.74
25257,8486.21
25258,19190.15
25259,7610.54
25260,9123.04
25261,7673.67
25262,8489.83
25263,7452.93
25264,9087.76
25265,7830.62
25266,8205.26
25267,9167.9
25268,7499.63
25269,8786.18
25270,7991.5
25271,9077.56
25272,7840.41
25273,7818.13
25274,9182.84
25275,8162.36
25276,7336.52
25277,8566.46
25278,8966.04
25279,15909.42
25280,9114.74
25281,8488.75
25282,7017.89
25283,8908.74
25284,8951.9
25285,7362.89
25286,8828.72
25287,8442.26
25288,7838.14
25289,9218.85
25290,7902.79
25291,8162.06
25292,7952.75
25293,7771.09
25294,8295.68
25295,7507.5
25296,8109.71
25297,8471.97
25298,8899.54
25299,8326.67
25300,9096.77
25301,8093.35
25302,9270.12
25303,6620.81
25304,8389.8
25305,8254.24
25306,8281.29
25307,8090.11
25308,8305.47
25309,8504.69
25310,8030.23
25311,9190.87
25312,7262.01
25313,8192.9
25314,7934.12
25315,9121.83
25316,7977.16
25317,7830.68
25318,9448.7
25319,8487.33
25320,7155.96
25321,8280.65
25322,7945.88
25323,10864.64
25324,7499.41
25325,8600.54
25326,7499.22
25327,7410.57
25328,8490.89
25329,8125.38
25330,5846.01
25331,7322.92
25332,8664.81
25333,7333.38
25334,8028.25
25335,8275.05
25336,7820.77
25337,8850.31
25338,8741.74
25339,7870.2
25340,8380.29
25341,7841.54
25342,8635.48
25343,8367.57
25344,9508.36
25345,7792.22
25346,7265.96
25347,9136.47
25348,7901.82
25349,8475.42
25350,6939.34
25351,8697.61
25352,9023.4
25353,7493.66
25354,8507.51
25355,7771.23
25356,7139.61
25357,8896.51
25358,7429.51
25359,8636.48
25360,8253.92
25361,8249.39
25362,9938.79
25363,8866.23
25364,7248.14
25365,8696.81
25366,7552.59
25367,8062.6
25368,7368.24
25369,7585.16
25370,7966.06
25371,8583.19
25372,8221.1
25373,8203.92
25374,8046.83
25375,11455.36
25376,9082.4
25377,7951.83
25378,7808.16
25379,7292.04
25380,7833.62
25381,8971.26
25382,8199.07
25383,7100.76
25384,8904.46
25385,8808.68
25386,8278.87
25387,7310.58
25388,8673.83
25389,8488.81
25390,8818.03
25391,9102.38
25392,15740.2
25393,7509.52
25394,8109.29
25395,8211.59
25396,8500.19
25397,8932.89
25398,8118.09
25399,9145.74
25400,8802.06
25401,7499.22
25402,8812.8
25403,8169.37
25404,7950.14
25405,8315.59
25406,7507.5
25407,7373.74
25408,8332.24
25409,16747.7
25410,8733.86
25411,8475.37
25412,8563.57
25413,9209.77
25414,8786.74
25415,9346.03
25416,9565.19
25417,9096.77
25418,9011.65
25419,8411.55
25420,10827.18
25421,7627.57
25422,7680.39
25423,7667.23
25424,7410.57
25425,9447.45
25426,9018.99
25427,8137.21
25428,9183.51
25429,7094.54
25430,7630.09
25431,7759.51
25432,8519.46
25433,8740.68
25434,9014.45
25435,8063.57
25436,8448.08
25437,7505.76
25438,8554.78
25439,8368.02
25440,7321.89
25441,8380.12
25442,7414.96
25443,6006.53
25444,8738.3
25445,9017.35
25446,7858.12
25447,7960.32
25448,8326.8
25449,8058.41
25450,7870.17
25451,8500.34
25452,5645.21
25453,7215.28
25454,8298.18
25455,7081.03
25456,8508.75
25457,9226.33
25458,9301.12
25459,8423.98
25460,8365.78
25461,8096.49
25462,7690.34
25463,9072.0
25464,7050.08
25465,9660.27
25466,8517.35
25467,9052.45
25468,7866.23
25469,7994.22
25470,7216.29
25471,12850.21
25472,7251.88
25473,8015.21
25474,9111.29
25475,7552.72
25476,7614.1
25477,8670.33
25478,8095.38
25479,9143.72
25480,7821.34
25481,8123.32
25482,8497.6
25483,7158.74
25484,7954.76
25485,8047.29
25486,7750.77
25487,8476.79
25488,7532.79
25489,8732.32
25490,8660.04
25491,7465.5
25492,8468.3
25493,8550.8
25494,8379.12
25495,9034.82
25496,9096.77
25497,8140.1
25498,7550.37
25499,8013.25
25500,9117.72
25501,8880.64
25502,8877.26
25503,7962.47
25504,6016.57
25505,7187.14
25506,9243.84
25507,7847.79
25508,8829.65
25509,8239.49
25510,7726.28
25511,8414.09
25512,7909.42
25513,7353.12
25514,8618.03
25515,8877.26
25516,8320.58
25517,7213.08
25518,8003.53
25519,8302.82
25520,6260.18
25521,8644.79
25522,8379.07
25523,8249.6
25524,8625.05
25525,7689.69
25526,8077.53
25527,9187.36
25528,8974.01
25529,8184.19
25530,9079.3
25531,8084.55
25532,8356.71
25533,8816.64
25534,8154.2
25535,8593.6
25536,7477.1
25537,7466.93
25538,8056.29
25539,8072.53
25540,8731.12
25541,7936.24
25542,8792.41
25543,8328.98
25544,7238.51
25545,8231.33
25546,8828.6
25547,9084.77
25548,8641.6
25549,7740.45
25550,8900.68
25551,7444.08
25552,7879.92
25553,7499.63
25554,9307.24
25555,8976.0
25556,7377.51
25557,8598.25
25558,7307.43
25559,7843.22
25560,8244.0
25561,7804.48
25562,8730.15
25563,8429.46
25564,7684.08
25565,8539.75
25566,7528.94
25567,8550.8
25568,8927.48
25569,7727.86
25570,9856.63
25571,9035.3
25572,8883.93
25573,8066.24
25574,8681.85
25575,7699.95
25576,7871.62
25577,8783.42
25578,9197.06
25579,8293.39
25580,8069.49
25581,8029.48
25582,7811.46
25583,8549.61
25584,7338.28
25585,7630.68
25586,6152.06
25587,8164.75
25588,7043.06
25589,7454.71
25590,7963.15
25591,8993.32
25592,7880.39
25593,8660.75
25594,8748.62
25595,9091.65
25596,8285.7
25597,8259.34
25598,6635.27
25599,9085.43
25600,8769.33
25601,7958.08
25602,9211.11
25603,7630.68
25604,13051.26
25605,9044.68
25606,7375.14
25607,8673.86
25608,8812.07
25609,9597.28
25610,8174.16
25611,7508.2
25612,8518.77
25613,13022.67
25614,7052.76
25615,7795.0
25616,9198.22
25617,7362.11
25618,7813.58
25619,8991.38
25620,7691.3
25621,7554.08
25622,8402.14
25623,7261.78
25624,8713.78
25625,8338.77
25626,8206.45
25627,6251.53
25628,8817.56
25629,8384.21
25630,8855.85
25631,7391.46
25632,9064.47
25633,9270.12
25634,8368.49
25635,8180.6
25636,7396.9
25637,8661.85
25638,9221.7
25639,7537.51
25640,8961.92
25641,10428.85
25642,8439.49
25643,7703.31
25644,8758.37
25645,9224.6
25646,8420.35
25647,7526.8
25648,8220.69
25649,9083.96
25650,4940.25
25651,7917.7
25652,9004.07
25653,8710.54
25654,8748.87
25655,9121.83
25656,7306.38
25657,8588.27
25658,8250.48
25659,8211.6
25660,8195.24
25661,8968.69
25662,10067.43
25663,7587.39
25664,8847.44
25665,12314.0
25666,8936.66
25667,8345.49
25668,8381.97
25669,7477.1
25670,8636.83
25671,6850.29
25672,6943.82
25673,8343.25
25674,7499.22
25675,7903.41
25676,7570.94
25677,10063.18
25678,8995.14
25679,10480.41
25680,9270.12
25681,7486.32
25682,8650.43
25683,9050.23
25684,8446.18
25685,8320.37
25686,7406.24
25687,7955.32
25688,8754.62
25689,7440.84
25690,7660.8
25691,8693.54
25692,8642.79
25693,8785.03
25694,7966.91
25695,7378.31
25696,7795.63
25697,8352.23
25698,8949.21
25699,10567.7
25700,9143.12
25701,8468.83
25702,8390.32
25703,8379.51
25704,7888.92
25705,11111.82
25706,9127.72
25707,8510.79
25708,7685.72
25709,7907.63
25710,7772.42
25711,8982.9
25712,10664.38
25713,8310.89
25714,8286.2
25715,7715.99
25716,8774.13
25717,7055.19
25718,8590.75
25719,8335.43
25720,8377.09
25721,8264.25
25722,8452.55
25723,8420.27
25724,8644.87
25725,7755.31
25726,7844.61
25727,7606.35
25728,11235.08
25729,8155.48
25730,9526.97
25731,7492.37
25732,7888.83
25733,8611.46
25734,8960.72
25735,7797.73
25736,9597.05
25737,8015.7
25738,8286.67
25739,9603.33
25740,8694.48
25741,7543.97
25742,8376.52
25743,7961.27
25744,10108.05
25745,7889.45
25746,8368.86
25747,8085.49
25748,7972.41
25749,9386.78
25750,8156.95
25751,8312.55
25752,8387.03
25753,8769.97
25754,9104.91
25755,7391.16
25756,8433.83
25757,8851.35
25758,8922.37
25759,9029.22
25760,7638.3
25761,8437.97
25762,8181.09
25763,8415.66
25764,9109.93
25765,7468.06
25766,9059.63
25767,8757.38
25768,7650.84
25769,8235.38
25770,8189.88
25771,7655.56
25772,8468.58
25773,7667.29
25774,7948.0
25775,7818.31
25776,8751.93
25777,8258.07
25778,7560.41
25779,7535.18
25780,8860.45
25781,8109.84
25782,8245.51
25783,7948.89
25784,8131.59
25785,8598.15
25786,7895.29
25787,7667.29
25788,7735.02
25789,8825.96
25790,9483.15
25791,9105.19
25792,8950.49
25793,7901.37
25794,8831.08
25795,8115.1
25796,8456.09
25797,8922.15
25798,8071.83
25799,8562.67
25800,8865.46
25801,8304.7
25802,8590.75
25803,8381.22
25804,8335.7
25805,7796.71
25806,7572.08
25807,6922.01
25808,8331.01
25809,7827.71
25810,8022.91
25811,7889.45
25812,8201.72
25813,8396.23
25814,8358.31
25815,7688.86
25816,8642.95
25817,8326.11
25818,8088.89
25819,9052.95
25820,8248.0
25821,8692.94
25822,5775.82
25823,8825.96
25824,7760.22
25825,8373.5
25826,7830.36
25827,7454.71
25828,8533.95
25829,7967.68
25830,8914.41
25831,11780.32
25832,8583.43
25833,8884.93
25834,8008.18
25835,8074.19
25836,7994.86
25837,8036.79
25838,8718.88
25839,8436.31
25840,8378.83
25841,7712.59
25842,8320.15
25843,8442.25
25844,8311.4
25845,7876.15
25846,8042.92
25847,7680.08
25848,8548.77
25849,7981.74
25850,7192.11
25851,8227.67
25852,9109.93
25853,7993.19
25854,7879.66
25855,8781.5
25856,9661.33
25857,8417.22
25858,8528.54
25859,7743.61
25860,8599.48
25861,7718.51
25862,9259.99
25863,7598.6
25864,7787.19
25865,8097.41
25866,8631.28
25867,7856.53
25868,10275.23
25869,8382.5
25870,9262.12
25871,8237.82
25872,8051.27
25873,7987.57
25874,18708.11
25875,11168.28
25876,7457.18
25877,5412.23
25878,7580.49
25879,8906.39
25880,7853.53
25881,13290.95
25882,18089.63
25883,8090.46
25884,8080.6
25885,7825.29
25886,8287.54
25887,10648.49
25888,8349.24
25889,8947.08
25890,6546.63
25891,7459.43
25892,8918.82
25893,8514.1
25894,8865.76
25895,9222.04
25896,8455.1
25897,8173.63
25898,7993.89
25899,7751.05
25900,7923.73
25901,7845.78
25902,8317.86
25903,8469.0
25904,7456.13
25905,8068.64
25906,8098.01
25907,7644.32
25908,8440.08
25909,8486.58
25910,9277.27
25911,8034.07
25912,8351.72
25913,8404.03
25914,8011.83
25915,7412.65
25916,7960.96
25917,7920.68
25918,8337.37
25919,8813.21
25920,8908.48
25921,8320.25
25922,7848.84
25923,8404.74
25924,8499.13
25925,7614.71
25926,8073.96
25927,15779.32
25928,8374.35
25929,7174.65
25930,8261.74
25931,7586.84
25932,8112.21
25933,6457.33
25934,8548.77
25935,8283.66
25936,8713.63
25937,18008.26
25938,9273.86
25939,8765.84
25940,8982.01
25941,8813.21
25942,8946.56
25943,8922.02
25944,10531.98
25945,8273.9
25946,9792.82
25947,8320.32
25948,8947.08
25949,8547.32
25950,8506.96
25951,8326.55
25952,7816.99
25953,9058.57
25954,7273.2
25955,9352.35
25956,8410.65
25957,8617.63
25958,7881.7
25959,8882.38
25960,13243.26
25961,9047.08
25962,8123.69
25963,8266.45
25964,8742.85
25965,8230.14
25966,8299.63
25967,8332.71
25968,8781.0
25969,9056.57
25970,8983.62
25971,8170.0
25972,8438.24
25973,7796.54
25974,18091.77
25975,8317.86
25976,8316.93
25977,9021.5
25978,7879.66
25979,8434.67
25980,7939.63
25981,7859.51
25982,8219.02
25983,8412.98
25984,7579.17
25985,8437.83
25986,7895.29
25987,7732.54
25988,8511.95
25989,8947.12
25990,7965.19
25991,8886.59
25992,7938.29
25993,7891.55
25994,8726.36
25995,8336.75
25996,9042.75
25997,8884.62
25998,9320.91
25999,9058.57
26000,8755.63
26001,8200.02
26002,8559.98
26003,7986.03
26004,6240.03
26005,8140.02
26006,8498.29
26007,8915.11
26008,8408.29
26009,7373.89
26010,8939.0
26011,7682.79
26012,8490.7
26013,8588.78
26014,8790.11
26015,8945.63
26016,8575.72
26017,8311.53
26018,7041.09
26019,7903.58
26020,7991.26
26021,8034.6
26022,8312.74
26023,7317.37
26024,10614.2
26025,8228.83
26026,10174.9
26027,7987.75
26028,7972.78
26029,7781.32
26030,9027.78
26031,8486.43
26032,7362.11
26033,9076.43
26034,7734.0
26035,9503.87
26036,8055.14
26037,8535.82
26038,8772.42
26039,8569.73
26040,9552.51
26041,7961.03
26042,13546.86
26043,8011.34
26044,7913.91
26045,7411.25
26046,10875.16
26047,7982.24
26048,7700.8
26049,8264.48
26050,8852.35
26051,8416.61
26052,8040.39
26053,8103.25
26054,7577.86
26055,9021.46
26056,8130.98
26057,8915.11
26058,8109.84
26059,10416.45
26060,7762.0
26061,7642.93
26062,8808.74
26063,9663.79
26064,9026.86
26065,7696.11
26066,6727.28
26067,7987.09
26068,8708.85
26069,8778.57
26070,8091.32
26071,8947.08
26072,7580.43
26073,6955.64
26074,8107.01
26075,8781.5
26076,7986.3
26077,9129.57
26078,8423.06
26079,7490.09
26080,9029.22
26081,8155.31
26082,8456.57
26083,8392.53
26084,8288.19
26085,11211.64
26086,8485.15
26087,8825.96
26088,8786.19
26089,10942.72
26090,8919.34
26091,7888.48
26092,7557.83
26093,8734.65
26094,7847.89
26095,6805.94
26096,7587.17
26097,8699.09
26098,8408.06
26099,7749.37
26100,7608.21
26101,8355.03
26102,8921.17
26103,8335.83
26104,8344.16
26105,7290.08
26106,8239.79
26107,8135.63
26108,7869.28
26109,10383.74
26110,7476.27
26111,7373.89
26112,7380.71
26113,8546.35
26114,19174.91
26115,7890.0
26116,9031.16
26117,7673.67
26118,7868.97
26119,7474.58
26120,8884.62
26121,8271.24
26122,8023.02
26123,8993.5
26124,7444.92
26125,8490.84
26126,7616.71
26127,8813.21
26128,8424.91
26129,8680.75
26130,9275.23
26131,8418.0
26132,7779.14
26133,8041.08
26134,8917.44
26135,16103.95
26136,9285.98
26137,8318.17
26138,7051.67
26139,8800.36
26140,8776.77
26141,7795.23
26142,8745.5
26143,8773.49
26144,7725.81
26145,9467.46
26146,8003.07
26147,8048.23
26148,8173.35
26149,8318.8
26150,8297.3
26151,7754.71
26152,8082.44
26153,8256.59
26154,8887.77
26155,8342.96
26156,8917.82
26157,7835.14
26158,9021.46
26159,7435.82
26160,8344.16
26161,8414.74
26162,8364.72
26163,8007.9
26164,8210.61
26165,8459.06
26166,7856.45
26167,8898.5
26168,7460.17
26169,8270.95
26170,7768.36
26171,8865.46
26172,8337.29
26173,8317.85
26174,9295.79
26175,8474.33
26176,7222.76
26177,8581.31
26178,7916.68
26179,11144.3
26180,7788.44
26181,8522.08
26182,7444.5
26183,7867.28
26184,8425.25
26185,8054.15
26186,5699.76
26187,7428.14
26188,8668.35
26189,7557.6
26190,7734.41
26191,8235.77
26192,7626.57
26193,8712.62
26194,8956.42
26195,7683.8
26196,8266.45
26197,8100.25
26198,8109.82
26199,8206.0
26200,9546.24
26201,7939.54
26202,7587.14
26203,9128.08
26204,7978.05
26205,8156.25
26206,7283.5
26207,8548.77
26208,8801.48
26209,7769.33
26210,8651.52
26211,8360.41
26212,7715.55
26213,8850.15
26214,7765.28
26215,8145.08
26216,8137.2
26217,8274.11
26218,10006.88
26219,8391.71
26220,7650.23
26221,8460.97
26222,7491.07
26223,8018.48
26224,7811.08
26225,8007.5
26226,8039.63
26227,8617.81
26228,7879.56
26229,8323.86
26230,7911.08
26231,11839.06
26232,8888.24
26233,7744.6
26234,8080.29
26235,7862.98
26236,7707.94
26237,9389.36
26238,8108.47
26239,7334.67
26240,8722.7
26241,8782.17
26242,8120.81
26243,7668.48
26244,8421.61
26245,8560.32
26246,8976.3
26247,9025.9
26248,15606.3
26249,7989.82
26250,7938.21
26251,8698.93
26252,8499.64
26253,8669.61
26254,8346.51
26255,8966.79
26256,8790.11
26257,7444.5
26258,8704.42
26259,8160.95
26260,7677.96
26261,8317.21
26262,7754.71
26263,7530.9
26264,8297.87
26265,17207.36
26266,8642.79
26267,8336.67
26268,8982.01
26269,8944.95
26270,8694.42
26271,9459.44
26272,9840.51
26273,8917.82
26274,8864.6
26275,8353.63
26276,10803.16
26277,7636.39
26278,8413.54
26279,7711.45
26280,7790.7
26281,9518.81
26282,8806.72
26283,8033.22
26284,8971.23
26285,7297.06
26286,7493.68
26287,8025.11
26288,8417.06
26289,8602.98
26290,8844.87
26291,8395.77
26292,8597.22
26293,7897.04
26294,8333.43
26295,8437.17
26296,7414.27
26297,8573.47
26298,7756.13
26299,6467.78
26300,8494.75
26301,8433.02
26302,7686.54
26303,8429.48
26304,8486.93
26305,8114.81
26306,8394.02
26307,8358.24
26308,5811.87
26309,7522.01
26310,7999.08
26311,7257.64
26312,8094.36
26313,9320.91
26314,9020.93
26315,8632.73
26316,8217.76
26317,8301.45
26318,7641.78
26319,8982.96
26320,7605.21
26321,9198.57
26322,8011.34
26323,8810.33
26324,7910.99
26325,7833.06
26326,7418.72
26327,12848.81
26328,7599.19
26329,8223.8
26330,8944.36
26331,7866.08
26332,7674.07
26333,8611.46
26334,7948.57
26335,8851.35
26336,7513.89
26337,8314.72
26338,7925.11
26339,7380.71
26340,7942.08
26341,7759.99
26342,8655.6
26343,8412.89
26344,7429.23
26345,8555.14
26346,8664.16
26347,7322.81
26348,8651.52
26349,8228.05
26350,8340.89
26351,8785.56
26352,8917.82
26353,8214.66
26354,7490.04
26355,7856.37
26356,9006.31
26357,8093.91
26358,8786.19
26359,8407.48
26360,6455.98
26361,7546.42
26362,9064.9
26363,8106.14
26364,8748.41
26365,8168.0
26366,7826.47
26367,8059.85
26368,7950.17
26369,7940.54
26370,8952.64
26371,8786.19
26372,8369.07
26373,7172.4
26374,7923.08
26375,8234.82
26376,6532.25
26377,8453.09
26378,8225.55
26379,8647.35
26380,8978.21
26381,7823.49
26382,7847.09
26383,8899.46
26384,8825.96
26385,8117.37
26386,9347.91
26387,7907.74
26388,8203.19
26389,9054.49
26390,8543.79
26391,8124.88
26392,7413.41
26393,7867.1
26394,8297.07
26395,7817.29
26396,8781.0
26397,8202.79
26398,8716.19
26399,8260.98
26400,7527.52
26401,8083.5
26402,8746.16
26403,9000.36
26404,8637.85
26405,7971.63
26406,8201.74
26407,7756.32
26408,7799.93
26409,7444.92
26410,9058.57
26411,8829.88
26412,8191.67
26413,8451.23
26414,7384.99
26415,7723.86
26416,8235.62
26417,8180.3
26418,8733.7
26419,8328.78
26420,8037.01
26421,8638.26
26422,7827.63
26423,8228.05
26424,8782.37
26425,8208.52
26426,9706.78
26427,9035.3
26428,8769.41
26429,8132.1
26430,8475.82
26431,7417.02
26432,8176.13
26433,9117.0
26434,9035.47
26435,8497.67
26436,7902.63
26437,8395.77
26438,8390.32
26439,8253.52
26440,7253.7
26441,7900.51
26442,6456.51
26443,8070.5
26444,7223.14
26445,7822.63
26446,8017.61
26447,8884.93
26448,7678.05
26449,8534.92
26450,8979.62
26451,8826.83
26452,8489.99
26453,8208.76
26454,6633.03
26455,9192.29
26456,8638.12
26457,7903.1
26458,8998.83
26459,7824.84
26460,15004.91
26461,8936.29
26462,7483.67
26463,8454.32
26464,9322.61
26465,9794.16
26466,8067.45
26467,7614.25
26468,8263.23
26469,13157.97
26470,7530.3
26471,8038.98
26472,9029.16
26473,7362.11
26474,8390.3
26475,9029.01
26476,8124.09
26477,7428.07
26478,8104.62
26479,7307.52
26480,8641.69
26481,7985.18
26482,8064.79
26483,6456.09
26484,8629.55
26485,8631.38
26486,8780.1
26487,8173.26
26488,8855.98
26489,9021.46
26490,8221.89
26491,8451.7
26492,7774.71
26493,8586.1
26494,9042.75
26495,7732.85
26496,8856.29
26497,10492.82
26498,7947.19
26499,7707.58
26500,8588.78
26501,9021.46
26502,9186.9
26503,7463.11
26504,8202.69
26505,9008.68
26506,4965.19
26507,7864.36
26508,8782.15
26509,8531.41
26510,8258.07
26511,8865.46
26512,7744.92
26513,8844.27
26514,8196.24
26515,8354.79
26516,8515.14
26517,8821.63
26518,10546.94
26519,7652.25
26520,8816.52
26521,12268.1
26522,9096.98
26523,8275.39
26524,8235.38
26525,7413.41
26526,8427.71
26527,6854.56
26528,7364.92
26529,8221.82
26530,7444.5
26531,7737.12
26532,7830.01
26533,10055.76
26534,8848.08
26535,10383.33
26536,9021.46
26537,9146.8
26538,9502.47
26539,11730.58
26540,10175.83
26541,10067.42
26542,8504.2
26543,10110.61
26544,9616.07
26545,8921.7
26546,8257.71
26547,10479.86
26548,10200.44
26549,9473.33
26550,8479.07
26551,8974.86
26552,9344.24
26553,9488.68
26554,10082.28
26555,11009.13
26556,13424.98
26557,10468.96
26558,10069.96
26559,9971.05
26560,9726.77
26561,11941.22
26562,9745.79
26563,9469.09
26564,9094.63
26565,8399.22
26566,8776.73
26567,10185.26
26568,12553.74
26569,9751.78
26570,8352.76
26571,8091.05
26572,10783.02
26573,8161.06
26574,9474.37
26575,10173.97
26576,9954.48
26577,10239.65
26578,9613.47
26579,10196.19
26580,10012.12
26581,9532.82
26582,9665.03
26583,9869.93
26584,15957.54
26585,9408.26
26586,12443.01
26587,10471.66
26588,9167.19
26589,10255.17
26590,11417.72
26591,8342.43
26592,8336.65
26593,9662.58
26594,9286.5
26595,11718.05
26596,10347.98
26597,8934.84
26598,10621.59
26599,8438.1
26600,14292.54
26601,9314.18
26602,10473.47
26603,8633.47
26604,8608.56
26605,9828.15
26606,8887.75
26607,9511.64
26608,9534.15
26609,10339.22
26610,8410.9
26611,9063.33
26612,10114.25
26613,9725.16
26614,10611.43
26615,9425.5
26616,9066.01
26617,10884.13
26618,10042.46
26619,9450.51
26620,9728.14
26621,8524.14
26622,10511.14
26623,9663.94
26624,8891.61
26625,10469.19
26626,9681.9
26627,8077.05
26628,9578.36
26629,8141.07
26630,8577.17
26631,8417.88
26632,9700.85
26633,9722.42
26634,8251.08
26635,8510.06
26636,10314.5
26637,9454.15
26638,10051.78
26639,8380.77
26640,8805.66
26641,9964.9
26642,9192.45
26643,8018.64
26644,10024.35
26645,10335.82
26646,11227.95
26647,9875.28
26648,10493.56
26649,8814.12
26650,11116.43
26651,10143.02
26652,11049.78
26653,10559.94
26654,9587.31
26655,10425.12
26656,9483.58
26657,11450.94
26658,9631.55
26659,10200.57
26660,10288.13
26661,8514.12
26662,8108.3
26663,9255.0
26664,10677.03
26665,8449.27
26666,7921.63
26667,9439.96
26668,10934.63
26669,9674.47
26670,9570.39
26671,9448.38
26672,10091.65
26673,10331.36
26674,9408.98
26675,10001.43
26676,8494.19
26677,10444.63
26678,7528.32
26679,9954.7
26680,9229.83
26681,10923.49
26682,8757.38
26683,8503.05
26684,10503.85
26685,9602.64
26686,8253.91
26687,13378.05
26688,10132.88
26689,10091.49
26690,9481.56
26691,6867.73
26692,9488.25
26693,8446.93
26694,9186.41
26695,12712.88
26696,10089.5
26697,8609.29
26698,9663.49
26699,10256.39
26700,9707.15
26701,8479.2
26702,9893.1
26703,8472.36
26704,9149.87
26705,7515.66
26706,8233.53
26707,9684.33
26708,9768.1
26709,9680.69
26710,9375.28
26711,9444.46
26712,10444.92
26713,9903.16
26714,10138.57
26715,9691.41
26716,13759.75
26717,8763.67
26718,10270.81
26719,9069.89
26720,9689.92
26721,8457.4
26722,10337.93
26723,8564.95
26724,11172.49
26725,10253.46
26726,12321.27
26727,9782.62
26728,9047.57
26729,9557.6
26730,23383.17
26731,16146.58
26732,10329.58
26733,8068.95
26734,9999.89
26735,11474.73
26736,8494.24
26737,12651.07
26738,17890.78
26739,9519.36
26740,9572.74
26741,9631.0
26742,9965.97
26743,14438.04
26744,10624.6
26745,10443.99
26746,9052.22
26747,8996.76
26748,9593.4
26749,9851.72
26750,9682.68
26751,8571.42
26752,9836.9
26753,9601.99
26754,9000.95
26755,9327.91
26756,8277.29
26757,9249.71
26758,10043.0
26759,11238.18
26760,8468.55
26761,8934.83
26762,9325.37
26763,9149.03
26764,9959.79
26765,9893.66
26766,10284.37
26767,10310.5
26768,10019.15
26769,9326.92
26770,9267.98
26771,9017.9
26772,8704.81
26773,8737.07
26774,9915.73
26775,9487.71
26776,9750.55
26777,9853.83
26778,8498.85
26779,9779.12
26780,12233.06
26781,8921.43
26782,9897.92
26783,18358.52
26784,10111.9
26785,9517.16
26786,8935.64
26787,8443.68
26788,8835.59
26789,8925.16
26790,9616.07
26791,10107.07
26792,10012.15
26793,18016.53
26794,11715.51
26795,9717.11
26796,9617.06
26797,9487.71
26798,10402.6
26799,9662.38
26800,11680.3
26801,10308.1
26802,12781.64
26803,11537.58
26804,10422.98
26805,9916.46
26806,11310.89
26807,9906.45
26808,8635.56
26809,9476.82
26810,8928.95
26811,10543.46
26812,9935.98
26813,9844.19
26814,10586.92
26815,10508.94
26816,13970.25
26817,9393.57
26818,9095.85
26819,10964.61
26820,10231.98
26821,9875.15
26822,8813.65
26823,10081.18
26824,10660.16
26825,9483.62
26826,10349.23
26827,10144.47
26828,8902.42
26829,8577.89
26830,21707.72
26831,11540.14
26832,9801.11
26833,10449.64
26834,9954.06
26835,9857.18
26836,8325.73
26837,9705.48
26838,9205.01
26839,10461.93
26840,8505.45
26841,10607.34
26842,9192.45
26843,8798.06
26844,9981.02
26845,9556.08
26846,8546.37
26847,10007.68
26848,8328.18
26849,8782.91
26850,10268.47
26851,9912.04
26852,10485.89
26853,9868.42
26854,10026.55
26855,9476.82
26856,10109.0
26857,10569.17
26858,9519.5
26859,8509.64
26860,6787.46
26861,10312.87
26862,10228.26
26863,10144.0
26864,8427.48
26865,8259.0
26866,12060.85
26867,8467.27
26868,8380.07
26869,9814.86
26870,10537.56
26871,11987.39
26872,10815.24
26873,8989.15
26874,7370.49
26875,8742.36
26876,9591.51
26877,8615.78
26878,8635.91
26879,8506.45
26880,10406.13
26881,10111.7
26882,12499.12
26883,8548.3
26884,8413.51
26885,9557.34
26886,11183.27
26887,9837.1
26888,9352.5
26889,9594.0
26890,9933.67
26891,10293.12
26892,10034.32
26893,10777.5
26894,10154.17
26895,10280.59
26896,12482.61
26897,9572.18
26898,16957.93
26899,9430.51
26900,9271.6
26901,8206.06
26902,11200.86
26903,8563.7
26904,9298.25
26905,9599.44
26906,9758.7
26907,9520.42
26908,10400.33
26909,10414.52
26910,8531.66
26911,9910.2
26912,8834.25
26913,10312.82
26914,9337.76
26915,11844.45
26916,9270.14
26917,8950.74
26918,9395.85
26919,8038.63
26920,10104.51
26921,9788.53
26922,9286.39
26923,8207.45
26924,9836.08
26925,9459.5
26926,8737.4
26927,10443.99
26928,9007.49
26929,8795.78
26930,9750.9
26931,9561.75
26932,10390.62
26933,10519.41
26934,10563.64
26935,9425.11
26936,9548.45
26937,7126.74
26938,10308.07
26939,9845.16
26940,9823.18
26941,16234.87
26942,9918.47
26943,9896.9
26944,10337.0
26945,11828.82
26946,10312.32
26947,8421.06
26948,9219.41
26949,10018.4
26950,8614.24
26951,8022.18
26952,8626.41
26953,10268.47
26954,9618.83
26955,8616.6
26956,8516.33
26957,10449.42
26958,9934.9
26959,10102.3
26960,8726.29
26961,10432.53
26962,10109.27
26963,8938.72
26964,8513.91
26965,9981.67
26966,8318.16
26967,8259.0
26968,7205.94
26969,10175.66
26970,19646.84
26971,8113.98
26972,9517.62
26973,10829.4
26974,9298.22
26975,7971.08
26976,9826.88
26977,9156.41
26978,8865.11
26979,9508.5
26980,8159.51
26981,12082.97
26982,8369.35
26983,9487.71
26984,10473.93
26985,10804.31
26986,11097.27
26987,10257.59
26988,9291.4
26989,9048.04
26990,8998.28
26991,17164.11
26992,10235.57
26993,9666.98
26994,8887.59
26995,10750.17
26996,9524.92
26997,8997.75
26998,11423.14
26999,9251.36
27000,8148.75
27001,10289.27
27002,8835.32
27003,8745.06
27004,8827.76
27005,10069.2
27006,9178.57
27007,8947.75
27008,8397.91
27009,10838.15
27010,10867.62
27011,10405.71
27012,10348.68
27013,8746.24
27014,9471.99
27015,8313.52
27016,8849.8
27017,8955.74
27018,9856.93
27019,8384.94
27020,10009.45
27021,9739.72
27022,8428.21
27023,9841.03
27024,9321.18
27025,8927.51
27026,8231.25
27027,9670.24
27028,8606.71
27029,9907.51
27030,10496.41
27031,9316.79
27032,8665.75
27033,9792.8
27034,8505.55
27035,13926.09
27036,8672.02
27037,9905.5
27038,8245.95
27039,8765.9
27040,9606.98
27041,10498.94
27042,8245.83
27043,10208.43
27044,9756.14
27045,8953.8
27046,8567.28
27047,10413.92
27048,10173.89
27049,10036.26
27050,11078.19
27051,9566.45
27052,11203.09
27053,7309.05
27054,9808.21
27055,9878.09
27056,10895.24
27057,8730.78
27058,8359.57
27059,9273.79
27060,8591.05
27061,9019.29
27062,7518.36
27063,9115.63
27064,10268.47
27065,8443.84
27066,10470.04
27067,9870.9
27068,8694.24
27069,9852.79
27070,9155.48
27071,9477.15
27072,10045.2
27073,8414.4
27074,10299.9
27075,9985.25
27076,8636.54
27077,9616.07
27078,8420.23
27079,8993.0
27080,7948.25
27081,8939.45
27082,8777.88
27083,10509.71
27084,8352.38
27085,10184.18
27086,8793.55
27087,14351.23
27088,9474.19
27089,8737.06
27090,9260.29
27091,8981.35
27092,9258.4
27093,9786.93
27094,10518.41
27095,8235.41
27096,9603.33
27097,10355.17
27098,9118.61
27099,8956.99
27100,9630.88
27101,10034.73
27102,12298.05
27103,10992.61
27104,16445.39
27105,9494.59
27106,9276.45
27107,10917.65
27108,9980.33
27109,10399.43
27110,10555.03
27111,10369.11
27112,10537.56
27113,8398.15
27114,10726.01
27115,8585.04
27116,8447.93
27117,9229.44
27118,9032.73
27119,8363.43
27120,10495.43
27121,18253.06
27122,10357.55
27123,9513.53
27124,10751.61
27125,10043.22
27126,11005.07
27127,4842.47
27128,10975.02
27129,10315.68
27130,10306.83
27131,12963.6
27132,8929.39
27133,10918.94
27134,9895.29
27135,5749.76
27136,8765.9
27137,9418.33
27138,9898.46
27139,8216.98
27140,9363.39
27141,8449.99
27142,9115.61
27143,8098.82
27144,10460.09
27145,9965.79
27146,10240.94
27147,10834.59
27148,10727.19
27149,9347.54
27150,9218.23
27151,10033.9
27152,8165.33
27153,10803.48
27154,9184.64
27155,7119.93
27156,9503.87
27157,9389.84
27158,9127.84
27159,9076.11
27160,9833.67
27161,9657.91
27162,11015.36
27163,9874.37
27164,8830.41
27165,8187.5
27166,9418.86
27167,8179.65
27168,9137.21
27169,9994.45
27170,9701.07
27171,10038.61
27172,9640.47
27173,9894.48
27174,8424.3
27175,10072.56
27176,8816.42
27177,12450.75
27178,9470.86
27179,9977.46
27180,8568.85
27181,9616.83
27182,8744.82
27183,12044.24
27184,8259.18
27185,8368.64
27186,9643.18
27187,9898.02
27188,9624.61
27189,10255.17
27190,8782.85
27191,9682.68
27192,7935.63
27193,10746.5
27194,9515.46
27195,8974.32
27196,8098.1
27197,8308.75
27198,10166.84
27199,9745.66
27200,9152.68
27201,10600.2
27202,10471.0
27203,8296.66
27204,10411.95
27205,9862.1
27206,9398.13
27207,10664.34
27208,10348.68
27209,10070.97
27210,8533.18
27211,8751.95
27212,10862.09
27213,9337.55
27214,10429.45
27215,9024.94
27216,7194.52
27217,8509.43
27218,10356.79
27219,9922.57
27220,9921.84
27221,9921.55
27222,9187.69
27223,9628.82
27224,8640.08
27225,8774.27
27226,10857.11
27227,10432.89
27228,11265.98
27229,9562.34
27230,8637.62
27231,10259.93
27232,7418.94
27233,9844.01
27234,10177.38
27235,9383.45
27236,9921.77
27237,9788.32
27238,8550.53
27239,9458.82
27240,10631.27
27241,10017.1
27242,10049.46
27243,10603.72
27244,10410.12
27245,9285.34
27246,10365.41
27247,9862.25
27248,8392.34
27249,9319.11
27250,8526.23
27251,8541.8
27252,10546.91
27253,9718.13
27254,9882.18
27255,9603.65
27256,8715.75
27257,10148.4
27258,10971.32
27259,9366.99
27260,10528.7
27261,9613.38
27262,9627.9
27263,10644.37
27264,9091.36
27265,8370.38
27266,9556.21
27267,10027.04
27268,10123.94
27269,9705.36
27270,8402.21
27271,8633.17
27272,8547.36
27273,10333.28
27274,10266.8
27275,9903.16
27276,8583.43
27277,10244.56
27278,8068.08
27279,9914.66
27280,10337.93
27281,9551.32
27282,11585.54
27283,11471.94
27284,10591.81
27285,9903.88
27286,9332.68
27287,8010.11
27288,9775.42
27289,9301.39
27290,9609.18
27291,10822.58
27292,8608.83
27293,10934.14
27294,10011.61
27295,8965.28
27296,9404.21
27297,8162.79
27298,7219.05
27299,8643.14
27300,7645.25
27301,9076.79
27302,8383.41
27303,9984.32
27304,8744.72
27305,9614.7
27306,11177.08
27307,10314.5
27308,9506.11
27309,10445.16
27310,7699.51
27311,10436.37
27312,10774.78
27313,9797.93
27314,9503.23
27315,8110.17
27316,18560.65
27317,9977.59
27318,8812.29
27319,10877.37
27320,11022.88
27321,10629.28
27322,9772.35
27323,9089.7
27324,8514.66
27325,17011.07
27326,8544.46
27327,9046.52
27328,9671.38
27329,9389.44
27330,9678.61
27331,10560.16
27332,8978.81
27333,8191.86
27334,9581.94
27335,8772.71
27336,10889.8
27337,9459.05
27338,10404.23
27339,8008.04
27340,9965.92
27341,9997.57
27342,9421.35
27343,10978.48
27344,9326.82
27345,9482.44
27346,10086.77
27347,10197.2
27348,9623.11
27349,9248.5
27350,10485.89
27351,9729.67
27352,10312.32
27353,13074.37
27354,9305.07
27355,10165.71
27356,9742.12
27357,9909.7
27358,11157.98
27359,8420.11
27360,9591.79
27361,9661.83
27362,7625.76
27363,8476.72
27364,10268.47
27365,11456.26
27366,9704.06
27367,9483.58
27368,8843.08
27369,10802.73
27370,9986.45
27371,8948.71
27372,11275.72
27373,10286.4
27374,11868.81
27375,8354.38
27376,9487.46
27377,11303.08
27378,13658.81
27379,9428.9
27380,10501.42
27381,8133.36
27382,10612.81
27383,8368.4
27384,9427.55
27385,10295.9
27386,8420.8
27387,8247.15
27388,8484.55
27389,14610.75
27390,10297.99
27391,18193.61
27392,9482.44
27393,0.0
27394,0.0
27395,0.0
27396,0.0
27397,0.0
27398,0.0
27399,0.0
27400,0.0
27401,0.0
27402,0.0
27403,0.0
27404,0.0
27405,0.0
27406,0.0
27407,0.0
27408,0.0
27409,0.0
27410,0.0
27411,0.0
27412,0.0
27413,0.0
27414,0.0
27415,0.0
27416,0.0
27417,0.0
27418,0.0
27419,0.0
27420,0.0
27421,0.0
27422,0.0
27423,0.0
27424,0.0
27425,0.0
27426,0.0
27427,0.0
27428,0.0
27429,0.0
27430,0.0
27431,0.0
27432,0.0
27433,0.0
27434,0.0
27435,0.0
27436,0.0
27437,0.0
27438,0.0
27439,0.0
27440,0.0
27441,0.0
27442,0.0
27443,0.0
27444,0.0
27445,0.0
27446,0.0
27447,0.0
27448,0.0
27449,0.0
27450,0.0
27451,0.0
27452,0.0
27453,0.0
27454,0.0
27455,0.0
27456,0.0
27457,0.0
27458,0.0
27459,0.0
27460,0.0
27461,0.0
27462,0.0
27463,0.0
27464,0.0
27465,0.0
27466,0.0
27467,0.0
27468,0.0
27469,0.0
27470,0.0
27471,0.0
27472,0.0
27473,0.0
27474,0.0
27475,0.0
27476,0.0
27477,0.0
27478,0.0
27479,0.0
27480,0.0
27481,0.0
27482,0.0
27483,0.0
27484,7880.9
27485,0.0
27486,0.0
27487,0.0
27488,0.0
27489,0.0
27490,0.0
27491,0.0
27492,0.0
27493,0.0
27494,0.0
27495,0.0
27496,0.0
27497,0.0
27498,0.0
27499,0.0
27500,0.0
27501,0.0
27502,0.0
27503,0.0
27504,0.0
27505,0.0
27506,0.0
27507,0.0
27508,0.0
27509,0.0
27510,0.0
27511,0.0
27512,0.0
27513,0.0
27514,0.0
27515,0.0
27516,0.0
27517,0.0
27518,0.0
27519,0.0
27520,0.0
27521,0.0
27522,0.0
27523,0.0
27524,0.0
27525,0.0
27526,0.0
27527,0.0
27528,0.0
27529,0.0
27530,0.0
27531,0.0
27532,0.0
27533,0.0
27534,0.0
27535,0.0
27536,0.0
27537,0.0
27538,0.0
27539,0.0
27540,0.0
27541,0.0
27542,0.0
27543,0.0
27544,0.0
27545,0.0
27546,0.0
27547,0.0
27548,0.0
27549,0.0
27550,0.0
27551,0.0
27552,6775.85
27553,0.0
27554,0.0
27555,0.0
27556,0.0
27557,0.0
27558,0.0
27559,0.0
27560,0.0
27561,0.0
27562,0.0
27563,0.0
27564,0.0
27565,0.0
27566,0.0
27567,0.0
27568,0.0
27569,0.0
27570,0.0
27571,0.0
27572,0.0
27573,0.0
27574,0.0
27575,0.0
27576,0.0
27577,0.0
27578,0.0
27579,0.0
27580,0.0
27581,0.0
27582,0.0
27583,0.0
27584,0.0
27585,0.0
27586,0.0
27587,0.0
27588,0.0
27589,0.0
27590,0.0
27591,0.0
27592,0.0
27593,14871.58
27594,13363.61
27595,0.0
27596,0.0
27597,0.0
27598,0.0
27599,0.0
27600,0.0
27601,0.0
27602,7280.74
27603,0.0
27604,0.0
27605,0.0
27606,0.0
27607,0.0
27608,0.0
27609,0.0
27610,0.0
27611,0.0
27612,0.0
27613,0.0
27614,0.0
27615,0.0
27616,0.0
27617,0.0
27618,0.0
27619,0.0
27620,0.0
27621,8192.62
27622,0.0
27623,0.0
27624,0.0
27625,0.0
27626,0.0
27627,0.0
27628,0.0
27629,0.0
27630,0.0
27631,6385.0
27632,0.0
27633,0.0
27634,0.0
27635,0.0
27636,0.0
27637,0.0
27638,0.0
27639,0.0
27640,0.0
27641,0.0
27642,0.0
27643,0.0
27644,0.0
27645,0.0
27646,0.0
27647,0.0
27648,0.0
27649,8470.22
27650,0.0
27651,0.0
27652,0.0
27653,0.0
27654,0.0
27655,0.0
27656,0.0
27657,0.0
27658,0.0
27659,0.0
27660,0.0
27661,0.0
27662,0.0
27663,0.0
27664,0.0
27665,0.0
27666,8083.48
27667,0.0
27668,0.0
27669,0.0
27670,0.0
27671,0.0
27672,0.0
27673,0.0
27674,0.0
27675,0.0
27676,0.0
27677,0.0
27678,0.0
27679,0.0
27680,0.0
27681,0.0
27682,0.0
27683,0.0
27684,0.0
27685,0.0
27686,0.0
27687,0.0
27688,0.0
27689,0.0
27690,0.0
27691,0.0
27692,0.0
27693,0.0
27694,0.0
27695,0.0
27696,0.0
27697,0.0
27698,0.0
27699,0.0
27700,0.0
27701,0.0
27702,0.0
27703,0.0
27704,0.0
27705,0.0
27706,0.0
27707,0.0
27708,0.0
27709,0.0
27710,0.0
27711,0.0
27712,0.0
27713,0.0
27714,0.0
27715,0.0
27716,0.0
27717,0.0
27718,0.0
27719,0.0
27720,0.0
27721,0.0
27722,0.0
27723,0.0
27724,0.0
27725,0.0
27726,0.0
27727,0.0
27728,7993.54
27729,0.0
27730,0.0
27731,0.0
27732,0.0
27733,0.0
27734,0.0
27735,0.0
27736,0.0
27737,0.0
27738,0.0
27739,0.0
27740,0.0
27741,0.0
27742,8164.45
27743,0.0
27744,0.0
27745,0.0
27746,0.0
27747,0.0
27748,0.0
27749,0.0
27750,0.0
27751,0.0
27752,0.0
27753,0.0
27754,0.0
27755,0.0
27756,0.0
27757,0.0
27758,0.0
27759,0.0
27760,0.0
27761,0.0
27762,0.0
27763,0.0
27764,0.0
27765,0.0
27766,0.0
27767,0.0
27768,0.0
27769,0.0
27770,0.0
27771,0.0
27772,0.0
27773,0.0
27774,0.0
27775,0.0
27776,0.0
27777,0.0
27778,0.0
27779,0.0
27780,0.0
27781,0.0
27782,0.0
27783,0.0
27784,0.0
27785,6953.5
27786,0.0
27787,0.0
27788,0.0
27789,0.0
27790,0.0
27791,0.0
27792,0.0
27793,0.0
27794,0.0
27795,7880.9
27796,0.0
27797,0.0
27798,0.0
27799,7313.54
27800,0.0
27801,0.0
27802,0.0
27803,0.0
27804,0.0
27805,0.0
27806,0.0
27807,0.0
27808,0.0
27809,0.0
27810,0.0
27811,0.0
27812,0.0
27813,0.0
27814,0.0
27815,0.0
27816,0.0
27817,0.0
27818,0.0
27819,0.0
27820,0.0
27821,0.0
27822,0.0
27823,0.0
27824,0.0
27825,0.0
27826,18619.0
27827,0.0
27828,0.0
27829,0.0
27830,0.0
27831,0.0
27832,0.0
27833,0.0
27834,0.0
27835,0.0
27836,0.0
27837,0.0
27838,0.0
27839,0.0
27840,7437.69
27841,0.0
27842,0.0
27843,0.0
27844,0.0
27845,0.0
27846,0.0
27847,0.0
27848,0.0
27849,0.0
27850,0.0
27851,0.0
27852,0.0
27853,0.0
27854,0.0
27855,0.0
27856,0.0
27857,0.0
27858,0.0
27859,0.0
27860,0.0
27861,0.0
27862,0.0
27863,0.0
27864,0.0
27865,0.0
27866,0.0
27867,0.0
27868,0.0
27869,0.0
27870,0.0
27871,0.0
27872,0.0
27873,0.0
27874,0.0
27875,0.0
27876,0.0
27877,0.0
27878,0.0
27879,0.0
27880,0.0
27881,0.0
27882,0.0
27883,0.0
27884,0.0
27885,0.0
27886,0.0
27887,0.0
27888,0.0
27889,0.0
27890,0.0
27891,0.0
27892,0.0
27893,0.0
27894,0.0
27895,0.0
27896,0.0
27897,0.0
27898,0.0
27899,0.0
27900,0.0
27901,0.0
27902,0.0
27903,0.0
27904,0.0
27905,0.0
27906,0.0
27907,0.0
27908,0.0
27909,0.0
27910,0.0
27911,0.0
27912,0.0
27913,0.0
27914,0.0
27915,12453.27
27916,0.0
27917,0.0
27918,0.0
27919,0.0
27920,0.0
27921,0.0
27922,0.0
27923,0.0
27924,0.0
27925,0.0
27926,0.0
27927,0.0
27928,0.0
27929,0.0
27930,0.0
27931,0.0
27932,0.0
27933,0.0
27934,0.0
27935,0.0
27936,0.0
27937,0.0
27938,0.0
27939,0.0
27940,0.0
27941,0.0
27942,0.0
27943,0.0
27944,0.0
27945,0.0
27946,0.0
27947,0.0
27948,0.0
27949,0.0
27950,0.0
27951,0.0
27952,0.0
27953,0.0
27954,0.0
27955,0.0
27956,0.0
27957,0.0
27958,0.0
27959,8099.22
27960,16335.62
27961,0.0
27962,0.0
27963,0.0
27964,0.0
27965,0.0
27966,0.0
27967,0.0
27968,0.0
27969,0.0
27970,0.0
27971,0.0
27972,0.0
27973,0.0
27974,0.0
27975,0.0
27976,0.0
27977,0.0
27978,0.0
27979,0.0
27980,0.0
27981,0.0
27982,0.0
27983,0.0
27984,0.0
27985,0.0
27986,0.0
27987,0.0
27988,12254.62
27989,0.0
27990,0.0
27991,0.0
27992,0.0
27993,0.0
27994,0.0
27995,0.0
27996,0.0
27997,0.0
27998,0.0
27999,0.0
28000,0.0
28001,0.0
28002,0.0
28003,0.0
28004,0.0
28005,0.0
28006,0.0
28007,0.0
28008,0.0
28009,0.0
28010,0.0
28011,0.0
28012,0.0
28013,0.0
28014,0.0
28015,0.0
28016,0.0
28017,0.0
28018,0.0
28019,0.0
28020,0.0
28021,0.0
28022,0.0
28023,0.0
28024,0.0
28025,0.0
28026,0.0
28027,0.0
28028,0.0
28029,0.0
28030,0.0
28031,0.0
28032,0.0
28033,0.0
28034,0.0
28035,0.0
28036,0.0
28037,0.0
28038,0.0
28039,0.0
28040,0.0
28041,0.0
28042,0.0
28043,0.0
28044,0.0
28045,0.0
28046,0.0
28047,0.0
28048,0.0
28049,0.0
28050,0.0
28051,0.0
28052,0.0
28053,0.0
28054,0.0
28055,0.0
28056,0.0
28057,0.0
28058,7613.03
28059,0.0
28060,0.0
28061,0.0
28062,7819.0
28063,0.0
28064,0.0
28065,0.0
28066,0.0
28067,0.0
28068,0.0
28069,0.0
28070,0.0
28071,0.0
28072,0.0
28073,0.0
28074,0.0
28075,0.0
28076,0.0
28077,0.0
28078,0.0
28079,0.0
28080,0.0
28081,0.0
28082,0.0
28083,0.0
28084,0.0
28085,0.0
28086,0.0
28087,0.0
28088,0.0
28089,0.0
28090,0.0
28091,0.0
28092,0.0
28093,0.0
28094,0.0
28095,0.0
28096,0.0
28097,0.0
28098,0.0
28099,0.0
28100,0.0
28101,0.0
28102,0.0
28103,0.0
28104,0.0
28105,0.0
28106,0.0
28107,0.0
28108,0.0
28109,0.0
28110,0.0
28111,0.0
28112,0.0
28113,6796.8
28114,0.0
28115,0.0
28116,0.0
28117,0.0
28118,0.0
28119,0.0
28120,0.0
28121,0.0
28122,0.0
28123,0.0
28124,0.0
28125,0.0
28126,0.0
28127,0.0
28128,12109.98
28129,0.0
28130,0.0
28131,0.0
28132,0.0
28133,0.0
28134,0.0
28135,0.0
28136,0.0
28137,0.0
28138,0.0
28139,0.0
28140,0.0
28141,0.0
28142,0.0
28143,0.0
28144,0.0
28145,0.0
28146,0.0
28147,0.0
28148,0.0
28149,0.0
28150,0.0
28151,0.0
28152,0.0
28153,0.0
28154,0.0
28155,0.0
28156,0.0
28157,0.0
28158,0.0
28159,0.0
28160,0.0
28161,0.0
28162,0.0
28163,0.0
28164,0.0
28165,0.0
28166,0.0
28167,0.0
28168,0.0
28169,0.0
28170,0.0
28171,0.0
28172,0.0
28173,0.0
28174,0.0
28175,0.0
28176,0.0
28177,0.0
28178,0.0
28179,0.0
28180,0.0
28181,0.0
28182,0.0
28183,0.0
28184,0.0
28185,0.0
28186,0.0
28187,0.0
28188,0.0
28189,0.0
28190,0.0
28191,0.0
28192,7712.95
28193,0.0
28194,0.0
28195,0.0
28196,0.0
28197,0.0
28198,0.0
28199,0.0
28200,0.0
28201,0.0
28202,0.0
28203,0.0
28204,0.0
28205,0.0
28206,0.0
28207,0.0
28208,0.0
28209,0.0
28210,0.0
28211,0.0
28212,0.0
28213,0.0
28214,0.0
28215,0.0
28216,0.0
28217,0.0
28218,0.0
28219,0.0
28220,0.0
28221,0.0
28222,0.0
28223,0.0
28224,0.0
28225,0.0
28226,0.0
28227,0.0
28228,0.0
28229,0.0
28230,0.0
28231,0.0
28232,0.0
28233,12890.81
28234,9657.98
28235,0.0
28236,0.0
28237,0.0
28238,0.0
28239,0.0
28240,0.0
28241,0.0
28242,0.0
28243,0.0
28244,0.0
28245,0.0
28246,0.0
28247,0.0
28248,0.0
28249,7834.12
28250,6324.16
28251,7880.88
28252,6499.44
28253,7007.54
28254,6143.78
28255,7321.77
28256,6536.67
28257,0.0
28258,5454.41
28259,7770.67
28260,7178.3
28261,6435.96
28262,0.0
28263,7293.54
28264,0.0
28265,6925.63
28266,7642.25
28267,8430.87
28268,7327.25
28269,7434.38
28270,5998.06
28271,8186.18
28272,0.0
28273,9441.25
28274,7583.76
28275,0.0
28276,6890.93
28277,4182.24
28278,6933.55
28279,0.0
28280,9369.87
28281,7104.65
28282,7454.97
28283,0.0
28284,8669.32
28285,5843.98
28286,8253.99
28287,7152.92
28288,0.0
28289,0.0
28290,7994.85
28291,7660.46
28292,7024.12
28293,9126.19
28294,6567.34
28295,7732.68
28296,8114.94
28297,7055.28
28298,7708.43
28299,8531.55
28300,7193.58
28301,7928.45
28302,6257.75
28303,5205.5
28304,7070.94
28305,7132.06
28306,8236.14
28307,8769.46
28308,8248.74
28309,6551.77
28310,7438.83
28311,0.0
28312,6168.01
28313,6586.42
28314,7526.37
28315,4792.76
28316,0.0
28317,6993.85
28318,6749.54
28319,6113.05
28320,6826.22
28321,7853.02
28322,7348.58
28323,0.0
28324,0.0
28325,6817.22
28326,5482.52
28327,6526.97
28328,6124.86
28329,0.0
28330,7691.41
28331,8111.89
28332,7378.0
28333,5984.74
28334,0.0
28335,0.0
28336,5918.43
28337,8120.92
28338,7500.83
28339,6278.91
28340,8111.89
28341,5929.32
28342,7180.0
28343,6087.69
28344,6740.8
28345,0.0
28346,5398.25
28347,7405.26
28348,0.0
28349,6795.82
28350,0.0
28351,0.0
28352,0.0
28353,7521.06
28354,6611.93
28355,6079.02
28356,7053.78
28357,0.0
28358,0.0
28359,7482.03
28360,8072.61
28361,0.0
28362,9012.63
28363,6562.0
28364,6318.96
28365,7957.67
28366,7077.05
28367,7259.96
28368,7533.93
28369,7104.57
28370,8108.04
28371,7259.96
28372,7499.21
28373,5516.12
28374,0.0
28375,8698.21
28376,6430.06
28377,5802.04
28378,5449.07
28379,6586.42
28380,0.0
28381,0.0
28382,7294.68
28383,6537.43
28384,8169.87
28385,7265.9
28386,6212.19
28387,7064.97
28388,0.0
28389,7909.33
28390,0.0
28391,7578.21
28392,5673.1
28393,7178.73
28394,0.0
28395,0.0
28396,0.0
28397,6863.17
28398,7389.31
28399,11482.23
28400,7933.75
28401,7638.57
28402,6040.72
28403,6983.58
28404,8294.57
28405,0.0
28406,6443.13
28407,6988.97
28408,6775.85
28409,4899.76
28410,7669.31
28411,7694.7
28412,7160.07
28413,0.0
28414,6756.01
28415,7438.39
28416,0.0
28417,5697.48
28418,5963.52
28419,7944.12
28420,7288.13
28421,6815.07
28422,6586.42
28423,7348.32
28424,7638.38
28425,8355.62
28426,0.0
28427,6708.78
28428,7365.97
28429,5784.31
28430,7251.25
28431,7720.84
28432,8496.99
28433,6588.86
28434,7275.17
28435,5557.17
28436,9141.33
28437,8468.16
28438,8443.8
28439,9198.88
28440,8085.64
28441,7240.38
28442,20594.26
28443,8238.17
28444,8534.78
28445,4446.62
28446,7858.97
28447,9405.96
28448,0.0
28449,10131.53
28450,10986.63
28451,0.0
28452,6182.86
28453,10366.13
28454,6234.67
28455,7547.01
28456,6464.61
28457,7550.26
28458,4735.66
28459,0.0
28460,0.0
28461,8111.2
28462,6805.8
28463,7547.53
28464,8343.94
28465,0.0
28466,0.0
28467,6675.24
28468,0.0
28469,0.0
28470,6607.85
28471,6130.99
28472,6108.44
28473,6600.98
28474,5856.45
28475,5942.65
28476,0.0
28477,8415.45
28478,8606.15
28479,7795.6
28480,7187.8
28481,6409.88
28482,6404.27
28483,7101.35
28484,0.0
28485,6067.81
28486,7311.1
28487,6385.0
28488,7958.83
28489,7309.65
28490,5318.31
28491,8012.75
28492,7471.58
28493,0.0
28494,7479.36
28495,15708.99
28496,7575.29
28497,8892.71
28498,7018.3
28499,6064.44
28500,5534.22
28501,5644.71
28502,6276.18
28503,8069.85
28504,7584.22
28505,8919.47
28506,7589.74
28507,7726.89
28508,6644.37
28509,6385.0
28510,7481.6
28511,8015.27
28512,0.0
28513,6955.42
28514,9468.88
28515,0.0
28516,7499.48
28517,7672.69
28518,0.0
28519,6908.69
28520,5709.3
28521,7276.46
28522,6493.07
28523,7642.59
28524,7665.32
28525,7792.29
28526,5961.39
28527,8168.27
28528,9623.25
28529,6322.49
28530,0.0
28531,7772.72
28532,7445.25
28533,8312.61
28534,7057.28
28535,7486.7
28536,7785.33
28537,7365.31
28538,9561.26
28539,7298.05
28540,7155.33
28541,6000.85
28542,20433.11
28543,0.0
28544,7620.66
28545,6860.32
28546,6619.95
28547,7672.14
28548,5804.2
28549,6579.96
28550,8492.01
28551,7660.02
28552,5921.79
28553,8478.07
28554,6611.93
28555,0.0
28556,6175.23
28557,6462.33
28558,5602.9
28559,7635.8
28560,0.0
28561,6411.4
28562,7485.99
28563,5804.45
28564,8095.77
28565,0.0
28566,0.0
28567,7303.13
28568,8412.38
28569,8029.96
28570,6675.96
28571,5261.9
28572,0.0
28573,7635.72
28574,6938.21
28575,6931.26
28576,6205.62
28577,7173.61
28578,9284.31
28579,0.0
28580,0.0
28581,0.0
28582,8168.27
28583,7373.86
28584,8271.85
28585,0.0
28586,6273.03
28587,7841.42
28588,7793.89
28589,5586.06
28590,7431.62
28591,4676.97
28592,7956.19
28593,8151.8
28594,8865.35
28595,7009.53
28596,5655.87
28597,6880.64
28598,8319.5
28599,8606.59
28600,6548.13
28601,0.0
28602,7564.91
28603,6522.38
28604,7179.86
28605,6490.09
28606,8150.42
28607,7284.72
28608,8699.98
28609,7780.88
28610,14178.63
28611,0.0
28612,7875.64
28613,6733.81
28614,8625.94
28615,0.0
28616,7339.51
28617,7227.21
28618,0.0
28619,5967.94
28620,7103.41
28621,7337.53
28622,0.0
28623,7542.35
28624,6121.55
28625,6973.38
28626,6997.42
28627,8298.76
28628,0.0
28629,7245.1
28630,0.0
28631,0.0
28632,6363.07
28633,9022.16
28634,5772.08
28635,5859.45
28636,6944.91
28637,6488.66
28638,5775.71
28639,7499.48
28640,6099.12
28641,5417.54
28642,0.0
28643,7533.93
28644,5488.15
28645,7933.73
28646,7479.18
28647,7378.96
28648,6466.52
28649,7074.96
28650,7564.9
28651,8111.89
28652,8585.27
28653,7245.73
28654,8157.44
28655,7468.58
28656,7507.11
28657,9471.32
28658,7402.02
28659,6441.98
28660,6068.77
28661,7799.58
28662,4791.86
28663,5828.95
28664,0.0
28665,0.0
28666,7641.72
28667,0.0
28668,8105.1
28669,7647.62
28670,0.0
28671,8465.84
28672,7025.6
28673,7306.47
28674,7290.27
28675,6147.96
28676,7154.21
28677,7614.85
28678,0.0
28679,7173.61
28680,5978.92
28681,7468.73
28682,13399.64
28683,4989.39
28684,7276.46
28685,6708.7
28686,5574.74
28687,5409.99
28688,7313.51
28689,7542.46
28690,0.0
28691,7399.39
28692,0.0
28693,7365.97
28694,4504.74
28695,6385.0
28696,7437.69
28697,8851.71
28698,9263.4
28699,6456.89
28700,7097.73
28701,5878.36
28702,7293.56
28703,17621.39
28704,0.0
28705,8311.82
28706,5886.27
28707,7748.54
28708,6530.46
28709,5990.75
28710,8689.3
28711,5567.01
28712,0.0
28713,7471.74
28714,6529.11
28715,5633.44
28716,4774.47
28717,0.0
28718,7404.11
28719,5702.39
28720,0.0
28721,7314.6
28722,7980.98
28723,6859.92
28724,7964.44
28725,0.0
28726,0.0
28727,6875.18
28728,7025.6
28729,6156.61
28730,7602.24
28731,5801.74
28732,8502.38
28733,6978.03
28734,0.0
28735,6761.58
28736,5968.03
28737,0.0
28738,5231.88
28739,0.0
28740,0.0
28741,6105.19
28742,8130.88
28743,6858.43
28744,7424.85
28745,6410.09
28746,0.0
28747,9610.56
28748,0.0
28749,7701.34
28750,0.0
28751,7387.54
28752,7804.04
28753,8190.62
28754,4580.88
28755,7571.39
28756,6989.49
28757,7438.61
28758,0.0
28759,7919.21
28760,7370.72
28761,7704.59
28762,6009.21
28763,6772.21
28764,7708.92
28765,0.0
28766,0.0
28767,0.0
28768,7386.28
28769,5617.31
28770,5236.19
28771,6697.61
28772,0.0
28773,7174.31
28774,5902.4
28775,6112.6
28776,0.0
28777,5444.14
28778,7572.82
28779,7108.15
28780,7110.0
28781,6764.16
28782,6765.03
28783,5760.55
28784,0.0
28785,4743.35
28786,8356.7
28787,8486.76
28788,6749.29
28789,6793.33
28790,0.0
28791,0.0
28792,6562.06
28793,6310.97
28794,0.0
28795,7019.68
28796,0.0
28797,7166.86
28798,0.0
28799,9705.01
28800,7555.81
28801,0.0
28802,7910.78
28803,6524.52
28804,0.0
28805,6430.73
28806,7136.76
28807,6649.87
28808,7801.38
28809,8003.01
28810,8027.11
28811,6028.55
28812,7280.56
28813,8328.63
28814,6983.75
28815,8254.26
28816,15459.2
28817,6330.96
28818,0.0
28819,5507.2
28820,8348.29
28821,0.0
28822,7129.8
28823,8075.81
28824,8168.27
28825,0.0
28826,7685.35
28827,6793.94
28828,5223.83
28829,0.0
28830,5930.39
28831,4830.5
28832,8239.48
28833,17406.31
28834,7218.07
28835,8456.51
28836,5874.1
28837,6913.28
28838,9025.23
28839,7215.18
28840,7823.88
28841,0.0
28842,7483.53
28843,7296.87
28844,12211.44
28845,6403.11
28846,0.0
28847,6313.86
28848,7119.31
28849,7207.0
28850,0.0
28851,5455.92
28852,7508.69
28853,0.0
28854,7444.01
28855,5052.31
28856,7931.56
28857,7603.92
28858,8244.66
28859,6349.65
28860,7272.58
28861,7149.04
28862,5369.71
28863,7608.37
28864,0.0
28865,6972.32
28866,7487.07
28867,4013.57
28868,6926.37
28869,6564.96
28870,0.0
28871,0.0
28872,0.0
28873,6280.72
28874,6188.53
28875,8414.19
28876,7031.14
28877,5769.0
28878,0.0
28879,7699.23
28880,5491.24
28881,7428.57
28882,0.0
28883,7910.54
28884,7340.25
28885,5769.0
28886,0.0
28887,7690.62
28888,7095.83
28889,8032.5
28890,7112.33
28891,7119.13
28892,5497.61
28893,7022.09
28894,6113.72
28895,0.0
28896,5346.78
28897,6793.9
28898,7148.56
28899,8042.9
28900,6550.38
28901,7822.02
28902,6269.33
28903,0.0
28904,4692.86
28905,6523.71
28906,6182.94
28907,5978.92
28908,6689.41
28909,0.0
28910,0.0
28911,8579.53
28912,6913.07
28913,6966.65
28914,7888.89
28915,5004.89
28916,7583.97
28917,7138.28
28918,8127.03
28919,7803.56
28920,7964.44
28921,7273.41
28922,6640.59
28923,7236.99
28924,8288.54
28925,0.0
28926,7683.41
28927,3765.87
28928,7219.56
28929,6005.18
28930,0.0
28931,6817.97
28932,7720.4
28933,6785.92
28934,8251.83
28935,0.0
28936,9161.51
28937,0.0
28938,7591.66
28939,7507.11
28940,6149.16
28941,7346.64
28942,0.0
28943,7561.47
28944,0.0
28945,0.0
28946,0.0
28947,8384.98
28948,8258.77
28949,8204.88
28950,5302.76
28951,0.0
28952,7418.86
28953,8348.63
28954,7161.28
28955,7392.37
28956,0.0
28957,8471.36
28958,6452.39
28959,0.0
28960,0.0
28961,7576.32
28962,5435.11
28963,6152.92
28964,7673.87
28965,6863.17
28966,7124.85
28967,7739.98
28968,7065.47
28969,6796.8
28970,6959.71
28971,6769.63
28972,8150.59
28973,6770.22
28974,6608.42
28975,6131.25
28976,7485.69
28977,0.0
28978,7339.69
28979,8107.52
28980,8828.52
28981,7552.34
28982,5288.21
28983,5836.29
28984,6631.36
28985,6155.41
28986,7130.36
28987,0.0
28988,5290.62
28989,7221.06
28990,5452.79
28991,7063.12
28992,7996.35
28993,7188.64
28994,9939.21
28995,7501.45
28996,7769.56
28997,7436.02
28998,6809.51
28999,4073.66
29000,8247.83
29001,0.0
29002,6587.29
29003,6490.09
29004,4740.54
29005,6097.32
29006,5998.06
29007,6400.92
29008,8193.58
29009,4977.91
29010,7395.25
29011,0.0
29012,6431.9
29013,6084.66
29014,5398.91
29015,7673.12
29016,4956.61
29017,0.0
29018,5793.76
29019,0.0
29020,6883.4
29021,8045.0
29022,5142.46
29023,0.0
29024,8114.96
29025,7819.99
29026,0.0
29027,4933.43
29028,9672.2
29029,7494.35
29030,6713.51
29031,7533.58
29032,8605.98
29033,7832.79
29034,7700.53
29035,5791.82
29036,6693.2
29037,10555.66
29038,5845.12
29039,6569.97
29040,7183.25
29041,6828.37
29042,0.0
29043,9539.42
29044,6253.59
29045,0.0
29046,6182.94
29047,6280.51
29048,7991.26
29049,6035.91
29050,7129.0
29051,0.0
29052,7726.56
29053,6667.29
29054,6965.1
29055,6419.26
29056,6882.83
29057,7276.27
29058,7950.19
29059,8395.91
29060,8756.01
29061,6584.12
29062,8111.06
29063,5634.12
29064,7365.65
29065,8806.33
29066,0.0
29067,6555.43
29068,0.0
29069,7457.39
29070,8403.44
29071,5633.59
29072,6984.12
29073,6188.28
29074,8118.6
29075,5114.17
29076,7014.0
29077,6990.49
29078,0.0
29079,7647.26
29080,6654.99
29081,5583.54
29082,7958.63
29083,6116.62
29084,6844.87
29085,7518.46
29086,0.0
29087,0.0
29088,6581.14
29089,8680.93
29090,9846.64
29091,5296.39
29092,8149.74
29093,0.0
29094,8196.24
29095,0.0
29096,7419.88
29097,7052.69
29098,5551.76
29099,0.0
29100,5342.28
29101,7580.15
29102,7548.1
29103,16057.78
29104,7320.12
29105,7592.12
29106,6795.86
29107,8018.44
29108,7237.38
29109,6973.34
29110,6353.09
29111,7393.38
29112,6613.03
29113,6390.19
29114,5756.51
29115,7318.11
29116,7211.17
29117,6452.9
29118,6197.58
29119,7080.32
29120,5468.51
29121,6770.19
29122,7479.38
29123,8376.7
29124,7482.66
29125,7293.09
29126,6037.92
29127,7921.35
29128,6446.3
29129,9603.44
29130,7287.4
29131,7026.17
29132,6730.77
29133,4738.53
29134,6929.33
29135,6752.39
29136,8797.44
29137,7037.33
29138,7229.34
29139,5791.23
29140,7976.25
29141,5970.83
29142,8012.23
29143,7072.09
29144,7293.85
29145,7895.34
29146,7997.94
29147,7381.81
29148,7285.23
29149,7636.58
29150,6919.86
29151,7368.35
29152,8307.86
29153,6769.05
29154,7746.35
29155,7848.57
29156,6809.25
29157,7626.32
29158,6719.0
29159,5791.37
29160,7098.52
29161,7084.4
29162,8065.08
29163,8785.23
29164,7594.5
29165,6905.83
29166,7428.69
29167,5921.56
29168,6568.67
29169,6961.44
29170,7467.98
29171,4807.65
29172,5938.56
29173,6958.95
29174,6371.62
29175,6009.0
29176,7160.04
29177,7680.68
29178,7041.94
29179,6587.16
29180,7497.91
29181,6523.8
29182,5612.44
29183,6753.28
29184,6375.22
29185,7420.12
29186,7742.2
29187,8114.98
29188,7006.04
29189,6279.4
29190,8535.61
29191,7383.09
29192,6440.79
29193,7833.34
29194,7582.49
29195,6264.26
29196,8114.98
29197,6271.48
29198,6937.19
29199,5674.61
29200,6362.59
29201,6393.23
29202,5247.95
29203,7067.46
29204,6786.72
29205,6740.5
29206,7077.05
29207,6227.58
29208,6372.04
29209,7384.28
29210,6597.59
29211,6177.58
29212,6815.2
29213,7543.22
29214,7464.27
29215,7142.61
29216,7853.71
29217,6159.61
29218,8892.72
29219,6960.63
29220,6791.54
29221,7847.92
29222,6544.14
29223,7239.87
29224,7387.49
29225,6967.52
29226,7941.76
29227,7239.87
29228,7119.87
29229,5737.57
29230,5442.08
29231,8551.25
29232,7176.98
29233,5561.21
29234,5775.41
29235,6961.44
29236,6768.66
29237,7077.19
29238,7080.55
29239,6949.66
29240,8147.18
29241,7106.39
29242,6631.75
29243,6676.98
29244,7076.46
29245,7640.51
29246,3762.24
29247,7760.31
29248,5440.49
29249,6966.7
29250,5740.71
29251,5950.21
29252,6914.46
29253,6797.89
29254,7561.6
29255,9779.39
29256,7718.69
29257,7485.96
29258,6377.1
29259,6964.36
29260,8057.06
29261,5929.17
29262,6125.17
29263,7498.44
29264,7113.19
29265,4581.85
29266,7630.59
29267,7306.05
29268,6945.19
29269,6189.87
29270,6744.4
29271,7173.05
29272,6408.0
29273,6279.8
29274,6080.06
29275,7806.82
29276,7006.04
29277,6767.42
29278,6977.56
29279,7113.19
29280,7804.68
29281,8117.37
29282,7172.31
29283,6852.54
29284,7350.43
29285,5950.08
29286,7341.16
29287,7632.8
29288,8357.02
29289,6527.06
29290,7535.87
29291,5342.18
29292,9350.37
29293,8172.8
29294,8026.76
29295,8114.87
29296,7928.34
29297,7098.74
29298,19611.79
29299,8467.61
29300,8115.82
29301,4130.98
29302,7517.9
29303,9121.14
29304,6596.53
29305,11782.41
29306,9390.8
29307,7213.61
29308,6296.48
29309,9979.31
29310,6681.68
29311,7561.53
29312,6837.68
29313,7497.03
29314,4632.41
29315,7409.98
29316,7171.94
29317,7998.09
29318,6574.71
29319,7840.79
29320,8184.48
29321,6362.49
29322,5717.47
29323,6903.73
29324,6435.78
29325,5207.08
29326,6570.35
29327,6633.21
29328,6323.81
29329,6508.47
29330,6194.99
29331,6384.97
29332,7415.35
29333,8272.85
29334,8498.01
29335,7705.14
29336,6611.14
29337,6800.26
29338,6697.77
29339,6727.99
29340,5697.91
29341,6376.68
29342,7164.68
29343,6528.9
29344,7732.86
29345,7226.92
29346,5637.84
29347,8015.85
29348,7256.67
29349,6407.7
29350,7562.01
29351,16462.65
29352,7438.11
29353,8506.82
29354,6307.54
29355,6378.27
29356,5829.57
29357,5513.7
29358,6425.94
29359,7973.04
29360,7042.12
29361,11917.09
29362,7569.23
29363,7453.36
29364,6546.16
29365,6528.9
29366,7459.68
29367,8027.6
29368,7254.17
29369,6929.72
29370,8251.69
29371,6395.37
29372,7446.25
29373,7543.53
29374,7166.55
29375,6853.37
29376,5886.12
29377,6966.34
29378,6275.94
29379,7551.88
29380,7601.14
29381,7585.08
29382,6377.9
29383,7930.99
29384,9419.9
29385,6605.69
29386,6550.93
29387,7521.29
29388,7131.11
29389,8059.15
29390,6972.39
29391,6916.67
29392,7393.69
29393,7121.74
29394,8855.3
29395,7253.54
29396,7260.81
29397,6024.56
29398,19323.23
29399,6623.99
29400,7246.31
29401,6848.71
29402,6958.21
29403,7646.33
29404,5743.51
29405,6932.47
29406,8124.48
29407,7637.64
29408,6444.15
29409,8376.77
29410,6597.59
29411,5928.58
29412,6775.57
29413,6578.6
29414,5911.77
29415,7489.79
29416,5707.52
29417,5989.06
29418,6973.18
29419,5980.0
29420,7910.21
29421,6972.44
29422,7633.31
29423,6923.31
29424,8207.0
29425,7771.28
29426,6557.96
29427,5463.61
29428,6328.65
29429,7263.87
29430,6964.99
29431,6518.57
29432,6468.97
29433,7120.49
29434,8381.22
29435,6294.88
29436,7474.96
29437,8184.94
29438,7904.57
29439,7749.45
29440,8339.22
29441,6985.82
29442,6536.44
29443,6955.78
29444,7745.97
29445,5333.5
29446,7434.42
29447,4856.05
29448,7919.58
29449,8044.07
29450,8738.69
29451,6935.87
29452,5942.66
29453,7057.76
29454,8339.39
29455,8451.56
29456,6548.13
29457,7081.02
29458,7261.05
29459,7147.7
29460,6975.68
29461,7079.52
29462,7991.89
29463,7211.12
29464,8841.7
29465,7453.05
29466,11064.2
29467,6900.91
29468,7639.0
29469,6819.02
29470,8661.59
29471,4853.65
29472,7160.44
29473,7375.51
29474,6625.62
29475,6222.65
29476,6826.56
29477,7222.98
29478,5414.51
29479,7093.21
29480,6370.04
29481,6560.69
29482,6740.5
29483,8407.76
29484,5937.98
29485,6852.81
29486,7317.02
29487,7896.26
29488,6528.3
29489,8882.19
29490,5699.83
29491,6242.9
29492,7178.36
29493,6365.16
29494,5927.34
29495,7446.25
29496,6381.33
29497,6000.16
29498,7035.93
29499,7298.81
29500,5484.49
29501,8107.55
29502,7331.55
29503,7064.35
29504,6746.81
29505,6797.83
29506,7434.93
29507,8114.98
29508,8277.69
29509,7620.63
29510,7923.14
29511,7573.93
29512,7493.58
29513,9607.44
29514,7372.13
29515,5853.08
29516,6377.59
29517,7673.21
29518,4779.66
29519,5898.27
29520,6062.43
29521,6941.69
29522,7415.75
29523,5895.19
29524,7849.24
29525,7501.04
29526,7455.6
29527,8228.21
29528,7117.51
29529,5510.14
29530,7402.64
29531,6218.45
29532,6693.25
29533,7996.46
29534,5720.19
29535,7120.49
29536,6398.89
29537,7548.18
29538,16042.65
29539,5106.23
29540,6921.28
29541,6828.22
29542,5760.45
29543,5289.62
29544,6819.49
29545,7578.12
29546,6309.06
29547,7124.72
29548,5824.76
29549,7300.46
29550,4611.75
29551,6528.9
29552,7314.84
29553,8482.0
29554,9321.98
29555,7150.73
29556,7077.54
29557,5692.07
29558,7072.75
29559,16777.07
29560,8351.25
29561,8075.45
29562,5730.62
29563,7412.56
29564,6683.5
29565,6386.67
29566,8571.38
29567,5668.0
29568,5246.7
29569,7674.08
29570,6368.83
29571,6018.18
29572,4698.92
29573,7390.3
29574,7071.55
29575,5841.92
29576,6051.75
29577,6926.17
29578,8026.26
29579,6845.16
29580,7821.91
29581,5763.45
29582,6796.84
29583,6942.05
29584,7117.51
29585,6290.5
29586,7608.93
29587,6038.67
29588,8225.7
29589,6995.76
29590,5179.96
29591,6524.96
29592,6397.29
29593,6857.65
29594,5009.02
29595,7201.87
29596,7128.93
29597,6852.53
29598,7911.98
29599,6526.47
29600,6679.47
29601,6505.21
29602,7577.89
29603,9302.8
29604,6218.49
29605,7637.16
29606,5834.71
29607,7390.35
29608,7680.38
29609,7628.07
29610,4372.15
29611,7020.83
29612,6348.34
29613,7314.91
29614,5769.76
29615,7807.09
29616,7224.12
29617,7701.72
29618,6457.79
29619,6586.3
29620,7491.61
29621,6874.96
29622,6378.78
29623,6738.36
29624,7215.77
29625,6061.49
29626,5775.65
29627,7438.95
29628,6537.81
29629,6910.55
29630,5857.24
29631,6262.37
29632,6893.59
29633,5533.88
29634,7338.66
29635,7039.97
29636,7089.81
29637,6437.17
29638,6831.9
29639,5663.42
29640,7753.04
29641,4935.7
29642,8262.66
29643,8077.23
29644,6745.07
29645,6650.7
29646,5857.5
29647,5989.16
29648,6623.92
29649,6363.02
29650,6262.56
29651,6946.08
29652,5757.74
29653,6721.47
29654,5865.02
29655,9469.99
29656,7350.97
29657,6296.04
29658,6959.48
29659,6707.74
29660,7201.21
29661,6953.25
29662,7161.15
29663,6735.07
29664,7387.36
29665,7820.44
29666,7828.74
29667,6297.2
29668,7057.88
29669,8126.45
29670,7276.2
29671,8274.15
29672,15589.7
29673,6459.64
29674,6541.82
29675,5803.55
29676,8102.44
29677,6846.85
29678,6958.01
29679,7963.82
29680,7904.57
29681,5791.88
29682,7238.14
29683,6605.75
29684,5568.75
29685,6721.08
29686,6027.12
29687,5042.32
29688,7629.01
29689,16384.31
29690,7250.95
29691,8501.84
29692,6087.06
29693,6698.74
29694,8813.08
29695,7758.58
29696,8274.33
29697,7821.91
29698,7484.24
29699,7237.1
29700,12115.72
29701,6763.22
29702,6861.92
29703,6350.27
29704,7122.12
29705,7172.99
29706,7454.81
29707,5151.96
29708,7324.85
29709,4710.58
29710,7085.93
29711,5142.05
29712,7274.33
29713,7623.69
29714,8032.95
29715,6668.5
29716,7168.79
29717,7057.73
29718,5212.85
29719,7572.23
29720,5802.2
29721,6917.31
29722,7323.25
29723,4602.34
29724,6902.68
29725,6440.71
29726,6423.93
29727,6713.69
29728,6572.89
29729,6690.08
29730,6817.67
29731,8126.34
29732,6907.18
29733,6172.81
29734,5205.31
29735,7671.25
29736,5394.11
29737,7493.66
29738,6459.64
29739,7798.26
29740,7526.51
29741,7005.58
29742,4629.15
29743,7649.02
29744,7015.6
29745,8216.87
29746,6968.99
29747,6762.64
29748,5884.68
29749,7131.76
29750,6181.89
29751,9517.31
29752,5852.22
29753,6639.41
29754,7155.0
29755,7167.94
29756,6290.99
29757,7519.89
29758,5939.52
29759,6574.71
29760,4688.69
29761,7176.98
29762,6141.36
29763,6398.89
29764,6475.43
29765,5743.63
29766,8032.75
29767,8290.33
29768,6791.47
29769,7125.18
29770,8060.32
29771,5217.5
29772,7349.82
29773,6994.95
29774,8014.6
29775,7246.56
29776,7821.91
29777,7380.85
29778,6886.35
29779,6568.9
29780,8308.43
29781,6566.11
29782,7608.79
29783,4547.43
29784,7177.28
29785,6355.2
29786,7876.07
29787,6804.34
29788,7718.18
29789,6789.8
29790,7423.07
29791,6440.08
29792,8511.5
29793,6395.37
29794,7571.15
29795,7493.58
29796,6084.48
29797,7122.84
29798,6195.47
29799,7424.63
29800,6871.86
29801,8245.17
29802,7875.21
29803,8420.9
29804,8359.85
29805,7816.27
29806,5768.44
29807,6614.23
29808,7543.22
29809,8066.12
29810,6932.29
29811,7141.41
29812,7759.89
29813,8507.28
29814,7123.04
29815,6592.4
29816,5586.43
29817,7407.4
29818,5646.76
29819,5703.23
29820,7313.14
29821,6871.42
29822,6607.22
29823,7548.85
29824,7107.08
29825,7020.89
29826,7170.38
29827,6696.99
29828,8161.28
29829,6761.02
29830,6486.17
29831,6421.47
29832,7321.08
29833,5781.93
29834,6959.87
29835,7945.42
29836,8549.94
29837,7575.34
29838,5857.17
29839,5656.75
29840,7195.4
29841,6826.47
29842,6700.06
29843,8117.37
29844,5278.22
29845,6737.8
29846,5867.99
29847,6919.79
29848,7797.84
29849,7094.4
29850,8543.46
29851,7501.45
29852,8015.13
29853,7404.18
29854,6760.76
29855,4373.27
29856,7535.18
29857,6341.05
29858,6611.47
29859,7079.52
29860,4670.44
29861,6571.94
29862,6037.92
29863,6185.06
29864,7450.0
29865,5083.37
29866,7245.9
29867,5738.57
29868,6580.47
29869,6426.07
29870,5837.32
29871,7386.92
29872,4952.97
29873,6970.13
29874,5984.64
29875,6786.72
29876,7310.95
29877,7737.14
29878,5105.56
29879,5948.12
29880,7668.54
29881,7528.07
29882,7330.95
29883,5038.89
29884,9437.18
29885,7344.32
29886,6423.18
29887,7294.74
29888,8568.44
29889,7854.88
29890,7635.39
29891,5949.1
29892,6301.49
29893,9798.65
29894,5870.29
29895,6487.97
29896,6851.0
29897,6828.37
29898,7403.79
29899,9054.21
29900,6371.16
29901,6107.85
29902,6263.67
29903,5797.53
29904,7954.84
29905,6110.47
29906,6852.15
29907,4417.25
29908,7533.71
29909,6585.99
29910,6974.31
29911,6712.75
29912,7140.52
29913,6813.54
29914,7761.05
29915,8378.44
29916,8350.35
29917,6666.21
29918,7925.2
29919,5669.15
29920,7335.77
29921,8821.48
29922,5878.84
29923,6983.32
29924,8375.8
29925,6988.03
29926,8138.49
29927,5681.75
29928,7235.9
29929,6175.63
29930,7971.8
29931,5465.62
29932,6716.93
29933,7166.55
29934,6454.51
29935,7387.49
29936,6650.77
29937,5860.17
29938,7841.98
29939,6227.84
29940,6792.38
29941,7519.17
29942,10427.22
29943,6317.06
29944,6468.72
29945,9322.95
29946,9332.59
29947,5347.86
29948,7831.31
29949,5646.09
29950,7592.01
29951,5275.36
29952,6837.54
29953,7212.89
29954,5834.71
29955,6131.98
29956,5956.21
29957,7596.26
29958,7526.18
29959,16413.04
29960,6813.54
29961,7334.71
29962,6705.05
29963,8889.34
29964,7202.1
29965,8033.67
29966,6356.8
29967,6651.17
29968,6513.46
29969,6182.82
29970,5771.03
29971,6143.85
29972,7948.39
29973,6386.22
29974,5919.88
29975,5755.07
29976,5445.95
29977,6510.27
29978,6827.17
29979,7971.4
29980,7516.02
29981,8433.53
29982,6037.92
29983,7433.38
29984,6453.17
29985,9910.7
29986,6624.36
29987,6706.64
29988,6337.71
29989,5002.91
29990,6794.32
29991,6114.83
29992,8546.97
29993,6439.71
29994,6779.42
29995,5827.94
29996,7686.12
29997,5970.83
29998,7326.35
29999,6777.64
30000,6710.24
30001,6368.08
30002,8557.92
30003,6425.38
30004,6756.95
30005,7019.89
30006,6938.39
30007,5649.21
30008,8156.77
30009,6236.65
30010,7489.8
30011,7605.71
30012,5671.74
30013,7537.69
30014,6655.19
30015,5826.34
30016,7809.3
30017,7084.4
30018,7301.73
30019,7871.42
30020,6005.08
30021,6921.6
30022,7242.64
30023,5956.52
30024,6529.52
30025,6959.91
30026,8007.11
30027,4833.72
30028,5973.52
30029,6958.95
30030,6148.08
30031,5887.5
30032,7064.99
30033,7444.49
30034,5525.64
30035,5657.08
30036,7322.36
30037,6403.72
30038,5571.54
30039,7113.41
30040,6361.65
30041,8623.47
30042,8201.42
30043,8399.84
30044,6617.02
30045,6275.26
30046,7655.14
30047,6233.15
30048,6444.51
30049,7777.62
30050,8448.54
30051,5921.21
30052,8399.84
30053,6267.34
30054,6639.06
30055,5664.95
30056,6255.29
30057,6389.07
30058,5200.53
30059,6905.46
30060,5962.76
30061,6204.04
30062,6809.09
30063,6242.1
30064,6396.95
30065,6561.64
30066,5645.66
30067,6177.58
30068,6535.43
30069,7926.52
30070,7491.0
30071,6558.7
30072,7648.31
30073,5939.82
30074,7766.69
30075,6956.5
30076,6707.73
30077,7495.98
30078,6168.16
30079,8347.51
30080,6493.96
30081,6737.23
30082,7414.17
30083,8347.51
30084,6459.93
30085,5778.42
30086,5477.05
30087,8218.19
30088,7145.65
30089,5500.0
30090,5789.93
30091,6959.91
30092,6723.53
30093,6918.9
30094,7014.21
30095,6965.43
30096,7655.2
30097,6828.71
30098,6604.49
30099,6302.37
30100,7045.14
30101,7879.24
30102,3821.16
30103,8092.43
30104,5381.6
30105,6749.21
30106,5781.55
30107,5991.05
30108,5901.62
30109,6797.89
30110,8221.79
30111,9298.51
30112,7422.53
30113,6342.75
30114,6372.97
30115,6495.14
30116,7700.71
30117,5932.62
30118,5992.93
30119,7467.12
30120,6543.66
30121,4625.65
30122,7745.97
30123,6453.37
30124,6463.43
30125,5962.94
30126,6689.04
30127,7034.3
30128,6204.34
30129,6275.67
30130,6080.06
30131,7202.76
30132,6617.02
30133,6767.42
30134,6976.03
30135,6249.14
30136,7780.16
30137,7691.34
30138,6270.1
30139,6871.08
30140,7076.62
30141,6009.74
30142,7351.8
30143,6502.42
30144,7110.04
30145,5975.51
30146,7511.92
30147,5376.56
30148,8816.51
30149,7957.45
30150,7516.66
30151,7665.64
30152,7151.13
30153,6697.69
30154,17972.13
30155,8294.1
30156,7956.73
30157,4071.48
30158,5788.39
30159,8563.22
30160,6640.82
30161,11877.53
30162,9216.08
30163,6627.89
30164,6243.37
30165,9021.7
30166,6646.4
30167,7623.01
30168,6745.04
30169,7817.6
30170,4573.09
30171,7299.0
30172,6709.43
30173,8187.08
30174,6357.81
30175,7909.1
30176,7654.75
30177,6358.33
30178,5706.88
30179,6902.21
30180,6265.71
30181,5148.2
30182,6616.61
30183,6597.93
30184,6327.53
30185,6453.11
30186,6220.87
30187,6371.4
30188,7317.27
30189,7261.9
30190,8027.14
30191,7995.08
30192,5716.18
30193,6791.11
30194,6684.2
30195,5661.81
30196,5781.72
30197,6417.52
30198,6764.53
30199,6831.13
30200,6983.43
30201,6968.82
30202,5690.77
30203,8349.14
30204,6826.89
30205,6068.05
30206,6457.46
30207,16020.68
30208,6352.66
30209,8046.29
30210,6133.84
30211,6381.99
30212,5870.41
30213,5949.79
30214,6242.71
30215,8452.8
30216,6021.82
30217,12012.21
30218,7569.23
30219,6583.99
30220,6896.14
30221,6831.13
30222,7886.65
30223,8027.6
30224,8353.23
30225,6454.84
30226,7834.75
30227,6347.87
30228,7859.74
30229,6233.46
30230,7105.93
30231,6305.37
30232,5924.73
30233,6648.16
30234,6104.66
30235,7258.87
30236,8010.38
30237,6257.67
30238,6364.33
30239,7666.79
30240,8971.21
30241,6516.28
30242,6360.3
30243,7414.12
30244,6792.89
30245,7672.0
30246,6469.99
30247,6124.18
30248,6467.66
30249,6385.92
30250,8347.28
30251,7955.26
30252,7218.63
30253,6059.52
30254,17571.17
30255,6446.96
30256,6190.73
30257,6793.35
30258,6976.74
30259,7857.16
30260,5820.61
30261,6951.01
30262,7788.95
30263,7324.13
30264,6447.87
30265,8290.02
30266,5645.66
30267,5988.24
30268,6740.29
30269,6815.42
30270,5931.97
30271,6983.83
30272,5762.8
30273,6004.04
30274,6008.86
30275,5972.63
30276,7698.75
30277,6551.53
30278,7161.16
30279,6648.16
30280,7781.54
30281,7972.7
30282,5973.91
30283,5472.34
30284,5858.6
30285,5677.95
30286,7841.14
30287,5965.06
30288,6563.08
30289,7120.49
30290,7785.0
30291,5973.16
30292,7987.74
30293,7670.98
30294,7659.19
30295,7749.45
30296,8554.03
30297,6840.09
30298,6536.44
30299,6555.08
30300,7019.55
30301,5254.42
30302,7434.42
30303,4928.91
30304,8383.94
30305,8517.84
30306,8484.41
30307,6563.37
30308,5977.62
30309,6816.88
30310,8389.5
30311,7872.52
30312,6440.78
30313,6298.67
30314,7092.83
30315,7120.24
30316,6021.86
30317,7048.2
30318,7729.53
30319,8205.97
30320,9164.87
30321,7354.89
30322,10893.73
30323,6472.37
30324,7384.54
30325,6750.54
30326,8661.59
30327,4888.03
30328,5604.41
30329,7698.16
30330,6485.4
30331,6218.5
30332,6066.67
30333,7894.37
30334,5437.39
30335,6667.43
30336,6410.88
30337,5965.06
30338,6220.91
30339,8200.88
30340,5875.66
30341,6169.57
30342,5841.36
30343,7220.38
30344,6472.94
30345,8125.79
30346,5699.83
30347,6294.76
30348,6485.16
30349,6061.52
30350,5989.58
30351,7859.74
30352,6367.76
30353,5829.39
30354,5907.05
30355,6230.05
30356,5642.12
30357,8658.54
30358,6430.79
30359,5394.86
30360,7113.41
30361,6336.54
30362,6425.38
30363,8447.86
30364,7967.65
30365,8034.24
30366,7257.74
30367,7875.89
30368,7964.58
30369,12108.95
30370,7757.01
30371,5721.05
30372,6381.31
30373,6938.7
30374,4789.08
30375,5898.27
30376,6085.31
30377,5973.4
30378,7136.13
30379,5952.09
30380,7484.67
30381,6914.84
30382,6158.03
30383,7995.52
30384,7781.9
30385,5447.11
30386,8007.52
30387,6219.63
30388,6467.0
30389,11146.78
30390,5688.42
30391,7120.49
30392,6402.61
30393,7331.47
30394,16110.95
30395,5129.11
30396,6358.67
30397,6692.19
30398,5763.24
30399,5339.04
30400,6551.53
30401,7578.12
30402,5976.04
30403,6432.52
30404,5865.6
30405,7041.04
30406,4640.04
30407,6831.13
30408,6971.7
30409,7974.51
30410,9314.29
30411,7115.45
30412,6981.99
30413,5681.48
30414,6720.7
30415,16202.03
30416,7729.77
30417,7582.72
30418,6685.71
30419,6253.33
30420,7084.54
30421,6373.1
30422,8555.16
30423,5627.1
30424,5293.67
30425,7978.4
30426,6029.14
30427,6053.14
30428,4748.98
30429,6907.31
30430,6585.73
30431,5841.92
30432,5976.31
30433,6209.42
30434,7839.99
30435,6592.84
30436,7534.68
30437,5815.32
30438,6666.0
30439,6873.57
30440,7781.9
30441,6253.97
30442,7867.05
30443,6069.89
30444,7974.67
30445,7931.37
30446,5203.16
30447,6487.53
30448,6401.01
30449,6326.67
30450,5017.72
30451,6630.15
30452,6797.17
30453,6817.25
30454,7756.16
30455,5961.89
30456,5923.51
30457,6535.29
30458,7025.0
30459,9121.72
30460,6216.64
30461,7908.71
30462,5875.55
30463,7390.35
30464,6430.0
30465,6389.69
30466,4338.96
30467,6516.16
30468,5903.54
30469,6829.79
30470,5810.61
30471,8010.17
30472,6663.94
30473,8037.3
30474,6485.83
30475,5579.74
30476,7738.13
30477,6358.58
30478,6385.65
30479,6364.04
30480,6303.8
30481,6107.48
30482,5810.61
30483,7424.34
30484,6318.63
30485,6499.36
30486,5595.83
30487,6106.37
30488,5945.24
30489,5556.76
30490,7975.66
30491,6846.7
30492,7021.33
30493,6189.0
30494,6763.42
30495,5604.93
30496,6637.38
30497,4983.75
30498,7723.04
30499,7439.52
30500,6610.06
30501,6338.89
30502,5825.72
30503,5913.91
30504,6555.44
30505,6366.55
30506,5922.86
30507,8038.06
30508,5727.44
30509,6225.27
30510,5948.84
30511,9315.81
30512,6304.84
30513,5988.36
30514,6431.38
30515,6707.74
30516,5524.14
30517,7964.12
30518,7116.5
30519,6666.6
30520,6245.79
30521,7667.0
30522,7084.73
30523,6283.63
30524,6520.57
30525,7521.12
30526,7104.67
30527,8338.81
30528,14915.12
30529,6404.29
30530,5677.97
30531,5779.99
30532,7686.07
30533,5871.29
30534,6670.93
30535,7616.38
30536,7659.19
30537,5832.72
30538,6239.06
30539,6293.37
30540,5603.72
30541,6217.56
30542,6027.12
30543,5065.2
30544,6330.87
30545,14054.19
30546,8002.39
30547,9008.92
30548,6091.55
30549,6082.55
30550,7518.08
30551,8107.96
30552,8615.55
30553,7534.68
30554,7734.36
30555,7634.27
30556,11927.39
30557,6775.37
30558,6826.64
30559,6610.03
30560,7122.12
30561,6842.09
30562,6678.67
30563,5170.99
30564,6818.06
30565,4760.64
30566,5776.03
30567,5164.93
30568,6278.26
30569,7869.83
30570,7696.74
30571,6633.22
30572,6843.07
30573,6508.52
30574,5145.59
30575,7863.73
30576,5837.16
30577,7816.2
30578,6719.48
30579,4499.93
30580,6623.92
30581,6212.44
30582,5579.41
30583,6197.32
30584,6510.97
30585,6654.8
30586,6782.39
30587,7536.29
30588,6907.18
30589,6168.67
30590,5162.79
30591,7463.94
30592,5335.23
30593,6963.89
30594,6896.14
30595,6554.07
30596,7875.33
30597,6974.26
30598,4698.97
30599,7965.01
30600,6785.18
30601,8287.04
30602,6505.97
30603,6751.67
30604,5919.64
30605,7477.79
30606,6181.89
30607,12259.37
30608,5898.2
30609,6102.14
30610,6624.22
30611,6563.68
30612,6430.41
30613,7475.76
30614,6005.18
30615,6357.81
30616,4720.68
30617,7145.65
30618,6155.17
30619,6402.61
30620,6198.08
30621,5778.59
30622,7500.29
30623,7893.23
30624,5628.73
30625,6736.26
30626,8849.55
30627,5266.64
30628,7847.17
30629,6595.87
30630,7253.9
30631,6374.99
30632,7616.38
30633,6709.2
30634,6902.11
30635,6174.59
30636,8473.38
30637,6323.42
30638,7839.73
30639,4438.57
30640,7177.28
30641,6358.92
30642,7720.48
30643,6804.34
30644,7709.44
30645,6306.88
30646,6774.93
30647,6377.43
30648,8194.63
30649,6326.34
30650,7571.15
30651,7964.58
30652,5964.39
30653,5592.01
30654,6186.38
30655,8121.32
30656,6806.0
30657,7795.52
30658,6128.9
30659,8420.9
30660,8291.37
30661,7117.72
30662,5803.4
30663,7193.7
30664,7926.52
30665,8082.59
30666,6932.29
30667,5482.58
30668,6185.37
30669,8507.28
30670,7087.76
30671,6599.27
30672,5634.47
30673,6521.15
30674,5759.41
30675,5831.05
30676,6419.71
30677,6871.42
30678,6080.32
30679,7876.49
30680,7038.6
30681,6663.73
30682,7057.33
30683,6462.5
30684,8728.45
30685,6746.94
30686,6155.28
30687,6407.9
30688,6651.52
30689,5822.77
30690,6648.16
30691,7438.72
30692,8080.18
30693,7748.56
30694,5892.13
30695,5755.81
30696,7137.25
30697,6791.19
30698,5888.11
30699,7655.44
30700,5336.86
30701,5796.05
30702,5913.98
30703,6512.52
30704,7535.02
30705,6724.45
30706,8458.18
30707,7503.33
30708,8087.74
30709,6721.6
30710,6440.36
30711,4396.14
30712,7119.62
30713,6317.5
30714,6311.13
30715,7048.2
30716,4688.14
30717,6536.66
30718,6037.92
30719,6138.95
30720,6105.34
30721,5106.25
30722,7245.9
30723,5779.41
30724,6580.47
30725,6412.5
30726,5872.29
30727,6333.79
30728,4979.05
30729,6457.08
30730,5961.09
30731,5945.03
30732,7279.63
30733,7642.74
30734,5111.86
30735,5942.43
30736,6534.49
30737,6682.95
30738,6877.87
30739,5061.77
30740,9283.01
30741,6114.36
30742,5655.71
30743,6268.41
30744,8640.68
30745,7920.06
30746,7796.19
30747,5949.1
30748,6296.07
30749,9143.45
30750,5731.26
30751,6193.35
30752,6244.64
30753,6710.45
30754,7035.46
30755,8478.55
30756,6308.63
30757,6118.64
30758,6277.48
30759,5729.56
30760,8584.09
30761,6124.28
30762,6066.67
30763,4487.07
30764,6009.18
30765,6530.63
30766,6615.41
30767,6708.62
30768,6732.38
30769,6668.49
30770,7767.68
30771,8260.14
30772,8072.25
30773,6670.21
30774,7698.75
30775,5630.92
30776,7696.68
30777,8413.57
30778,5919.68
30779,6999.08
30780,7613.42
30781,6667.43
30782,7729.41
30783,5729.79
30784,6709.42
30785,6124.06
30786,7841.3
30787,5507.53
30788,5914.09
30789,7105.93
30790,6450.36
30791,6493.96
30792,6595.41
30793,5797.85
30794,7807.78
30795,6173.15
30796,6785.58
30797,7766.69
30798,9912.12
30799,5979.54
30800,6096.51
30801,9191.28
30802,8902.9
30803,5296.96
30804,7727.8
30805,5694.13
30806,6308.84
30807,5322.87
30808,6431.96
30809,7051.95
30810,5875.55
30811,5980.3
30812,5970.73
30813,8920.32
30814,7828.37
30815,17866.63
30816,6668.49
30817,7298.18
30818,6543.0
30819,8961.87
30820,7234.48
30821,8042.92
30822,6344.83
30823,6611.41
30824,6517.9
30825,6123.74
30826,5762.66
30827,6124.46
30828,7997.13
30829,6390.66
30830,5889.77
30831,5755.07
30832,5411.69
30833,6488.18
30834,6831.61
30835,7901.93
30836,7559.4
30837,8418.35
30838,6002.27
30839,7383.47
30840,6433.3
30841,10018.24
30842,6614.59
30843,6711.08
30844,6293.77
30845,5049.54
30846,6831.29
30847,6119.27
30848,8468.36
30849,6162.01
30850,6692.29
30851,5784.16
30852,7588.73
30853,5970.83
30854,7217.29
30855,6757.63
30856,6670.49
30857,6328.33
30858,8630.46
30859,6385.63
30860,6723.35
30861,6853.07
30862,6889.72
30863,5649.21
30864,8176.56
30865,6093.13
30866,7437.22
30867,7489.22
30868,5671.74
30869,7533.77
30870,6493.14
30871,5813.05
30872,7875.63
30873,7039.61
30874,7243.29
30875,7772.86
30876,5985.69
30877,6835.22
30878,7047.35
30879,5924.96
30880,6445.55
30881,6885.51
30882,7950.92
30883,4782.06
30884,5953.65
30885,6994.98
30886,6118.62
30887,5841.43
30888,6864.38
30889,7335.43
30890,5492.04
30891,5657.08
30892,7126.96
30893,6408.16
30894,5554.4
30895,7103.63
30896,6361.65
30897,8646.4
30898,8222.16
30899,8472.38
30900,6607.24
30901,6275.26
30902,7556.59
30903,6199.55
30904,6432.53
30905,7766.61
30906,8429.77
30907,5834.86
30908,8472.38
30909,6267.34
30910,6525.49
30911,5652.13
30912,6259.73
30913,6369.2
30914,5159.85
30915,6806.44
30916,5967.2
30917,6060.52
30918,6789.71
30919,6228.81
30920,6433.6
30921,6542.26
30922,5645.66
30923,6177.58
30924,6513.34
30925,7867.31
30926,7605.93
30927,6548.92
30928,7608.32
30929,5909.71
30930,7738.22
30931,6907.83
30932,6561.48
30933,7386.92
30934,6138.05
30935,8401.99
30936,6484.18
30937,6674.52
30938,7305.12
30939,8401.99
30940,6420.18
30941,5744.23
30942,5434.76
30943,8216.4
30944,7003.92
30945,5500.57
30946,5781.56
30947,6885.51
30948,6809.81
30949,6824.81
30950,6959.32
30951,6879.05
30952,7561.18
30953,6808.7
30954,6511.32
30955,6306.81
30956,6970.74
30957,7878.14
30958,3823.01
30959,8080.28
30960,5312.82
30961,6729.2
30962,5747.37
30963,5977.76
30964,5882.23
30965,6813.9
30966,8212.01
30967,9330.15
30968,7415.16
30969,6309.15
30970,6372.97
30971,6309.75
30972,7632.71
30973,5867.75
30974,5997.36
30975,7392.72
30976,6503.91
30977,4556.87
30978,7686.75
30979,6413.62
30980,6243.69
30981,5903.82
30982,6689.04
30983,6979.41
30984,6208.78
30985,6275.67
30986,6080.06
30987,7167.42
30988,6607.24
30989,6783.42
30990,6901.63
30991,6239.36
30992,7746.56
30993,7656.0
30994,6250.71
30995,6822.41
30996,6920.55
30997,5950.22
30998,7286.94
30999,6415.16
31000,7022.79
31001,5831.99
31002,7511.38
31003,5365.75
31004,8834.28
31005,7885.14
31006,7500.04
31007,7526.99
31008,7087.76
31009,6543.58
31010,17702.99
31011,8313.89
31012,7878.12
31013,4037.97
31014,5788.39
31015,8470.89
31016,6625.72
31017,11818.64
31018,9175.34
31019,6588.13
31020,6114.04
31021,8868.62
31022,6678.79
31023,7595.97
31024,6650.95
31025,7798.6
31026,4559.32
31027,7253.62
31028,6699.65
31029,8168.92
31030,6362.25
31031,7869.35
31032,7586.74
31033,6338.46
31034,5687.57
31035,6827.81
31036,6264.73
31037,5138.48
31038,6579.41
31039,6597.93
31040,6315.55
31041,6446.56
31042,6154.54
31043,6371.4
31044,7238.03
31045,7244.71
31046,7913.44
31047,8003.9
31048,5696.79
31049,6712.11
31050,6716.59
31051,5661.81
31052,5692.8
31053,6371.81
31054,6593.42
31055,6835.56
31056,6889.4
31057,6824.52
31058,5662.33
31059,8421.68
31060,6704.0
31061,6016.45
31062,6417.7
31063,16020.68
31064,6312.9
31065,7949.62
31066,6007.01
31067,6370.01
31068,5820.08
31069,5954.23
31070,6247.15
31071,8473.54
31072,6002.43
31073,12099.08
31074,7569.23
31075,6574.21
31076,6900.57
31077,6835.56
31078,7896.5
31079,8027.6
31080,8360.6
31081,6191.38
31082,7704.09
31083,6434.15
31084,7840.73
31085,6193.71
31086,6987.85
31087,6178.48
31088,5927.44
31089,6638.38
31090,6074.4
31091,7271.52
31092,8047.23
31093,6224.06
31094,6364.33
31095,7626.8
31096,8942.03
31097,6506.5
31098,6330.84
31099,7437.69
31100,6797.33
31101,7582.19
31102,6256.75
31103,6104.79
31104,6448.27
31105,6376.14
31106,8233.57
31107,7976.94
31108,7066.04
31109,6005.93
31110,17210.63
31111,6424.87
31112,6150.98
31113,6793.35
31114,6902.34
31115,7839.0
31116,5850.77
31117,6902.34
31118,7748.96
31119,7096.85
31120,6435.9
31121,8267.86
31122,5645.66
31123,5928.73
31124,6772.67
31125,6819.86
31126,5914.74
31127,6974.05
31128,5720.51
31129,5953.76
31130,6013.3
31131,5936.98
31132,7658.76
31133,6555.97
31134,7177.83
31135,6638.38
31136,7741.55
31137,7955.09
31138,5978.35
31139,5455.11
31140,5911.47
31141,5677.95
31142,7924.48
31143,5969.5
31144,6567.93
31145,7011.03
31146,7673.55
31147,5905.48
31148,7977.96
31149,7561.92
31150,7619.2
31151,7732.94
31152,8575.89
31153,6746.0
31154,6487.77
31155,6314.1
31156,6918.39
31157,5231.12
31158,7385.75
31159,4864.05
31160,8512.74
31161,8509.72
31162,8450.35
31163,6420.49
31164,5986.24
31165,6777.12
31166,8439.38
31167,7804.52
31168,6449.26
31169,6288.89
31170,7037.94
31171,7102.92
31172,5982.11
31173,6973.79
31174,7689.53
31175,8260.45
31176,9123.86
31177,7363.39
31178,11015.38
31179,6323.99
31180,7352.6
31181,6649.13
31182,8608.86
31183,4877.22
31184,5604.41
31185,7610.94
31186,6489.84
31187,6162.04
31188,6026.92
31189,7911.34
31190,5460.94
31191,6671.87
31192,6437.78
31193,5969.5
31194,6077.39
31195,8237.95
31196,5841.4
31197,6169.57
31198,5807.76
31199,7286.71
31200,6466.39
31201,7972.2
31202,5699.3
31203,6356.83
31204,6451.56
31205,6065.96
31206,5966.09
31207,7840.73
31208,6367.76
31209,5757.22
31210,5907.05
31211,6220.27
31212,5642.73
31213,8646.38
31214,6430.79
31215,5394.86
31216,7103.63
31217,6168.27
31218,6385.63
31219,8520.4
31220,7927.66
31221,8054.03
31222,7207.83
31223,7816.67
31224,8013.33
31225,12250.08
31226,7766.86
31227,5700.64
31228,6369.33
31229,6943.14
31230,4802.62
31231,5898.27
31232,6108.85
31233,5977.84
31234,7042.1
31235,5892.57
31236,7405.42
31237,6895.45
31238,6124.43
31239,7966.41
31240,7865.24
31241,5447.11
31242,8048.27
31243,6242.77
31244,6437.53
31245,11200.86
31246,5668.01
31247,7011.03
31248,6390.64
31249,7117.49
31250,16138.73
31251,5088.83
31252,6348.89
31253,6705.81
31254,5720.95
31255,5396.19
31256,6555.97
31257,7525.38
31258,5964.21
31259,6422.75
31260,5852.31
31261,6903.54
31262,4654.72
31263,6835.56
31264,6842.3
31265,7817.49
31266,9326.95
31267,7147.84
31268,6880.58
31269,5662.16
31270,6713.58
31271,16202.03
31272,7567.19
31273,7445.65
31274,6690.15
31275,6233.94
31276,7088.98
31277,6373.1
31278,8577.02
31279,5609.79
31280,5280.39
31281,7944.79
31282,5862.49
31283,6033.27
31284,4751.52
31285,6788.18
31286,6430.27
31287,5841.92
31288,5911.44
31289,6169.66
31290,7826.7
31291,6553.08
31292,7494.69
31293,5812.3
31294,6656.22
31295,6820.84
31296,7865.24
31297,6188.61
31298,7820.03
31299,6131.96
31300,7981.63
31301,7978.72
31302,5192.35
31303,6491.97
31304,6389.03
31305,6171.21
31306,4967.09
31307,6620.37
31308,6692.86
31309,6817.25
31310,7716.17
31311,5966.33
31312,5923.51
31313,6517.97
31314,6812.12
31315,9218.97
31316,6216.64
31317,7945.56
31318,5862.26
31319,7341.68
31320,6430.0
31321,6349.94
31322,4319.29
31323,6500.83
31324,5907.98
31325,6821.61
31326,5776.42
31327,7966.05
31328,6607.09
31329,8047.15
31330,6454.24
31331,5579.74
31332,7761.7
31333,6204.05
31334,6384.05
31335,6344.65
31336,6294.02
31337,6127.11
31338,5802.24
31339,7395.63
31340,6309.61
31341,6400.18
31342,5536.72
31343,6110.8
31344,5949.68
31345,5516.48
31346,8009.15
31347,6742.28
31348,6919.92
31349,6193.44
31350,6710.68
31351,5612.6
31352,6597.63
31353,4943.47
31354,7670.45
31355,7156.27
31356,6623.05
31357,6343.33
31358,5805.32
31359,5871.62
31360,6502.7
31361,6383.31
31362,5756.21
31363,8092.54
31364,5714.62
31365,6069.82
31366,5829.79
31367,9336.47
31368,6295.06
31369,5958.26
31370,6426.77
31371,6740.13
31372,5524.14
31373,7904.06
31374,7076.74
31375,6565.19
31376,6212.19
31377,7627.01
31378,7034.82
31379,6283.63
31380,6365.12
31381,7489.18
31382,6904.07
31383,8388.68
31384,14894.69
31385,6421.71
31386,5677.97
31387,5763.83
31388,7646.08
31389,5851.91
31390,6650.92
31391,7576.39
31392,7619.2
31393,5819.43
31394,6219.67
31395,6176.43
31396,5590.84
31397,6090.67
31398,6027.12
31399,5127.27
31400,6291.12
31401,14054.19
31402,8051.14
31403,8996.76
31404,6074.24
31405,6086.99
31406,7453.55
31407,8098.19
31408,8605.77
31409,7494.69
31410,7675.14
31411,7730.03
31412,11948.3
31413,6786.85
31414,6826.64
31415,6651.95
31416,7073.45
31417,6858.76
31418,6645.07
31419,5148.84
31420,6808.28
31421,4790.52
31422,5776.03
31423,5124.65
31424,6282.7
31425,7879.68
31426,7656.75
31427,6633.22
31428,6675.45
31429,6464.59
31430,5153.25
31431,7871.72
31432,5823.87
31433,7870.68
31434,6711.3
31435,4518.53
31436,6628.36
31437,6200.61
31438,5579.41
31439,6120.86
31440,6518.06
31441,6654.8
31442,6715.06
31443,7446.49
31444,6815.66
31445,6168.67
31446,5145.91
31447,7435.85
31448,5342.89
31449,6980.56
31450,6900.57
31451,6534.69
31452,7788.1
31453,6874.68
31454,4738.86
31455,7946.0
31456,6757.51
31457,8287.04
31458,6357.58
31459,6756.11
31460,5885.78
31461,7486.61
31462,6181.89
31463,12400.5
31464,5960.28
31465,5888.9
31466,6614.44
31467,6626.55
31468,6411.02
31469,7471.83
31470,5972.66
31471,6362.25
31472,4670.04
31473,7003.92
31474,6135.3
31475,6390.64
31476,6055.21
31477,5787.21
31478,7468.5
31479,7861.3
31480,5628.73
31481,6716.88
31482,8809.38
31483,5360.63
31484,7880.67
31485,6440.41
31486,7214.49
31487,6379.43
31488,7576.39
31489,6709.2
31490,6815.73
31491,6002.15
31492,8523.26
31493,6265.86
31494,7849.58
31495,4390.77
31496,7221.14
31497,6346.94
31498,7680.49
31499,6869.01
31500,7690.43
31501,6216.69
31502,6666.84
31503,6270.68
31504,8129.28
31505,6412.62
31506,7571.15
31507,8013.33
31508,6012.05
31509,5592.01
31510,6079.63
31511,8138.29
31512,6811.32
31513,7732.14
31514,6089.14
31515,8464.77
31516,8291.37
31517,6945.85
31518,5790.12
31519,7198.14
31520,7867.31
31521,8124.13
31522,6822.82
31523,5482.58
31524,6145.62
31525,8551.14
31526,7087.76
31527,6579.4
31528,5658.02
31529,6500.11
31530,5657.41
31531,5780.41
31532,6400.32
31533,6887.43
31534,6084.76
31535,7913.34
31536,6937.19
31537,6623.97
31538,6939.25
31539,6452.72
31540,8688.29
31541,6811.62
31542,6125.17
31543,6407.9
31544,6576.09
31545,5809.48
31546,6638.38
31547,7329.66
31548,8041.45
31549,7730.4
31550,5860.57
31551,5795.71
31552,7093.99
31553,6791.19
31554,5892.55
31555,7620.1
31556,5296.58
31557,5776.66
31558,5961.19
31559,6380.77
31560,7495.03
31561,6635.19
31562,8453.37
31563,7503.33
31564,8087.74
31565,6681.85
31566,6444.8
31567,4419.69
31568,7106.68
31569,6300.18
31570,6301.35
31571,6973.79
31572,4674.35
31573,6536.66
31574,6002.27
31575,6115.65
31576,6105.34
31577,5136.41
31578,7289.76
31579,5745.22
31580,6531.8
31581,6412.5
31582,5818.7
31583,6300.19
31584,4996.42
31585,6437.7
31586,5955.13
31587,5949.47
31588,7205.23
31589,7690.14
31590,5102.48
31591,5915.7
31592,6515.1
31593,6643.19
31594,6868.09
31595,5091.93
31596,9303.66
31597,6080.76
31598,5655.71
31599,6268.41
31600,8804.96
31601,7940.8
31602,7796.95
31603,5949.1
31604,6282.78
31605,9035.98
31606,5780.86
31607,6161.48
31608,6234.86
31609,6724.06
31610,6972.94
31611,8386.22
31612,6243.27
31613,6035.2
31614,6230.92
31615,5712.25
31616,8656.63
31617,6055.31
31618,6026.92
31619,4526.96
31620,6009.18
31621,6506.65
31622,6619.85
31623,6741.01
31624,6722.6
31625,6672.93
31626,7820.51
31627,8237.98
31628,7999.94
31629,6674.65
31630,7658.76
31631,5613.61
31632,7706.53
31633,8360.98
31634,5879.0
31635,6912.7
31636,7545.42
31637,6671.87
31638,7724.12
31639,5753.34
31640,6709.42
31641,6128.5
31642,7819.13
31643,5448.73
31644,5918.53
31645,6987.85
31646,6430.49
31647,6484.18
31648,6620.86
31649,5791.89
31650,7860.62
31651,6106.88
31652,6744.9
31653,7776.54
31654,9942.0
31655,5909.25
31656,6100.95
31657,9263.27
31658,8949.65
31659,5232.1
31660,7716.78
31661,5717.68
31662,6289.46
31663,5305.56
31664,6371.93
31665,7012.2
31666,5862.26
31667,5926.98
31668,5962.36
31669,8975.11
31670,7838.21
31671,17917.58
31672,6672.93
31673,7113.06
31674,6504.94
31675,8890.7
31676,7361.05
31677,8222.47
31678,6364.43
31679,6628.18
31680,6520.9
31681,6129.49
31682,5676.59
31683,6177.7
31684,7926.49
31685,7102.34
31686,5886.28
31687,5674.17
31688,5385.41
31689,6482.31
31690,7698.04
31691,7854.9
31692,7639.91
31693,8374.91
31694,6018.66
31695,7056.58
31696,6415.48
31697,10036.6
31698,7034.69
31699,6760.96
31700,6265.92
31701,5007.45
31702,6792.91
31703,6158.75
31704,7497.94
31705,6104.17
31706,6633.23
31707,5730.0
31708,7199.78
31709,6080.61
31710,7031.86
31711,6787.73
31712,6677.09
31713,6392.92
31714,8540.82
31715,6398.23
31716,6729.95
31717,6367.24
31718,6883.84
31719,5611.53
31720,8338.27
31721,6063.79
31722,7349.84
31723,6944.12
31724,5620.91
31725,7398.11
31726,6547.86
31727,5795.23
31728,7841.3
31729,6963.79
31730,6951.82
31731,7798.27
31732,6038.93
31733,6890.54
31734,7084.49
31735,5907.14
31736,6500.27
31737,6867.01
31738,7949.25
31739,4709.14
31740,5935.83
31741,7023.98
31742,6089.82
31743,5891.91
31744,6918.94
31745,7233.85
31746,5616.9
31747,5606.25
31748,7164.11
31749,6447.64
31750,5511.96
31751,7096.46
31752,6438.67
31753,8644.24
31754,7977.74
31755,8401.2
31756,6606.08
31757,6371.44
31758,7399.47
31759,6212.14
31760,6443.05
31761,7504.23
31762,8497.67
31763,5831.36
31764,8401.2
31765,6349.32
31766,6049.86
31767,5586.87
31768,6299.21
31769,6351.38
31770,5159.85
31771,6855.53
31772,6006.68
31773,6018.02
31774,6850.38
31775,6188.09
31776,6420.53
31777,6559.02
31778,5594.83
31779,6212.36
31780,6507.46
31781,7788.34
31782,7604.46
31783,6877.04
31784,7411.71
31785,5906.22
31786,7362.62
31787,6929.96
31788,6500.64
31789,7233.56
31790,6105.52
31791,8363.0
31792,6549.76
31793,6651.09
31794,7157.02
31795,8363.0
31796,6432.77
31797,5678.96
31798,5416.94
31799,7728.79
31800,7097.99
31801,5278.85
31802,5674.59
31803,6867.01
31804,6780.76
31805,6806.99
31806,6805.01
31807,6856.89
31808,7296.11
31809,6838.8
31810,6493.5
31811,6346.29
31812,7064.8
31813,7643.83
31814,3776.62
31815,8192.99
31816,5286.54
31817,6659.71
31818,5682.1
31819,5937.04
31820,5935.48
31821,6950.44
31822,8262.53
31823,9149.15
31824,7327.95
31825,6321.75
31826,6437.53
31827,6187.35
31828,7425.43
31829,5849.92
31830,6424.4
31831,7565.56
31832,6510.51
31833,4556.87
31834,7488.89
31835,6444.48
31836,6084.52
31837,5904.35
31838,6629.13
31839,6757.7
31840,6186.7
31841,6383.83
31842,6082.16
31843,6890.5
31844,6606.08
31845,6919.96
31846,6883.13
31847,6586.79
31848,7777.76
31849,7402.81
31850,6351.78
31851,6935.15
31852,6942.47
31853,5932.4
31854,7460.12
31855,6054.24
31856,6718.5
31857,5802.65
31858,7486.21
31859,5233.74
31860,8782.26
31861,7834.97
31862,7205.71
31863,7112.95
31864,6773.51
31865,6501.09
31866,17384.2
31867,8508.68
31868,6870.91
31869,4037.97
31870,5681.75
31871,7726.76
31872,6607.9
31873,12051.77
31874,8932.3
31875,6604.9
31876,6096.21
31877,8734.47
31878,6820.37
31879,7576.89
31880,6633.13
31881,7772.73
31882,4549.21
31883,7275.5
31884,6765.23
31885,7978.37
31886,6401.73
31887,7900.55
31888,7314.31
31889,6320.64
31890,5622.3
31891,6883.13
31892,6264.97
31893,5112.2
31894,6595.45
31895,6551.48
31896,6304.37
31897,6396.89
31898,6136.72
31899,6434.38
31900,7304.35
31901,6895.44
31902,7851.71
31903,7842.96
31904,5750.04
31905,6711.27
31906,6748.54
31907,5610.98
31908,5674.98
31909,6273.97
31910,6351.43
31911,6848.91
31912,6835.03
31913,6865.06
31914,5612.51
31915,8350.51
31916,6816.12
31917,6012.95
31918,6491.4
31919,15844.2
31920,6402.31
31921,6602.89
31922,6006.71
31923,6327.22
31924,5697.48
31925,6280.4
31926,6225.07
31927,8219.01
31928,6067.64
31929,12167.54
31930,7536.54
31931,6639.79
31932,6920.31
31933,6834.66
31934,7814.86
31935,7620.39
31936,8378.03
31937,6003.37
31938,7389.01
31939,6385.59
31940,7814.86
31941,6206.31
31942,6970.03
31943,6149.14
31944,6008.78
31945,6637.21
31946,6079.75
31947,6882.29
31948,7947.76
31949,6313.47
31950,6338.95
31951,7430.96
31952,8940.2
31953,6499.34
31954,6302.04
31955,7442.91
31956,6874.57
31957,7329.01
31958,6101.74
31959,6205.85
31960,6449.32
31961,6374.97
31962,7960.03
31963,8150.72
31964,7142.71
31965,6078.53
31966,16959.2
31967,6440.9
31968,6226.66
31969,6702.63
31970,6883.84
31971,7804.46
31972,5858.62
31973,6883.84
31974,7379.83
31975,7133.99
31976,6467.11
31977,7533.3
31978,5594.83
31979,5910.91
31980,6860.37
31981,6822.86
31982,5738.93
31983,7039.63
31984,5702.69
31985,5899.6
31986,6054.07
31987,5934.03
31988,7453.85
31989,6595.45
31990,7123.46
31991,6637.21
31992,7467.54
31993,7794.15
31994,6416.07
31995,5385.33
31996,5496.45
31997,5709.46
31998,7925.82
31999,6158.75
32000,6177.67
32001,6798.77
32002,7577.84
32003,5901.99
32004,8030.22
32005,7256.15
32006,7430.96
32007,7981.62
32008,8418.53
32009,6728.18
32010,6509.49
32011,6271.6
32012,6922.07
32013,5231.12
32014,7032.12
32015,4827.82
32016,8510.89
32017,8158.71
32018,8270.09
32019,6381.73
32020,5968.42
32021,6837.8
32022,8402.47
32023,7390.55
32024,6449.26
32025,6287.73
32026,6883.63
32027,7203.31
32028,6035.35
32029,6951.63
32030,7440.96
32031,8198.41
32032,9051.6
32033,7293.89
32034,10993.57
32035,6281.49
32036,7253.63
32037,6481.63
32038,8318.62
32039,4877.22
32040,5566.72
32041,7344.91
32042,6529.32
32043,6133.3
32044,6080.16
32045,7836.11
32046,5460.94
32047,6711.35
32048,6397.05
32049,6158.75
32050,6034.9
32051,8193.98
32052,5815.11
32053,6126.72
32054,5820.36
32055,7210.26
32056,6428.79
32057,7894.76
32058,5673.02
32059,6096.74
32060,6878.05
32061,6634.94
32062,5948.27
32063,7814.86
32064,6387.36
32065,5716.98
32066,5891.94
32067,6567.7
32068,5583.13
32069,8648.03
32070,6446.52
32071,5344.03
32072,7096.46
32073,6138.93
32074,6398.23
32075,8430.76
32076,7469.31
32077,8367.92
32078,6933.17
32079,7737.71
32080,7928.97
32081,12241.58
32082,7752.84
32083,5618.16
32084,6305.68
32085,7791.94
32086,4802.62
32087,6013.96
32088,6108.85
32089,6018.61
32090,6833.67
32091,5874.75
32092,7070.36
32093,7710.24
32094,6137.02
32095,7628.87
32096,8066.41
32097,5438.67
32098,8220.26
32099,6224.95
32100,6408.73
32101,11200.86
32102,5627.29
32103,6798.77
32104,6410.24
32105,7208.76
32106,16237.52
32107,5075.15
32108,6637.21
32109,6705.81
32110,5703.13
32111,5279.57
32112,6595.45
32113,7357.33
32114,5908.78
32115,6746.73
32116,5811.59
32117,6942.47
32118,4654.72
32119,6834.66
32120,6818.88
32121,8002.15
32122,9326.95
32123,7339.62
32124,6761.72
32125,5596.9
32126,6713.52
32127,15749.54
32128,7120.83
32129,7092.96
32130,6658.79
32131,6287.19
32132,7102.33
32133,6330.53
32134,8441.59
32135,5576.59
32136,5280.39
32137,8019.14
32138,5862.19
32139,6015.45
32140,4751.52
32141,6729.13
32142,6400.93
32143,5946.36
32144,5893.61
32145,6222.91
32146,7855.75
32147,7000.01
32148,7310.6
32149,5747.03
32150,6655.06
32151,6630.21
32152,8066.41
32153,6344.61
32154,7835.18
32155,5980.21
32156,7725.08
32157,8179.89
32158,5192.35
32159,6531.45
32160,6387.56
32161,6141.87
32162,4967.09
32163,6685.95
32164,6730.0
32165,6915.17
32166,7478.26
32167,6452.02
32168,5858.25
32169,6574.66
32170,6773.36
32171,9227.56
32172,6285.78
32173,7885.15
32174,5821.54
32175,6988.04
32176,6453.19
32177,6431.3
32178,4319.29
32179,6165.12
32180,6069.11
32181,6686.79
32182,5711.15
32183,7934.71
32184,6589.07
32185,7944.89
32186,6470.63
32187,5528.91
32188,7675.08
32189,6203.75
32190,6343.33
32191,6357.51
32192,6359.6
32193,6043.7
32194,5819.94
32195,7466.93
32196,6283.22
32197,6404.92
32198,5547.48
32199,6062.65
32200,5990.45
32201,5502.8
32202,7950.59
32203,6779.42
32204,6660.03
32205,6544.59
32206,6534.16
32207,5586.31
32208,6652.72
32209,4917.12
32210,7602.67
32211,6892.47
32212,6613.23
32213,6321.26
32214,5764.6
32215,5853.8
32216,6219.68
32217,6498.9
32218,5755.91
32219,8124.83
32220,5632.14
32221,6069.52
32222,5811.97
32223,8929.88
32224,6283.83
32225,5954.76
32226,5345.49
32227,6853.77
32228,5486.46
32229,8011.08
32230,7103.85
32231,6481.63
32232,6301.59
32233,7422.49
32234,6738.66
32235,6285.07
32236,6335.78
32237,7202.7
32238,6921.43
32239,8351.77
32240,14882.3
32241,6324.74
32242,5627.14
32243,5745.15
32244,7462.44
32245,5905.15
32246,6581.42
32247,7392.3
32248,7430.96
32249,5778.71
32250,6272.92
32251,5846.1
32252,5573.02
32253,6061.33
32254,6131.55
32255,5144.37
32256,6368.34
32257,14102.43
32258,7940.71
32259,9097.65
32260,6127.87
32261,6126.47
32262,7040.01
32263,8094.06
32264,8658.03
32265,7310.6
32266,7568.51
32267,7833.81
32268,11959.67
32269,6795.07
32270,6906.73
32271,6551.79
32272,6988.04
32273,6821.24
32274,6657.67
32275,5016.39
32276,6841.94
32277,4790.52
32278,5704.69
32279,5110.97
32280,6548.2
32281,7871.89
32282,7382.13
32283,6614.38
32284,6273.61
32285,6437.43
32286,5078.71
32287,7903.13
32288,5783.15
32289,8013.45
32290,6594.97
32291,4544.06
32292,6645.8
32293,6145.18
32294,5528.58
32295,6120.56
32296,6522.38
32297,6653.33
32298,6765.59
32299,7138.85
32300,6995.8
32301,6282.04
32302,5145.91
32303,7193.85
32304,5316.61
32305,6938.88
32306,6969.29
32307,6589.78
32308,7549.73
32309,7021.28
32310,4738.86
32311,7944.89
32312,6629.58
32313,8357.58
32314,6315.09
32315,6830.41
32316,5864.41
32317,7288.3
32318,6248.29
32319,12400.5
32320,5969.29
32321,5626.69
32322,7384.12
32323,6290.57
32324,6442.28
32325,7398.11
32326,5758.67
32327,6401.73
32328,4670.04
32329,7097.99
32330,6117.48
32331,6410.24
32332,6016.45
32333,5769.39
32334,7443.74
32335,7554.63
32336,5547.83
32337,6743.99
32338,8603.24
32339,5360.63
32340,7860.86
32341,6411.07
32342,6903.77
32343,6453.73
32344,7392.3
32345,7076.23
32346,6871.06
32347,5988.7
32348,8486.34
32349,6233.33
32350,7765.22
32351,4365.63
32352,7110.32
32353,6304.37
32354,7478.26
32355,6974.68
32356,7609.94
32357,6187.35
32358,6653.38
32359,6252.86
32360,6940.79
32361,6364.06
32362,7187.86
32363,7928.97
32364,6267.41
32365,5554.33
32366,6061.81
32367,7991.07
32368,6803.7
32369,7423.61
32370,6153.74
32371,8283.88
32372,8236.76
32373,6854.9
32374,5749.39
32375,7304.61
32376,7788.34
32377,7847.0
32378,6858.96
32379,5431.75
32380,6210.22
32381,8253.98
32382,7193.28
32383,6561.58
32384,5658.02
32385,6480.14
32386,5764.43
32387,5780.41
32388,6401.37
32389,6950.44
32390,6267.75
32391,7791.51
32392,6677.3
32393,6640.74
32394,6921.43
32395,7136.62
32396,8569.48
32397,6877.24
32398,6092.64
32399,6427.51
32400,6614.7
32401,5768.76
32402,6637.21
32403,7152.43
32404,7824.55
32405,7478.96
32406,5842.74
32407,5795.71
32408,7079.42
32409,6818.53
32410,6053.68
32411,7366.92
32412,5316.35
32413,5860.7
32414,5862.38
32415,6351.43
32416,7319.25
32417,6365.81
32418,8436.92
32419,7503.33
32420,8167.38
32421,7072.25
32422,6396.65
32423,4419.69
32424,6054.65
32425,6263.18
32426,6893.12
32427,6951.63
32428,4674.35
32429,6517.81
32430,6018.66
32431,6086.99
32432,6144.61
32433,5122.73
32434,7169.73
32435,5679.96
32436,6504.23
32437,6369.71
32438,5831.64
32439,6312.79
32440,4996.42
32441,6450.55
32442,5954.41
32443,5988.95
32444,7304.25
32445,7519.6
32446,5102.48
32447,5936.5
32448,6624.64
32449,6966.0
32450,6901.75
32451,5078.25
32452,8897.08
32453,6093.36
32454,5518.43
32455,6284.14
32456,8833.24
32457,7781.84
32458,7801.98
32459,6165.78
32460,6201.78
32461,8816.2
32462,5683.58
32463,6153.25
32464,6493.22
32465,6724.06
32466,6949.51
32467,7642.09
32468,6458.94
32469,6005.59
32470,6117.48
32471,5823.15
32472,8566.99
32473,5941.86
32474,6080.16
32475,4526.96
32476,5984.27
32477,6475.3
32478,7336.84
32479,6858.13
32480,6782.18
32481,6671.76
32482,7611.48
32483,7872.02
32484,7837.57
32485,7410.94
32486,7453.85
32487,5668.69
32488,7728.87
32489,8090.3
32490,5813.73
32491,6890.54
32492,7172.85
32493,6711.35
32494,7724.06
32495,5753.34
32496,7091.81
32497,6878.68
32498,7180.41
32499,5463.85
32500,5959.3
32501,6970.03
32502,6412.67
32503,6549.76
32504,6571.19
32505,5854.77
32506,7847.75
32507,6283.62
32508,6770.29
32509,7768.76
32510,9878.08
32511,5905.76
32512,6645.42
32513,9244.98
32514,8694.04
32515,5174.39
32516,7494.46
32517,5717.68
32518,6390.52
32519,5268.45
32520,5573.9
32521,7018.8
32522,5821.54
32523,5917.26
32524,5903.56
32525,8965.36
32526,7777.4
32527,17917.58
32528,6671.76
32529,7156.39
32530,6445.31
32531,8907.23
32532,7352.17
32533,8225.65
32534,6390.15
32535,6646.32
32536,6520.9
32537,6138.51
32538,5676.59
32539,6177.7
32540,7926.49
32541,7120.88
32542,5863.98
32543,5674.17
32544,5385.41
32545,6515.79
32546,7698.04
32547,7862.43
32548,7854.89
32549,8357.74
32550,6005.32
32551,7073.11
32552,6388.73
32553,10108.84
32554,7034.69
32555,6760.96
32556,6328.04
32557,5155.86
32558,6810.26
32559,6158.75
32560,7445.66
32561,6144.5
32562,6680.33
32563,5720.5
32564,7180.41
32565,6106.33
32566,7031.86
32567,6821.21
32568,6695.23
32569,6411.06
32570,8575.82
32571,6416.37
32572,6729.95
32573,6361.42
32574,6856.24
32575,5629.39
32576,8338.27
32577,6128.93
32578,7349.83
32579,6878.46
32580,5620.91
32581,7364.33
32582,6556.56
32583,5796.21
32584,7880.95
32585,6917.04
32586,6986.82
32587,7798.27
32588,6038.93
32589,6862.94
32590,7108.3
32591,5908.12
32592,6473.8
32593,6839.41
32594,7984.26
32595,4680.35
32596,5936.82
32597,6994.18
32598,6095.66
32599,5943.43
32600,6827.6
32601,7233.85
32602,5616.9
32603,5606.25
32604,7187.91
32605,6481.75
32606,5527.99
32607,7115.01
32608,6464.39
32609,8627.06
32610,7994.27
32611,8417.74
32612,6624.62
32613,6397.16
32614,7399.47
32615,6212.14
32616,6468.77
32617,7520.76
32618,8514.27
32619,5809.06
32620,8417.74
32621,6385.45
32622,6100.33
32623,5577.37
32624,6333.32
32625,6352.37
32626,5159.85
32627,6887.7
32628,6006.68
32629,6083.16
32630,6865.95
32631,6210.5
32632,6402.52
32633,6559.02
32634,5594.83
32635,6248.49
32636,6540.95
32637,7788.34
32638,7546.37
32639,6877.04
32640,7377.94
32641,5883.92
32642,7362.62
32643,6902.36
32644,6425.46
32645,7233.56
32646,6096.4
32647,8363.0
32648,6568.3
32649,6698.19
32650,7157.02
32651,8363.0
32652,6450.92
32653,5678.96
32654,5390.19
32655,7652.34
32656,7085.31
32657,5250.07
32658,5674.59
32659,6839.41
32660,6810.47
32661,6771.25
32662,6848.34
32663,6829.29
32664,7348.68
32665,6872.28
32666,6502.55
32667,6346.29
32668,7052.13
32669,7610.05
32670,3825.5
32671,8192.99
32672,5286.54
32673,6725.36
32674,5682.1
32675,5937.04
32676,5935.48
32677,6936.97
32678,8262.53
32679,9189.49
32680,7360.12
32681,6321.75
32682,6473.66
32683,6146.15
32684,7425.43
32685,5826.69
32686,6424.4
32687,7664.5
32688,6528.65
32689,4528.08
32690,7488.89
32691,6462.62
32692,6101.49
32693,5957.3
32694,6646.48
32695,6810.44
32696,6186.7
32697,6409.55
32698,6107.88
32699,6925.51
32700,6624.62
32701,6906.49
32702,6855.53
32703,6605.33
32704,7777.76
32705,7437.82
32706,6351.78
32707,6907.55
32708,6966.28
32709,5927.9
32710,7466.14
32711,6103.15
32712,6758.29
32713,5867.79
32714,7504.25
32715,5204.95
32716,8824.47
32717,7867.14
32718,7146.21
32719,7112.95
32720,6808.52
32721,6551.56
32722,17384.2
32723,8508.68
32724,6805.25
32725,4009.18
32726,5699.61
32727,7601.6
32728,6581.43
32729,12087.54
32730,9193.18
32731,6623.04
32732,6069.46
32733,8734.47
32734,6830.04
32735,7695.65
32736,6555.77
32737,7772.73
32738,4549.21
32739,7299.71
32740,6783.77
32741,7978.37
32742,6435.84
32743,7918.69
32744,7330.84
32745,6321.63
32746,5612.8
32747,6855.53
32748,6270.81
32749,5112.2
32750,6628.93
32751,6633.61
32752,6340.5
32753,6361.29
32754,6088.96
32755,6460.1
32756,7319.28
32757,6911.97
32758,7792.2
32759,7913.44
32760,5765.6
32761,6651.63
32762,6758.22
32763,5610.98
32764,5670.48
32765,6273.97
32766,6365.31
32767,6883.02
32768,6874.82
32769,6879.98
32770,5585.75
32771,8367.04
32772,6831.05
32773,6003.83
32774,6509.54
32775,16127.85
32776,6420.45
32777,6602.89
32778,6020.59
32779,6363.34
32780,5697.48
32781,6280.4
32782,6225.07
32783,8219.01
32784,6067.64
32785,12193.86
32786,7577.39
32787,6639.79
32788,6954.42
32789,6868.77
32790,7814.86
32791,7575.36
32792,8378.03
32793,5962.17
32794,7369.65
32795,6415.29
32796,7814.86
32797,6224.45
32798,6878.69
32799,6152.89
32800,6004.28
32801,6655.76
32802,6079.75
32803,6931.22
32804,7982.77
32805,6313.47
32806,6375.08
32807,7397.19
32808,9670.47
32809,6517.88
32810,6318.02
32811,7459.44
32812,6874.57
32813,7364.01
32814,6180.1
32815,6221.42
32816,6449.32
32817,6393.52
32818,7900.53
32819,8183.85
32820,7166.51
32821,6079.52
32822,16976.99
32823,6474.38
32824,6244.8
32825,6688.75
32826,6856.24
32827,7820.99
32828,5829.83
32829,6856.24
32830,7379.83
32831,7157.8
32832,6492.83
32833,7408.14
32834,5594.83
32835,5906.41
32836,6870.04
32837,6822.86
32838,5738.93
32839,7039.63
32840,5679.46
32841,5890.11
32842,6054.07
32843,5993.05
32844,7420.07
32845,6613.99
32846,7194.03
32847,6655.76
32848,7433.77
32849,7829.15
32850,6416.07
32851,5356.55
32852,5453.85
32853,5745.46
32854,7925.82
32855,6158.75
32856,6217.33
32857,6752.01
32858,7452.67
32859,5892.87
32860,8030.22
32861,7256.15
32862,7397.19
32863,8070.84
32864,8435.06
32865,6692.44
32866,6481.9
32867,6322.07
32868,6945.87
32869,5231.12
32870,6985.37
32871,4799.03
32872,8589.92
32873,8158.71
32874,8210.58
32875,6446.87
32876,5969.4
32877,6871.51
32878,8402.47
32879,7407.08
32880,6448.15
32881,6306.27
32882,6926.95
32883,7212.08
32884,6069.06
32885,6970.04
32886,7440.96
32887,8198.41
32888,9051.6
32889,7310.43
32890,11188.19
32891,6356.77
32892,7270.16
32893,6434.87
32894,8288.81
32895,4848.43
32896,5584.59
32897,7361.44
32898,6547.86
32899,6134.29
32900,6113.87
32901,7871.12
32902,5432.15
32903,6729.89
32904,6419.46
32905,6158.75
32906,6100.04
32907,8254.87
32908,5815.11
32909,6126.72
32910,5820.36
32911,7226.86
32912,6393.19
32913,7894.76
32914,5673.02
32915,6119.15
32916,6878.05
32917,6634.94
32918,5921.52
32919,7814.86
32920,6413.08
32921,5656.19
32922,5910.08
32923,6586.24
32924,5580.07
32925,8648.03
32926,6464.66
32927,5361.89
32928,7115.01
32929,6097.72
32930,6416.37
32931,8465.76
32932,7469.31
32933,8367.92
32934,6949.7
32935,7737.71
32936,7928.97
32937,12241.58
32938,7752.84
32939,5608.66
32940,6331.4
32941,7791.94
32942,4773.83
32943,6039.67
32944,6080.07
32945,6018.61
32946,6886.25
32947,5870.25
32948,7102.53
32949,7710.24
32950,6137.02
32951,7628.87
32952,8066.41
32953,5423.16
32954,8304.46
32955,6198.2
32956,6399.61
32957,11200.86
32958,5617.79
32959,6752.01
32960,6435.96
32961,7232.56
32962,16131.51
32963,5046.36
32964,6655.76
32965,6722.27
32966,5676.38
32967,5279.57
32968,6613.99
32969,7327.53
32970,5886.47
32971,6746.73
32972,5811.59
32973,6966.28
32974,4625.94
32975,6868.77
32976,6865.97
32977,8002.15
32978,9347.9
32979,7349.29
32980,6714.96
32981,5587.4
32982,6787.29
32983,15946.71
32984,7120.83
32985,7092.96
32986,6658.79
32987,6287.19
32988,7120.87
32989,6366.66
32990,8441.59
32991,5592.63
32992,5270.78
32993,8019.14
32994,5946.06
32995,6016.43
32996,4722.74
32997,6776.23
32998,6448.71
32999,6053.58
33000,5870.38
33001,6256.62
33002,7957.25
33003,7018.15
33004,7310.6
33005,5747.03
33006,6673.6
33007,6641.01
33008,8066.41
33009,6317.86
33010,7851.71
33011,5980.21
33012,7725.08
33013,8196.49
33014,5163.56
33015,6549.99
33016,6413.28
33017,6189.65
33018,4967.09
33019,6704.49
33020,6744.93
33021,6975.71
33022,7444.48
33023,6452.02
33024,5858.25
33025,6646.67
33026,6813.69
33027,9256.52
33028,6417.36
33029,7901.68
33030,5821.54
33031,6941.29
33032,6471.33
33033,6449.45
33034,4290.5
33035,6106.5
33036,6069.11
33037,6748.9
33038,5711.15
33039,8018.91
33040,6641.51
33041,7944.89
33042,6504.71
33043,5546.78
33044,7691.61
33045,6131.56
33046,6344.32
33047,6373.07
33048,6378.14
33049,6044.68
33050,5820.92
33051,7529.95
33052,6313.89
33053,6414.41
33054,5600.43
33055,6062.65
33056,5990.45
33057,5474.01
33058,7916.81
33059,6794.35
33060,6613.27
33061,6563.13
33062,6544.97
33063,5586.31
33064,6670.86
33065,4888.34
33066,7655.25
33067,6959.56
33068,6630.58
33069,6321.26
33070,5755.1
33071,5830.56
33072,6230.49
33073,6472.15
33074,5839.79
33075,8124.83
33076,5622.64
33077,5997.33
33078,5785.22
33079,8804.72
33080,6283.83
33081,5964.25
33082,5355.17
33083,6863.45
33084,5504.32
33085,8011.08
33086,7122.0
33087,6434.87
33088,6301.59
33089,7388.71
33090,6755.19
33091,6310.79
33092,6263.59
33093,7219.23
33094,6844.07
33095,8351.77
33096,14692.41
33097,6310.86
33098,5627.14
33099,5753.14
33100,7428.66
33101,5905.15
33102,6647.08
33103,7392.3
33104,7397.19
33105,5778.71
33106,6272.92
33107,5823.8
33108,5546.27
33109,6065.08
33110,6238.77
33111,5115.58
33112,6386.48
33113,14064.59
33114,7940.71
33115,9097.65
33116,6135.86
33117,6126.47
33118,7040.01
33119,8070.06
33120,8658.03
33121,7310.6
33122,7568.51
33123,7850.34
33124,11952.76
33125,6813.09
33126,6931.7
33127,6595.88
33128,6941.29
33129,6878.2
33130,6657.67
33131,5016.39
33132,6841.94
33133,4761.73
33134,5722.55
33135,5082.18
33136,6548.2
33137,7871.89
33138,7382.13
33139,6766.63
33140,6211.56
33141,6470.91
33142,5078.71
33143,7919.66
33144,5784.14
33145,8013.45
33146,6689.26
33147,4543.51
33148,6645.8
33149,6165.72
33150,5528.58
33151,6079.35
33152,6522.38
33153,6679.05
33154,6826.13
33155,7173.86
33156,6994.29
33157,6318.17
33158,5117.12
33159,7193.85
33160,5316.61
33161,6995.84
33162,7003.39
33163,6589.78
33164,7566.26
33165,6983.45
33166,4710.08
33167,7944.89
33168,6582.83
33169,8422.68
33170,6390.36
33171,6830.41
33172,5837.66
33173,7358.79
33174,6274.01
33175,12400.5
33176,5970.27
33177,5691.83
33178,7384.12
33179,6249.67
33180,6442.28
33181,7364.33
33182,5759.59
33183,6435.84
33184,4670.04
33185,7085.31
33186,6090.73
33187,6435.96
33188,6081.59
33189,5742.64
33190,7443.74
33191,7554.63
33192,5547.83
33193,6743.99
33194,8619.78
33195,5331.85
33196,7827.08
33197,6424.96
33198,6920.3
33199,6453.73
33200,7392.3
33201,7094.38
33202,6843.46
33203,6082.71
33204,8486.34
33205,6221.16
33206,7765.22
33207,4361.26
33208,7105.91
33209,6340.5
33210,7444.48
33211,7032.21
33212,7609.94
33213,6146.15
33214,6693.71
33215,6226.11
33216,6973.22
33217,6393.76
33218,7142.84
33219,7928.97
33220,6641.51
33221,5572.19
33222,6035.06
33223,8026.07
33224,6842.41
33225,7458.61
33226,6171.88
33227,8353.36
33228,8220.37
33229,6813.55
33230,5750.38
33231,7338.72
33232,7788.34
33233,7847.0
33234,6812.21
33235,5449.62
33236,6228.36
33237,8237.59
33238,7299.53
33239,6562.56
33240,5629.23
33241,6542.25
33242,5759.93
33243,5780.41
33244,6401.37
33245,6936.97
33246,6267.75
33247,7826.51
33248,6630.54
33249,6674.45
33250,6844.07
33251,7155.17
33252,8586.01
33253,6956.47
33254,6070.34
33255,6453.23
33256,6667.14
33257,5768.76
33258,6655.76
33259,7152.43
33260,7856.72
33261,7495.49
33262,5843.73
33263,5766.92
33264,7151.14
33265,6879.07
33266,6053.68
33267,7401.92
33268,5287.56
33269,5876.27
33270,5863.36
33271,6365.31
33272,7319.25
33273,6319.05
33274,8417.02
33275,7503.33
33276,8232.48
33277,7090.39
33278,6396.65
33279,4390.9
33280,6065.6
33281,6324.17
33282,6911.67
33283,6970.04
33284,4645.56
33285,6599.94
33286,6005.32
33287,6086.99
33288,6144.61
33289,5093.94
33290,7165.32
33291,5679.96
33292,6476.63
33293,6405.84
33294,5832.63
33295,6312.79
33296,4967.63
33297,6466.12
33298,5980.76
33299,5988.95
33300,7403.19
33301,7536.13
33302,5058.62
33303,5959.03
33304,6624.64
33305,6984.14
33306,6901.75
33307,5049.46
33308,8771.91
33309,6093.36
33310,5518.43
33311,6302.28
33312,8914.7
33313,7842.73
33314,7821.7
33315,6245.01
33316,6215.36
33317,8756.7
33318,5736.52
33319,6286.46
33320,6511.77
33321,6740.53
33322,6996.61
33323,7501.26
33324,6432.19
33325,5996.09
33326,6090.73
33327,5886.62
33328,8601.99
33329,5915.11
33330,6113.87
33331,4509.17
33332,6002.41
33333,6439.7
33334,7355.38
33335,6867.8
33336,6800.73
33337,6690.3
33338,7628.01
33339,7746.85
33340,7869.74
33341,7429.48
33342,7420.07
33343,5735.77
33344,7728.87
33345,8130.09
33346,5813.73
33347,6862.94
33348,7172.85
33349,6729.89
33350,7703.42
33351,5724.55
33352,7109.95
33353,6912.79
33354,7041.98
33355,5437.1
33356,5959.3
33357,6878.69
33358,6413.65
33359,6568.3
33360,6588.53
33361,5898.29
33362,7864.28
33363,6256.87
33364,6803.77
33365,7768.76
33366,9837.01
33367,5883.45
33368,6645.42
33369,9254.85
33370,8634.53
33371,5174.39
33372,7510.99
33373,5688.89
33374,6390.52
33375,5315.13
33376,5573.9
33377,7036.94
33378,5821.54
33379,5957.59
33380,5919.25
33381,8968.55
33382,7777.4
33383,17917.58
33384,6690.3
33385,0.0
33386,0.0
33387,0.0
33388,0.0
33389,0.0
33390,0.0
33391,0.0
33392,0.0
33393,0.0
33394,0.0
33395,0.0
33396,0.0
33397,0.0
33398,0.0
33399,0.0
33400,0.0
33401,0.0
33402,0.0
33403,0.0
33404,0.0
33405,0.0
33406,0.0
33407,0.0
33408,0.0
33409,0.0
33410,0.0
33411,0.0
33412,0.0
33413,0.0
33414,0.0
33415,0.0
33416,0.0
33417,0.0
33418,0.0
33419,0.0
33420,0.0
33421,0.0
33422,0.0
33423,0.0
33424,0.0
33425,0.0
33426,0.0
33427,0.0
33428,0.0
33429,0.0
33430,0.0
33431,0.0
33432,0.0
33433,0.0
33434,0.0
33435,0.0
33436,0.0
33437,0.0
33438,0.0
33439,0.0
33440,0.0
33441,0.0
33442,0.0
33443,0.0
33444,0.0
33445,0.0
33446,0.0
33447,0.0
33448,0.0
33449,0.0
33450,0.0
33451,0.0
33452,0.0
33453,0.0
33454,0.0
33455,0.0
33456,0.0
33457,0.0
33458,0.0
33459,0.0
33460,0.0
33461,0.0
33462,0.0
33463,0.0
33464,0.0
33465,0.0
33466,0.0
33467,0.0
33468,0.0
33469,0.0
33470,0.0
33471,0.0
33472,0.0
33473,0.0
33474,0.0
33475,0.0
33476,7648.12
33477,0.0
33478,0.0
33479,0.0
33480,0.0
33481,0.0
33482,0.0
33483,0.0
33484,0.0
33485,0.0
33486,0.0
33487,0.0
33488,0.0
33489,0.0
33490,0.0
33491,0.0
33492,0.0
33493,0.0
33494,0.0
33495,0.0
33496,0.0
33497,0.0
33498,0.0
33499,0.0
33500,0.0
33501,0.0
33502,0.0
33503,0.0
33504,0.0
33505,0.0
33506,0.0
33507,0.0
33508,0.0
33509,0.0
33510,0.0
33511,0.0
33512,0.0
33513,0.0
33514,0.0
33515,0.0
33516,0.0
33517,0.0
33518,0.0
33519,0.0
33520,0.0
33521,0.0
33522,0.0
33523,0.0
33524,0.0
33525,0.0
33526,0.0
33527,0.0
33528,0.0
33529,0.0
33530,0.0
33531,0.0
33532,0.0
33533,0.0
33534,0.0
33535,0.0
33536,0.0
33537,0.0
33538,0.0
33539,0.0
33540,0.0
33541,0.0
33542,0.0
33543,0.0
33544,6842.77
33545,0.0
33546,0.0
33547,0.0
33548,0.0
33549,0.0
33550,0.0
33551,0.0
33552,0.0
33553,0.0
33554,0.0
33555,0.0
33556,0.0
33557,0.0
33558,0.0
33559,0.0
33560,0.0
33561,0.0
33562,0.0
33563,0.0
33564,0.0
33565,0.0
33566,0.0
33567,0.0
33568,0.0
33569,0.0
33570,0.0
33571,0.0
33572,0.0
33573,0.0
33574,0.0
33575,0.0
33576,0.0
33577,0.0
33578,0.0
33579,0.0
33580,0.0
33581,0.0
33582,0.0
33583,0.0
33584,0.0
33585,15172.06
33586,13523.12
33587,0.0
33588,0.0
33589,0.0
33590,0.0
33591,0.0
33592,0.0
33593,0.0
33594,7287.56
33595,0.0
33596,0.0
33597,0.0
33598,0.0
33599,0.0
33600,0.0
33601,0.0
33602,0.0
33603,0.0
33604,0.0
33605,0.0
33606,0.0
33607,0.0
33608,0.0
33609,0.0
33610,0.0
33611,0.0
33612,0.0
33613,7970.88
33614,0.0
33615,0.0
33616,0.0
33617,0.0
33618,0.0
33619,0.0
33620,0.0
33621,0.0
33622,0.0
33623,6447.17
33624,0.0
33625,0.0
33626,0.0
33627,0.0
33628,0.0
33629,0.0
33630,0.0
33631,0.0
33632,0.0
33633,0.0
33634,0.0
33635,0.0
33636,0.0
33637,0.0
33638,0.0
33639,0.0
33640,0.0
33641,8969.89
33642,0.0
33643,0.0
33644,0.0
33645,0.0
33646,0.0
33647,0.0
33648,0.0
33649,0.0
33650,0.0
33651,0.0
33652,0.0
33653,0.0
33654,0.0
33655,0.0
33656,0.0
33657,0.0
33658,8090.3
33659,0.0
33660,0.0
33661,0.0
33662,0.0
33663,0.0
33664,0.0
33665,0.0
33666,0.0
33667,0.0
33668,0.0
33669,0.0
33670,0.0
33671,0.0
33672,0.0
33673,0.0
33674,0.0
33675,0.0
33676,0.0
33677,0.0
33678,0.0
33679,0.0
33680,0.0
33681,0.0
33682,0.0
33683,0.0
33684,0.0
33685,0.0
33686,0.0
33687,0.0
33688,0.0
33689,0.0
33690,0.0
33691,0.0
33692,0.0
33693,0.0
33694,0.0
33695,0.0
33696,0.0
33697,0.0
33698,0.0
33699,0.0
33700,0.0
33701,0.0
33702,0.0
33703,0.0
33704,0.0
33705,0.0
33706,0.0
33707,0.0
33708,0.0
33709,0.0
33710,0.0
33711,0.0
33712,0.0
33713,0.0
33714,0.0
33715,0.0
33716,0.0
33717,0.0
33718,0.0
33719,0.0
33720,7635.99
33721,0.0
33722,0.0
33723,0.0
33724,0.0
33725,0.0
33726,0.0
33727,0.0
33728,0.0
33729,0.0
33730,0.0
33731,0.0
33732,0.0
33733,0.0
33734,8007.23
33735,0.0
33736,0.0
33737,0.0
33738,0.0
33739,0.0
33740,0.0
33741,0.0
33742,0.0
33743,0.0
33744,0.0
33745,0.0
33746,0.0
33747,0.0
33748,0.0
33749,0.0
33750,0.0
33751,0.0
33752,0.0
33753,0.0
33754,0.0
33755,0.0
33756,0.0
33757,0.0
33758,0.0
33759,0.0
33760,0.0
33761,0.0
33762,0.0
33763,0.0
33764,0.0
33765,0.0
33766,0.0
33767,0.0
33768,0.0
33769,0.0
33770,0.0
33771,0.0
33772,0.0
33773,0.0
33774,0.0
33775,0.0
33776,0.0
33777,6927.46
33778,0.0
33779,0.0
33780,0.0
33781,0.0
33782,0.0
33783,0.0
33784,0.0
33785,0.0
33786,0.0
33787,7648.12
33788,0.0
33789,0.0
33790,0.0
33791,7388.31
33792,0.0
33793,0.0
33794,0.0
33795,0.0
33796,0.0
33797,0.0
33798,0.0
33799,0.0
33800,0.0
33801,0.0
33802,0.0
33803,0.0
33804,0.0
33805,0.0
33806,0.0
33807,0.0
33808,0.0
33809,0.0
33810,0.0
33811,0.0
33812,0.0
33813,0.0
33814,0.0
33815,0.0
33816,0.0
33817,0.0
33818,19056.97
33819,0.0
33820,0.0
33821,0.0
33822,0.0
33823,0.0
33824,0.0
33825,0.0
33826,0.0
33827,0.0
33828,0.0
33829,0.0
33830,0.0
33831,0.0
33832,7428.82
33833,0.0
33834,0.0
33835,0.0
33836,0.0
33837,0.0
33838,0.0
33839,0.0
33840,0.0
33841,0.0
33842,0.0
33843,0.0
33844,0.0
33845,0.0
33846,0.0
33847,0.0
33848,0.0
33849,0.0
33850,0.0
33851,0.0
33852,0.0
33853,0.0
33854,0.0
33855,0.0
33856,0.0
33857,0.0
33858,0.0
33859,0.0
33860,0.0
33861,0.0
33862,0.0
33863,0.0
33864,0.0
33865,0.0
33866,0.0
33867,0.0
33868,0.0
33869,0.0
33870,0.0
33871,0.0
33872,0.0
33873,0.0
33874,0.0
33875,0.0
33876,0.0
33877,0.0
33878,0.0
33879,0.0
33880,0.0
33881,0.0
33882,0.0
33883,0.0
33884,0.0
33885,0.0
33886,0.0
33887,0.0
33888,0.0
33889,0.0
33890,0.0
33891,0.0
33892,0.0
33893,0.0
33894,0.0
33895,0.0
33896,0.0
33897,0.0
33898,0.0
33899,0.0
33900,0.0
33901,0.0
33902,0.0
33903,0.0
33904,0.0
33905,0.0
33906,0.0
33907,12492.56
33908,0.0
33909,0.0
33910,0.0
33911,0.0
33912,0.0
33913,0.0
33914,0.0
33915,0.0
33916,0.0
33917,0.0
33918,0.0
33919,0.0
33920,0.0
33921,0.0
33922,0.0
33923,0.0
33924,0.0
33925,0.0
33926,0.0
33927,0.0
33928,0.0
33929,0.0
33930,0.0
33931,0.0
33932,0.0
33933,0.0
33934,0.0
33935,0.0
33936,0.0
33937,0.0
33938,0.0
33939,0.0
33940,0.0
33941,0.0
33942,0.0
33943,0.0
33944,0.0
33945,0.0
33946,0.0
33947,0.0
33948,0.0
33949,0.0
33950,0.0
33951,7941.99
33952,16232.32
33953,0.0
33954,0.0
33955,0.0
33956,0.0
33957,0.0
33958,0.0
33959,0.0
33960,0.0
33961,0.0
33962,0.0
33963,0.0
33964,0.0
33965,0.0
33966,0.0
33967,0.0
33968,0.0
33969,0.0
33970,0.0
33971,0.0
33972,0.0
33973,0.0
33974,0.0
33975,0.0
33976,0.0
33977,0.0
33978,0.0
33979,0.0
33980,12329.01
33981,0.0
33982,0.0
33983,0.0
33984,0.0
33985,0.0
33986,0.0
33987,0.0
33988,0.0
33989,0.0
33990,0.0
33991,0.0
33992,0.0
33993,0.0
33994,0.0
33995,0.0
33996,0.0
33997,0.0
33998,0.0
33999,0.0
34000,0.0
34001,0.0
34002,0.0
34003,0.0
34004,0.0
34005,0.0
34006,0.0
34007,0.0
34008,0.0
34009,0.0
34010,0.0
34011,0.0
34012,0.0
34013,0.0
34014,0.0
34015,0.0
34016,0.0
34017,0.0
34018,0.0
34019,0.0
34020,0.0
34021,0.0
34022,0.0
34023,0.0
34024,0.0
34025,0.0
34026,0.0
34027,0.0
34028,0.0
34029,0.0
34030,0.0
34031,0.0
34032,0.0
34033,0.0
34034,0.0
34035,0.0
34036,0.0
34037,0.0
34038,0.0
34039,0.0
34040,0.0
34041,0.0
34042,0.0
34043,0.0
34044,0.0
34045,0.0
34046,0.0
34047,0.0
34048,0.0
34049,0.0
34050,7327.43
34051,0.0
34052,0.0
34053,0.0
34054,7689.81
34055,0.0
34056,0.0
34057,0.0
34058,0.0
34059,0.0
34060,0.0
34061,0.0
34062,0.0
34063,0.0
34064,0.0
34065,0.0
34066,0.0
34067,0.0
34068,0.0
34069,0.0
34070,0.0
34071,0.0
34072,0.0
34073,0.0
34074,0.0
34075,0.0
34076,0.0
34077,0.0
34078,0.0
34079,0.0
34080,0.0
34081,0.0
34082,0.0
34083,0.0
34084,0.0
34085,0.0
34086,0.0
34087,0.0
34088,0.0
34089,0.0
34090,0.0
34091,0.0
34092,0.0
34093,0.0
34094,0.0
34095,0.0
34096,0.0
34097,0.0
34098,0.0
34099,0.0
34100,0.0
34101,0.0
34102,0.0
34103,0.0
34104,0.0
34105,6910.78
34106,0.0
34107,0.0
34108,0.0
34109,0.0
34110,0.0
34111,0.0
34112,0.0
34113,0.0
34114,0.0
34115,0.0
34116,0.0
34117,0.0
34118,0.0
34119,0.0
34120,12200.38
34121,0.0
34122,0.0
34123,0.0
34124,0.0
34125,0.0
34126,0.0
34127,0.0
34128,0.0
34129,0.0
34130,0.0
34131,0.0
34132,0.0
34133,0.0
34134,0.0
34135,0.0
34136,0.0
34137,0.0
34138,0.0
34139,0.0
34140,0.0
34141,0.0
34142,0.0
34143,0.0
34144,0.0
34145,0.0
34146,0.0
34147,0.0
34148,0.0
34149,0.0
34150,0.0
34151,0.0
34152,0.0
34153,0.0
34154,0.0
34155,0.0
34156,0.0
34157,0.0
34158,0.0
34159,0.0
34160,0.0
34161,0.0
34162,0.0
34163,0.0
34164,0.0
34165,0.0
34166,0.0
34167,0.0
34168,0.0
34169,0.0
34170,0.0
34171,0.0
34172,0.0
34173,0.0
34174,0.0
34175,0.0
34176,0.0
34177,0.0
34178,0.0
34179,0.0
34180,0.0
34181,0.0
34182,0.0
34183,0.0
34184,7476.97
34185,0.0
34186,0.0
34187,0.0
34188,0.0
34189,0.0
34190,0.0
34191,0.0
34192,0.0
34193,0.0
34194,0.0
34195,0.0
34196,0.0
34197,0.0
34198,0.0
34199,0.0
34200,0.0
34201,0.0
34202,0.0
34203,0.0
34204,0.0
34205,0.0
34206,0.0
34207,0.0
34208,0.0
34209,0.0
34210,0.0
34211,0.0
34212,0.0
34213,0.0
34214,0.0
34215,0.0
34216,0.0
34217,0.0
34218,0.0
34219,0.0
34220,0.0
34221,0.0
34222,0.0
34223,0.0
34224,0.0
34225,12871.72
34226,9336.07
34227,0.0
34228,0.0
34229,0.0
34230,0.0
34231,0.0
34232,0.0
34233,0.0
34234,0.0
34235,0.0
34236,0.0
34237,0.0
34238,0.0
34239,0.0
34240,0.0
34241,7564.33
34242,6292.56
34243,7691.8
34244,6484.19
34245,7085.59
34246,6124.7
34247,7393.63
34248,6584.73
34249,0.0
34250,5557.51
34251,7790.29
34252,7285.13
34253,6456.84
34254,6766.05
34255,7164.34
34256,5375.05
34257,6890.5
34258,7617.4
34259,8216.02
34260,7389.05
34261,7565.25
34262,6076.73
34263,8118.27
34264,0.0
34265,9407.41
34266,7579.57
34267,7184.82
34268,6815.16
34269,4052.87
34270,6872.47
34271,6951.21
34272,8814.91
34273,7096.72
34274,7410.47
34275,6176.3
34276,8065.98
34277,5858.8
34278,8173.27
34279,7162.6
34280,7084.76
34281,8274.25
34282,7770.62
34283,7675.87
34284,7041.56
34285,8691.74
34286,6494.95
34287,7753.61
34288,8128.6
34289,7072.16
34290,7682.46
34291,7741.63
34292,7154.37
34293,8024.36
34294,6198.01
34295,5371.37
34296,7024.41
34297,7156.12
34298,8048.03
34299,8835.93
34300,8272.24
34301,6479.38
34302,7438.83
34303,5633.57
34304,6108.27
34305,6514.03
34306,7464.84
34307,4862.4
34308,5545.18
34309,7089.65
34310,6779.29
34311,6110.18
34312,6709.01
34313,7897.69
34314,7347.95
34315,6732.22
34316,7497.93
34317,6888.76
34318,5479.36
34319,6544.41
34320,6150.58
34321,7550.6
34322,7559.6
34323,7887.66
34324,7365.51
34325,6010.46
34326,8555.24
34327,7695.86
34328,5928.6
34329,8045.04
34330,7419.9
34331,6365.86
34332,7887.66
34333,5985.03
34334,7232.55
34335,6063.14
34336,6804.04
34337,6287.07
34338,5376.64
34339,7286.33
34340,7075.9
34341,6789.81
34342,6937.2
34343,6253.86
34344,5945.11
34345,7586.31
34346,6718.19
34347,6104.96
34348,7018.65
34349,7493.63
34350,0.0
34351,7477.84
34352,8133.11
34353,6647.37
34354,8685.78
34355,6534.4
34356,6198.94
34357,7999.79
34358,7106.79
34359,7329.55
34360,7568.02
34361,7095.7
34362,8095.27
34363,7329.55
34364,7514.62
34365,5576.84
34366,5160.85
34367,8499.28
34368,6447.44
34369,5844.96
34370,5535.88
34371,6514.03
34372,6963.64
34373,6806.48
34374,6852.04
34375,6465.03
34376,8073.43
34377,7275.58
34378,6292.43
34379,7121.48
34380,6397.26
34381,7907.54
34382,3824.59
34383,7747.64
34384,5518.69
34385,7152.78
34386,5608.07
34387,5740.23
34388,7489.99
34389,6905.72
34390,7429.11
34391,11436.94
34392,7802.21
34393,7658.19
34394,6076.85
34395,6937.97
34396,8296.21
34397,5662.0
34398,6281.65
34399,7087.9
34400,6842.77
34401,4823.69
34402,7532.19
34403,7755.19
34404,7174.94
34405,0.0
34406,6651.61
34407,7005.16
34408,6306.29
34409,5729.56
34410,5936.1
34411,7882.84
34412,7283.94
34413,6799.4
34414,6514.03
34415,7382.4
34416,7665.58
34417,8359.63
34418,7720.84
34419,6681.19
34420,7365.97
34421,5845.88
34422,7125.29
34423,7643.4
34424,8418.62
34425,6568.87
34426,7208.51
34427,5600.09
34428,9069.68
34429,8374.79
34430,8156.0
34431,8735.55
34432,7902.69
34433,7140.72
34434,20444.9
34435,8264.43
34436,7727.1
34437,4458.97
34438,7879.89
34439,9278.83
34440,6149.54
34441,10406.33
34442,8323.99
34443,7172.45
34444,6187.21
34445,10416.0
34446,6237.97
34447,7492.33
34448,6338.8
34449,7654.64
34450,4563.75
34451,7694.33
34452,7395.96
34453,8031.5
34454,6877.33
34455,7585.02
34456,8347.95
34457,6209.42
34458,6013.32
34459,6602.85
34460,6918.24
34461,5364.31
34462,6617.52
34463,6168.32
34464,6099.77
34465,6459.64
34466,5939.29
34467,5952.82
34468,7524.27
34469,8202.27
34470,8526.46
34471,7827.69
34472,7251.04
34473,6327.1
34474,6339.55
34475,7101.87
34476,5555.71
34477,6136.78
34478,7252.25
34479,6447.17
34480,8039.42
34481,7300.77
34482,5255.25
34483,7788.53
34484,7462.71
34485,7106.7
34486,7436.12
34487,15667.38
34488,7607.51
34489,8464.92
34490,6982.85
34491,6055.77
34492,5540.07
34493,5573.84
34494,6324.23
34495,7903.92
34496,7580.03
34497,9447.83
34498,7628.77
34499,7752.67
34500,6698.24
34501,6447.17
34502,7585.99
34503,7910.0
34504,7281.24
34505,6952.46
34506,9075.33
34507,6407.86
34508,7603.87
34509,7704.46
34510,6833.31
34511,6877.87
34512,5793.75
34513,7272.27
34514,5063.61
34515,7651.0
34516,7694.31
34517,7800.7
34518,5952.72
34519,8206.55
34520,9631.86
34521,6343.49
34522,0.0
34523,7923.32
34524,7557.39
34525,8324.31
34526,7085.72
34527,7562.53
34528,7804.95
34529,7386.79
34530,9276.33
34531,7389.1
34532,7155.33
34533,6139.49
34534,20283.75
34535,6724.71
34536,7784.88
34537,6774.64
34538,6547.55
34539,7765.07
34540,5950.4
34541,6507.57
34542,8343.14
34543,7660.02
34544,5909.08
34545,8262.2
34546,6718.19
34547,5676.39
34548,6155.31
34549,6552.5
34550,5664.24
34551,7644.22
34552,5601.97
34553,6258.73
34554,7557.37
34555,5790.4
34556,8153.72
34557,7425.04
34558,7534.72
34559,7290.64
34560,8301.39
34561,7950.81
34562,6724.01
34563,5333.16
34564,7016.52
34565,7644.04
34566,7126.02
34567,6923.52
34568,6254.78
34569,7169.86
34570,9157.17
34571,7057.11
34572,7403.97
34573,8322.55
34574,8206.55
34575,7505.63
34576,7912.56
34577,6498.91
34578,6171.97
34579,7819.24
34580,7693.42
34581,5457.93
34582,7462.12
34583,4698.56
34584,7983.75
34585,7985.86
34586,8656.99
34587,7042.99
34588,5714.35
34589,6966.62
34590,8162.27
34591,8445.99
34592,6563.17
34593,7412.76
34594,7121.92
34595,6515.76
34596,7261.69
34597,6463.7
34598,8078.0
34599,7341.02
34600,8631.57
34601,7913.39
34602,14261.7
34603,7291.36
34604,7978.68
34605,6768.9
34606,8649.45
34607,5352.25
34608,7265.61
34609,7109.84
34610,6872.62
34611,5968.12
34612,7198.76
34613,7402.6
34614,5446.82
34615,7538.16
34616,6276.45
34617,6965.64
34618,7014.29
34619,8354.05
34620,5971.99
34621,7115.91
34622,7663.23
34623,7837.12
34624,6306.53
34625,8926.07
34626,5621.84
34627,6057.72
34628,7011.83
34629,6471.55
34630,5861.97
34631,7603.87
34632,6080.04
34633,5167.87
34634,7420.33
34635,7568.02
34636,5378.49
34637,7847.65
34638,7539.67
34639,7474.3
34640,6483.96
34641,7015.37
34642,7571.0
34643,7887.66
34644,8453.87
34645,7292.33
34646,8096.16
34647,7543.35
34648,7550.7
34649,9529.53
34650,7548.2
34651,6400.22
34652,6049.69
34653,7774.73
34654,4783.67
34655,5810.45
34656,6105.81
34657,7262.88
34658,7628.26
34659,5680.28
34660,7999.42
34661,7665.07
34662,7776.25
34663,8310.86
34664,7154.19
34665,7281.62
34666,7381.33
34667,6234.21
34668,7175.0
34669,7601.57
34670,6212.56
34671,7169.86
34672,5989.09
34673,7468.73
34674,14115.68
34675,5096.62
34676,7272.27
34677,6735.61
34678,5588.03
34679,5481.7
34680,7301.02
34681,7780.06
34682,6735.09
34683,7420.87
34684,5616.82
34685,7365.97
34686,4576.01
34687,6447.17
34688,7428.82
34689,8758.35
34690,9337.69
34691,6460.19
34692,7013.98
34693,5791.48
34694,7424.42
34695,17426.43
34696,9816.49
34697,8144.6
34698,5806.79
34699,7768.16
34700,6505.61
34701,5982.08
34702,8351.41
34703,5563.85
34704,5590.72
34705,7535.35
34706,6539.8
34707,5596.27
34708,4877.44
34709,7580.2
34710,7356.72
34711,5813.72
34712,5800.01
34713,7396.43
34714,8025.79
34715,6945.9
34716,7999.93
34717,5662.72
34718,7272.08
34719,6953.04
34720,7154.19
34721,6218.81
34722,7724.65
34723,5863.08
34724,8439.24
34725,7104.07
34726,5560.32
34727,6833.12
34728,5978.2
34729,7356.28
34730,5283.82
34731,7382.4
34732,7353.54
34733,6195.77
34734,8168.64
34735,6906.48
34736,7295.65
34737,6446.48
34738,8323.52
34739,9485.26
34740,6370.14
34741,7794.21
34742,5654.86
34743,7418.04
34744,7804.56
34745,8242.97
34746,4619.55
34747,7513.94
34748,6986.65
34749,7426.57
34750,5609.03
34751,8015.39
34752,7285.27
34753,7737.81
34754,6083.45
34755,6843.74
34756,7859.52
34757,7176.06
34758,0.0
34759,6672.33
34760,7398.25
34761,5680.85
34762,5385.49
34763,5794.36
34764,7189.05
34765,7204.06
34766,5880.74
34767,6160.65
34768,7172.42
34769,5551.37
34770,7797.52
34771,7099.27
34772,7097.45
34773,6835.7
34774,6842.88
34775,5712.65
34776,7804.91
34777,4871.37
34778,8319.69
34779,8452.79
34780,6738.15
34781,6906.46
34782,6354.74
34783,5810.75
34784,6625.06
34785,6373.17
34786,6880.16
34787,7156.95
34788,6224.09
34789,7077.92
34790,5659.3
34791,9582.2
34792,7577.29
34793,7041.9
34794,7493.95
34795,6524.18
34796,7227.84
34797,6503.37
34798,7135.72
34799,6626.73
34800,7801.49
34801,8067.15
34802,7965.83
34803,6009.47
34804,7168.81
34805,8310.99
34806,6889.87
34807,8097.04
34808,15078.68
34809,6239.02
34810,6645.55
34811,5519.76
34812,8314.85
34813,7422.38
34814,7103.85
34815,8111.3
34816,8206.55
34817,5671.68
34818,7672.86
34819,6846.49
34820,5305.2
34821,7006.25
34822,6041.72
34823,4963.92
34824,8260.45
34825,17820.78
34826,7285.13
34827,8466.57
34828,5998.14
34829,6905.54
34830,8698.38
34831,7261.77
34832,7870.47
34833,7979.32
34834,7558.3
34835,7479.27
34836,12366.75
34837,6410.16
34838,6219.32
34839,6450.27
34840,7091.59
34841,7297.73
34842,7657.91
34843,5507.87
34844,7504.5
34845,4761.9
34846,7428.53
34847,5159.54
34848,7986.22
34849,7688.33
34850,8222.51
34851,6501.9
34852,7183.64
34853,7058.25
34854,5321.81
34855,7701.24
34856,5396.98
34857,7228.82
34858,7394.61
34859,4011.69
34860,6974.42
34861,6569.36
34862,6537.07
34863,7140.6
34864,6471.33
34865,6261.64
34866,6279.12
34867,8347.92
34868,6927.85
34869,5805.13
34870,5154.92
34871,7592.74
34872,5443.35
34873,7490.67
34874,6398.08
34875,7867.3
34876,7174.0
34877,5750.29
34878,4935.59
34879,7737.81
34880,7002.99
34881,8221.05
34882,7055.4
34883,7114.94
34884,5578.98
34885,7112.38
34886,6129.24
34887,9748.02
34888,5512.65
34889,6853.41
34890,7166.0
34891,7721.88
34892,6479.51
34893,8012.13
34894,6275.84
34895,6877.33
34896,4744.8
34897,6541.09
34898,6095.88
34899,5989.09
34900,6714.25
34901,5493.93
34902,8149.18
34903,8499.9
34904,6919.37
34905,7052.64
34906,7603.29
34907,5095.92
34908,7808.67
34909,7056.55
34910,7987.54
34911,7860.07
34912,7999.93
34913,7308.4
34914,6568.2
34915,7295.4
34916,8131.32
34917,6897.38
34918,7726.99
34919,3760.64
34920,7315.42
34921,5996.51
34922,8115.56
34923,7001.1
34924,7654.1
34925,6742.9
34926,8304.38
34927,6411.94
34928,8678.43
34929,6386.33
34930,7456.29
34931,7550.7
34932,6951.27
34933,7343.75
34934,6069.43
34935,7545.57
34936,7186.53
34937,8355.95
34938,8173.77
34939,8521.78
34940,8122.78
34941,8031.96
34942,5435.44
34943,0.0
34944,7493.63
34945,8232.05
34946,7121.43
34947,7487.72
34948,8272.17
34949,8408.49
34950,6587.89
34951,0.0
34952,5705.16
34953,7508.43
34954,5538.73
34955,6265.79
34956,7693.49
34957,6905.72
34958,7179.51
34959,7731.82
34960,7100.56
34961,6910.78
34962,6865.84
34963,6787.07
34964,7880.99
34965,6927.46
34966,6615.29
34967,6112.17
34968,7430.02
34969,5633.64
34970,7327.2
34971,8114.86
34972,8892.55
34973,7434.97
34974,5420.29
34975,6004.45
34976,5869.6
34977,6245.99
34978,7172.42
34979,8359.63
34980,5446.09
34981,7316.41
34982,5534.15
34983,6981.39
34984,8084.65
34985,6896.03
34986,9825.6
34987,7524.81
34988,7937.36
34989,7434.98
34990,6857.57
34991,4164.69
34992,7773.95
34993,6390.88
34994,6630.4
34995,6463.7
34996,4810.18
34997,6179.44
34998,6076.73
34999,6379.31
35000,8064.39
35001,5085.14
35002,7344.35
35003,5605.93
35004,6364.16
35005,6075.99
35006,5537.55
35007,7660.63
35008,5026.25
35009,6890.89
35010,5889.6
35011,7075.9
35012,6982.33
35013,8060.95
35014,5073.8
35015,5555.56
35016,8147.18
35017,7776.74
35018,7606.21
35019,5040.66
35020,9549.4
35021,7539.64
35022,6584.32
35023,7669.8
35024,8820.63
35025,7910.63
35026,7743.48
35027,6083.43
35028,6794.83
35029,10377.24
35030,5809.79
35031,6571.79
35032,7204.73
35033,6866.12
35034,7588.76
35035,9324.46
35036,6315.78
35037,6531.81
35038,6095.88
35039,6419.07
35040,7753.54
35041,5942.68
35042,7224.34
35043,4693.4
35044,7752.64
35045,6574.28
35046,6982.54
35047,6399.34
35048,6925.94
35049,7272.08
35050,7951.12
35051,8272.59
35052,8617.84
35053,6559.27
35054,8171.56
35055,5773.63
35056,7548.2
35057,8738.55
35058,5798.35
35059,6483.03
35060,8478.76
35061,7453.2
35062,8573.49
35063,5740.82
35064,7019.79
35065,6250.45
35066,7916.75
35067,5099.88
35068,7056.05
35069,6923.19
35070,6348.35
35071,7673.04
35072,6561.49
35073,5757.22
35074,8054.8
35075,6178.81
35076,6854.55
35077,7653.41
35078,10648.97
35079,6875.9
35080,6615.15
35081,8666.79
35082,9600.89
35083,5220.57
35084,8113.92
35085,5676.61
35086,8265.35
35087,5333.67
35088,7067.4
35089,7093.95
35090,5654.86
35091,6813.14
35092,5471.69
35093,7632.13
35094,7680.29
35095,16057.78
35096,7307.63
35097,6918.63
35098,8142.91
35099,8222.31
35100,7623.5
35101,7159.81
35102,6654.39
35103,7090.0
35104,6886.99
35105,6558.86
35106,6810.94
35107,7404.4
35108,7734.81
35109,7540.53
35110,7049.12
35111,7276.68
35112,6832.31
35113,7986.84
35114,7279.05
35115,11411.21
35116,8968.97
35117,7438.29
35118,8108.99
35119,7708.32
35120,7848.99
35121,9625.8
35122,7236.97
35123,7059.61
35124,6876.28
35125,6853.69
35126,7333.23
35127,6984.27
35128,10158.06
35129,7113.34
35130,7160.09
35131,7028.34
35132,8302.16
35133,6137.57
35134,7671.11
35135,7148.38
35136,7561.66
35137,7795.86
35138,7978.75
35139,7454.17
35140,7477.2
35141,6898.55
35142,6835.58
35143,7870.77
35144,11722.1
35145,7031.62
35146,9294.39
35147,7064.27
35148,6991.57
35149,7788.84
35150,9242.97
35151,6779.1
35152,6850.57
35153,7025.16
35154,7785.69
35155,7898.69
35156,7353.01
35157,6685.45
35158,7573.64
35159,6923.92
35160,10551.37
35161,6835.58
35162,7908.7
35163,7077.92
35164,6887.78
35165,8887.76
35166,7458.53
35167,7528.92
35168,7301.13
35169,7829.01
35170,6542.45
35171,7082.16
35172,7387.52
35173,7369.77
35174,8487.55
35175,7203.47
35176,6804.52
35177,7918.3
35178,7728.23
35179,7921.37
35180,7111.43
35181,6774.24
35182,7883.47
35183,7336.02
35184,6751.46
35185,7719.98
35186,7057.66
35187,6879.74
35188,7921.37
35189,6715.89
35190,7845.65
35191,6931.34
35192,7049.14
35193,7255.77
35194,7025.75
35195,5979.63
35196,7033.06
35197,7090.71
35198,7365.31
35199,6404.04
35200,6760.97
35201,7037.42
35202,6974.35
35203,6761.67
35204,7031.74
35205,7859.23
35206,8631.97
35207,7271.68
35208,7721.38
35209,7308.49
35210,8162.46
35211,6857.57
35212,8847.14
35213,7829.01
35214,7447.81
35215,7735.83
35216,7691.43
35217,7513.69
35218,7786.77
35219,7698.51
35220,7445.6
35221,6772.21
35222,7109.01
35223,6646.44
35224,7623.21
35225,7419.58
35226,6583.61
35227,6835.58
35228,7387.21
35229,7336.63
35230,7977.16
35231,6852.87
35232,8401.68
35233,7875.33
35234,7531.93
35235,6977.72
35236,7040.24
35237,7728.67
35238,5099.47
35239,7692.07
35240,7301.03
35241,8479.71
35242,6648.03
35243,6894.89
35244,7797.57
35245,7204.59
35246,5541.87
35247,11734.66
35248,7874.86
35249,7524.59
35250,6849.59
35251,6157.68
35252,7780.26
35253,7128.32
35254,7957.71
35255,7732.86
35256,7550.64
35257,7367.04
35258,7859.23
35259,7481.03
35260,7435.07
35261,7597.08
35262,7510.59
35263,6936.48
35264,6862.53
35265,6782.64
35266,6074.88
35267,7862.13
35268,7111.43
35269,7204.59
35270,6835.58
35271,7691.43
35272,7772.85
35273,7744.46
35274,7825.37
35275,6835.58
35276,8559.58
35277,7199.91
35278,7986.9
35279,6545.61
35280,6689.79
35281,7161.94
35282,7895.92
35283,7448.76
35284,8948.79
35285,7904.6
35286,9015.7
35287,7705.96
35288,7732.17
35289,7432.52
35290,19636.68
35291,13480.08
35292,7101.34
35293,4733.72
35294,7956.15
35295,9168.15
35296,5585.47
35297,12604.83
35298,19663.42
35299,6982.76
35300,7091.11
35301,7107.55
35302,7814.91
35303,11138.25
35304,8820.21
35305,7751.6
35306,4691.0
35307,7313.49
35308,7523.49
35309,7780.26
35310,7037.54
35311,7384.07
35312,7708.32
35313,6851.35
35314,6912.52
35315,6835.58
35316,7794.89
35317,7023.06
35318,7370.46
35319,7733.42
35320,6649.16
35321,7599.85
35322,7649.25
35323,6859.54
35324,7485.81
35325,7921.37
35326,9318.64
35327,7824.97
35328,7240.97
35329,7927.07
35330,7010.21
35331,7521.97
35332,7080.65
35333,6795.41
35334,7601.36
35335,6971.06
35336,7688.84
35337,7637.14
35338,7438.31
35339,7921.37
35340,7913.64
35341,7682.03
35342,7423.82
35343,15123.65
35344,7822.19
35345,6399.66
35346,7700.46
35347,6649.16
35348,6735.53
35349,5460.56
35350,6862.53
35351,7729.75
35352,7398.77
35353,15942.4
35354,8631.14
35355,7920.74
35356,6871.25
35357,6971.06
35358,7751.6
35359,8534.64
35360,10213.86
35361,7153.27
35362,9225.25
35363,7528.22
35364,7751.6
35365,7567.7
35366,8836.83
35367,7189.29
35368,7658.21
35369,7185.08
35370,6557.8
35371,8006.64
35372,7744.46
35373,7977.17
35374,6882.53
35375,7788.84
35376,10486.67
35377,7418.65
35378,7847.49
35379,7721.0
35380,7439.59
35381,7744.46
35382,7190.66
35383,7669.8
35384,7532.64
35385,7346.96
35386,8895.81
35387,6987.12
35388,7461.07
35389,6790.61
35390,18943.31
35391,8460.17
35392,7137.77
35393,8287.86
35394,6835.58
35395,7708.32
35396,7611.61
35397,6835.58
35398,7752.55
35399,7656.19
35400,6704.84
35401,8405.53
35402,6974.35
35403,7303.08
35404,7755.58
35405,6819.69
35406,6926.29
35407,7736.03
35408,7573.33
35409,7342.65
35410,7050.32
35411,7806.18
35412,7721.38
35413,7072.14
35414,6933.68
35415,7185.08
35416,7685.08
35417,7811.92
35418,6853.75
35419,7249.98
35420,5493.74
35421,7489.33
35422,7633.13
35423,6984.27
35424,5758.08
35425,6274.19
35426,8940.88
35427,7570.7
35428,5621.77
35429,7845.71
35430,7788.84
35431,9642.3
35432,8076.74
35433,7394.69
35434,5773.72
35435,7590.83
35436,7028.02
35437,7631.59
35438,7845.69
35439,6473.19
35440,8975.87
35441,7816.8
35442,10096.41
35443,7214.87
35444,7218.39
35445,7217.88
35446,8026.85
35447,7778.86
35448,7305.03
35449,7400.26
35450,7019.65
35451,8863.91
35452,7110.08
35453,7746.15
35454,7857.59
35455,7698.51
35456,7980.94
35457,7708.32
35458,13806.11
35459,7508.78
35460,7708.32
35461,7354.76
35462,10272.88
35463,7337.09
35464,7497.11
35465,7896.41
35466,7500.61
35467,6851.35
35468,7214.14
35469,7577.64
35470,7213.35
35471,7174.98
35472,6760.97
35473,6984.27
35474,7089.65
35475,9544.33
35476,6832.31
35477,7601.62
35478,7538.63
35479,6616.66
35480,8651.61
35481,7525.43
35482,6108.21
35483,6895.73
35484,7526.1
35485,6838.21
35486,7195.4
35487,7751.6
35488,6804.52
35489,6541.34
35490,7288.61
35491,7691.43
35492,6806.83
35493,7903.51
35494,7586.25
35495,7836.38
35496,7163.02
35497,6992.96
35498,7533.12
35499,7957.5
35500,7685.08
35501,13452.99
35502,7826.0
35503,7692.07
35504,7819.06
35505,9808.44
35506,7751.6
35507,7177.14
35508,6696.88
35509,7770.61
35510,6825.82
35511,5844.62
35512,7026.69
35513,7050.32
35514,7504.36
35515,7311.65
35516,7000.36
35517,7714.86
35518,7600.03
35519,7816.8
35520,6166.71
35521,6745.08
35522,7029.1
35523,7123.83
35524,7623.32
35525,6946.03
35526,7015.98
35527,6274.19
35528,6657.4
35529,7711.55
35530,19282.12
35531,6955.06
35532,7144.63
35533,7474.15
35534,7022.18
35535,7717.87
35536,7064.9
35537,7803.95
35538,6965.47
35539,7488.19
35540,6957.48
35541,8516.12
35542,6959.99
35543,6971.06
35544,7666.28
35545,7543.85
35546,9262.09
35547,7623.5
35548,7357.47
35549,6905.97
35550,7357.26
35551,15498.94
35552,8263.33
35553,7902.88
35554,6139.31
35555,7490.21
35556,7333.77
35557,6799.29
35558,8162.46
35559,8336.12
35560,7646.72
35561,8413.63
35562,7376.75
35563,7325.26
35564,7298.63
35565,7673.28
35566,7356.41
35567,6971.15
35568,7132.22
35569,7629.44
35570,7701.63
35571,7661.03
35572,7721.38
35573,7066.44
35574,7169.46
35575,6640.86
35576,6090.95
35577,7180.48
35578,7708.32
35579,7281.53
35580,7847.72
35581,7230.22
35582,7720.64
35583,7528.84
35584,6825.67
35585,7461.34
35586,7143.98
35587,7673.68
35588,7382.23
35589,7332.6
35590,7721.38
35591,6907.36
35592,7311.7
35593,7994.18
35594,7242.32
35595,10255.73
35596,6967.14
35597,7708.32
35598,6846.34
35599,7396.45
35600,7867.44
35601,7639.57
35602,5097.21
35603,7331.97
35604,7292.22
35605,6890.56
35606,6708.66
35607,7186.43
35608,6948.01
35609,7715.3
35610,8754.9
35611,7467.27
35612,7753.13
35613,5302.2
35614,7194.39
35615,7025.59
35616,9026.0
35617,7632.27
35618,6677.65
35619,8433.17
35620,7336.18
35621,7594.06
35622,6679.82
35623,6816.96
35624,7090.24
35625,7135.85
35626,7761.81
35627,7471.71
35628,7216.45
35629,7500.61
35630,7588.75
35631,7317.54
35632,7563.8
35633,7258.14
35634,9608.29
35635,7027.58
35636,7333.23
35637,6853.75
35638,7078.46
35639,7623.71
35640,7619.74
35641,7622.98
35642,7366.08
35643,7735.83
35644,7058.98
35645,7605.6
35646,7178.97
35647,12066.79
35648,7642.25
35649,7639.96
35650,7155.0
35651,6940.14
35652,7501.48
35653,8086.51
35654,7387.93
35655,7354.76
35656,7920.04
35657,7721.38
35658,7682.99
35659,6763.85
35660,7327.94
35661,7778.74
35662,9107.75
35663,8026.85
35664,15244.48
35665,7441.58
35666,6995.69
35667,8303.58
35668,7685.08
35669,7813.5
35670,7609.78
35671,7857.59
35672,7788.84
35673,6821.98
35674,7411.64
35675,7170.43
35676,7328.54
35677,7314.49
35678,6986.94
35679,7336.42
35680,7695.73
35681,18287.11
35682,7734.81
35683,7701.33
35684,8560.17
35685,6984.27
35686,8162.46
35687,4625.53
35688,9843.14
35689,7721.38
35690,7875.93
35691,10681.43
35692,10750.31
35693,7539.15
35694,7327.61
35695,4407.93
35696,7396.45
35697,6730.33
35698,7358.53
35699,7415.36
35700,7379.77
35701,6458.18
35702,7261.31
35703,7155.69
35704,7456.81
35705,7715.3
35706,7685.08
35707,7375.14
35708,8364.49
35709,6972.07
35710,7317.54
35711,7708.32
35712,6805.61
35713,7848.26
35714,7063.45
35715,5450.15
35716,7232.87
35717,6895.3
35718,7054.7
35719,6485.03
35720,7772.51
35721,8069.37
35722,7718.45
35723,7744.46
35724,4556.77
35725,6715.89
35726,6948.26
35727,6958.39
35728,7317.54
35729,6933.68
35730,6871.25
35731,8390.78
35732,7879.71
35733,7330.78
35734,7209.42
35735,7715.3
35736,7059.2
35737,10407.34
35738,7502.78
35739,7580.31
35740,7499.01
35741,7858.48
35742,6784.84
35743,9475.02
35744,7177.68
35745,7167.06
35746,7474.94
35747,7633.06
35748,7043.78
35749,7721.38
35750,6996.06
35751,7007.3
35752,7096.55
35753,7623.21
35754,7401.9
35755,6727.47
35756,7267.1
35757,7308.19
35758,7579.99
35759,7780.26
35760,7046.72
35761,7731.44
35762,7903.2
35763,7381.79
35764,7729.69
35765,7601.36
35766,7723.0
35767,7079.5
35768,7824.47
35769,7404.36
35770,6685.45
35771,7699.17
35772,8026.85
35773,7277.58
35774,7819.06
35775,7770.33
35776,5708.86
35777,6649.16
35778,7721.38
35779,7168.29
35780,7875.93
35781,6772.5
35782,7270.11
35783,7039.54
35784,7103.11
35785,7449.15
35786,8534.64
35787,7819.06
35788,7949.61
35789,8043.66
35790,7132.85
35791,7693.95
35792,5740.01
35793,7757.5
35794,7619.03
35795,8289.28
35796,8599.5
35797,6921.43
35798,6779.1
35799,7288.15
35800,7859.23
35801,7791.92
35802,9423.33
35803,7796.03
35804,7512.23
35805,8685.24
35806,7609.88
35807,7663.41
35808,7011.92
35809,6972.07
35810,7262.15
35811,7477.88
35812,7510.02
35813,7204.59
35814,7370.84
35815,7811.92
35816,7423.08
35817,6900.51
35818,9107.75
35819,7187.84
35820,7905.69
35821,7122.43
35822,7454.65
35823,6887.76
35824,6891.27
35825,6870.86
35826,7144.63
35827,7661.85
35828,7187.1
35829,7896.41
35830,6769.67
35831,7444.47
35832,7250.36
35833,7449.01
35834,7090.24
35835,7744.46
35836,7395.53
35837,7315.09
35838,6927.71
35839,7601.36
35840,7721.38
35841,7266.06
35842,9644.03
35843,8959.35
35844,7430.76
35845,7351.95
35846,6907.36
35847,6719.99
35848,7292.23
35849,8558.75
35850,7280.0
35851,7746.15
35852,7028.88
35853,7709.85
35854,8066.04
35855,7317.32
35856,7463.82
35857,7331.82
35858,5914.96
35859,6648.03
35860,6093.5
35861,6799.29
35862,6822.45
35863,7524.59
35864,7193.31
35865,7083.58
35866,8736.07
35867,7061.85
35868,7356.83
35869,7775.78
35870,6249.04
35871,8670.12
35872,7925.85
35873,7856.58
35874,7358.53
35875,7262.59
35876,13892.23
35877,7600.03
35878,7195.96
35879,7707.75
35880,9274.14
35881,8880.42
35882,7049.29
35883,7030.6
35884,7811.41
35885,13388.37
35886,7029.98
35887,7288.19
35888,7261.61
35889,7305.03
35890,7568.08
35891,8956.35
35892,7253.97
35893,7135.81
35894,7401.9
35895,7194.88
35896,7978.75
35897,7456.44
35898,7224.01
35899,6061.73
35900,7765.24
35901,8105.88
35902,7585.74
35903,7060.51
35904,7747.89
35905,7176.51
35906,7719.98
35907,8353.43
35908,7059.8
35909,7598.71
35910,7721.38
35911,7209.48
35912,7751.6
35913,10363.02
35914,6770.05
35915,6825.81
35916,7919.57
35917,7170.51
35918,7459.56
35919,7011.92
35920,7627.48
35921,6871.25
35922,4665.76
35923,7142.49
35924,7078.3
35925,8950.19
35926,7255.77
35927,7691.43
35928,7302.04
35929,8494.46
35930,7192.27
35931,7131.06
35932,8392.7
35933,7751.6
35934,9740.66
35935,7129.24
35936,6838.21
35937,11202.23
35938,8974.05
35939,6956.19
35940,7775.78
35941,7098.53
35942,7469.11
35943,6570.45
35944,6284.46
35945,7371.67
35946,6823.49
35947,7432.04
35948,6664.19
35949,9492.57
35950,7751.6
35951,14161.59
35952,7176.51
35953,6832.34
35954,8142.91
35955,8393.98
35956,7504.71
35957,7322.77
35958,6571.74
35959,7054.77
35960,6851.76
35961,6482.98
35962,6744.49
35963,7384.76
35964,7938.74
35965,7505.29
35966,6982.67
35967,7241.45
35968,6765.86
35969,7927.12
35970,7259.41
35971,11692.47
35972,9028.37
35973,7566.43
35974,8113.01
35975,7810.23
35976,7782.54
35977,9675.81
35978,7217.33
35979,7024.38
35980,6812.92
35981,6899.27
35982,7308.08
35983,6949.04
35984,10120.17
35985,7062.48
35986,7041.3
35987,6961.89
35988,8300.59
35989,6051.28
35990,7833.11
35991,7065.73
35992,7542.01
35993,7731.6
35994,8052.2
35995,7434.53
35996,7457.56
35997,6867.01
35998,6775.86
35999,7851.13
36000,11509.99
36001,6980.76
36002,9403.39
36003,7273.29
36004,6956.33
36005,7957.96
36006,9242.97
36007,6712.65
36008,6870.53
36009,7048.52
36010,7891.57
36011,8060.69
36012,7317.78
36013,6625.73
36014,7513.92
36015,6857.47
36016,10528.97
36017,6775.86
36018,8009.29
36019,6982.44
36020,6821.33
36021,9031.07
36022,7392.08
36023,7536.58
36024,7093.18
36025,7991.02
36026,6519.65
36027,7046.93
36028,7327.8
36029,7334.54
36030,8558.14
36031,7183.83
36032,6721.87
36033,8046.43
36034,7909.23
36035,8030.95
36036,7091.78
36037,6691.58
36038,8107.77
36039,7316.37
36040,6668.8
36041,7821.89
36042,7215.92
36043,6813.29
36044,8030.95
36045,6709.28
36046,7794.79
36047,6864.89
36048,7013.91
36049,7189.32
36050,6959.3
36051,5935.26
36052,6997.83
36053,7039.85
36054,7330.08
36055,6337.59
36056,6694.52
36057,7002.19
36058,6939.12
36059,6698.32
36060,6954.73
36061,8056.06
36062,8653.42
36063,7252.04
36064,7890.5
36065,7242.04
36066,8281.51
36067,6797.85
36068,8847.14
36069,7991.02
36070,7381.36
36071,7939.77
36072,7671.79
36073,7431.03
36074,7948.77
36075,7902.45
36076,7425.96
36077,6705.76
36078,7058.15
36079,6646.44
36080,7563.49
36081,7353.13
36082,6517.16
36083,6775.86
36084,7394.67
36085,7302.9
36086,7917.44
36087,6793.15
36088,8589.41
36089,7792.68
36090,7498.19
36091,6942.49
36092,6980.52
36093,7897.79
36094,5088.61
36095,7888.89
36096,7234.58
36097,8360.92
36098,6581.58
36099,6828.44
36100,7762.34
36101,7186.34
36102,5355.06
36103,11734.66
36104,7756.07
36105,7504.94
36106,6789.87
36107,6157.68
36108,7926.44
36109,7077.46
36110,7926.17
36111,7673.14
36112,7531.0
36113,7300.59
36114,8033.13
36115,7461.39
36116,7384.21
36117,7615.74
36118,7506.39
36119,6876.76
36120,6827.3
36121,6699.99
36122,5988.59
36123,7927.9
36124,7091.78
36125,7186.34
36126,6775.86
36127,7671.79
36128,7818.65
36129,7810.23
36130,7805.72
36131,6775.86
36132,8499.86
36133,7149.05
36134,7924.14
36135,6729.87
36136,6874.05
36137,7111.08
36138,7833.16
36139,7382.31
36140,9085.82
36141,7821.94
36142,8998.85
36143,7728.87
36144,7749.12
36145,7381.66
36146,19838.86
36147,13474.02
36148,7310.37
36149,4620.23
36150,7936.51
36151,9144.92
36152,5490.24
36153,12686.53
36154,18876.8
36155,6947.53
36156,7040.25
36157,7024.89
36158,7696.12
36159,11244.37
36160,8820.21
36161,7955.53
36162,4591.6
36163,7232.89
36164,7503.85
36165,7961.26
36166,7002.31
36167,7384.07
36168,7842.88
36169,6784.91
36170,6846.07
36171,6775.86
36172,7728.44
36173,6956.61
36174,7310.74
36175,7673.69
36176,6589.43
36177,7648.72
36178,7598.39
36179,6776.89
36180,7403.16
36181,7996.13
36182,9318.64
36183,7925.56
36184,7205.74
36185,7927.07
36186,6933.33
36187,7486.74
36188,7029.79
36189,6728.97
36190,7550.5
36191,6935.83
36192,7906.58
36193,7554.49
36194,7387.45
36195,8030.95
36196,7853.91
36197,7615.58
36198,7388.59
36199,15642.37
36200,7802.55
36201,6384.83
36202,7649.6
36203,6589.43
36204,6669.08
36205,5429.02
36206,6827.3
36207,7910.75
36208,7379.13
36209,16027.52
36210,8661.9
36211,7901.1
36212,6836.02
36213,6935.83
36214,7955.53
36215,8565.4
36216,10171.41
36217,7153.27
36218,9193.7
36219,7535.69
36220,7955.53
36221,7548.06
36222,8836.83
36223,7138.43
36224,7607.35
36225,7165.44
36226,6524.07
36227,8060.62
36228,7845.05
36229,7957.53
36230,6822.81
36231,7957.96
36232,10532.12
36233,7416.13
36234,7781.04
36235,7822.91
36236,7404.36
36237,7810.23
36238,7139.8
36239,7634.57
36240,7513.0
36241,7327.32
36242,8895.81
36243,7112.74
36244,7401.35
36245,6724.16
36246,19145.49
36247,8400.44
36248,7102.54
36249,8295.52
36250,6775.86
36251,7877.7
36252,7516.13
36253,6775.86
36254,7921.66
36255,7596.46
36256,6622.19
36257,8405.53
36258,6939.12
36259,7252.22
36260,7678.71
36261,6784.46
36262,6859.84
36263,7716.39
36264,7522.47
36265,7276.2
36266,7015.09
36267,7822.14
36268,7890.5
36269,7052.49
36270,7080.91
36271,7165.44
36272,7854.2
36273,7912.51
36274,6818.52
36275,7183.53
36276,5482.87
36277,7469.69
36278,7837.07
36279,6949.04
36280,5866.66
36281,6294.73
36282,8940.88
36283,7504.25
36284,5584.86
36285,7991.9
36286,7957.96
36287,9601.13
36288,8230.61
36289,7360.96
36290,5710.37
36291,7539.97
36292,6968.3
36293,7536.11
36294,7726.73
36295,6410.43
36296,8895.61
36297,7997.81
36298,10096.41
36299,7164.01
36300,7151.94
36301,7182.65
36302,8203.64
36303,7925.05
36304,7375.65
36305,7397.75
36306,6959.92
36307,9053.11
36308,7074.85
36309,7686.42
36310,8026.71
36311,7902.45
36312,8177.77
36313,7810.23
36314,13779.23
36315,7457.92
36316,7842.88
36317,7445.49
36318,10290.2
36319,7270.64
36320,7477.47
36321,8077.42
36322,7465.38
36323,6784.91
36324,7178.91
36325,7678.23
36326,7146.9
36327,7155.34
36328,6694.52
36329,6949.04
36330,7038.8
36331,9461.71
36332,6765.86
36333,7537.36
36334,7518.99
36335,6676.35
36336,8728.67
36337,7662.46
36338,6045.45
36339,6829.28
36340,7506.46
36341,6802.97
36342,7144.54
36343,7955.53
36344,6721.87
36345,6456.78
36346,7253.38
36347,7671.79
36348,6928.52
36349,8189.26
36350,7566.61
36351,7801.15
36352,7143.38
36353,6992.96
36354,7513.48
36355,8030.95
36356,7854.2
36357,13446.93
36358,7927.9
36359,7888.89
36360,8023.0
36361,9858.44
36362,7955.53
36363,7110.69
36364,6637.16
36365,7750.97
36366,6759.37
36367,5758.34
36368,6960.24
36369,7015.09
36370,7722.1
36371,7260.79
36372,6914.08
36373,7695.22
36374,7580.38
36375,7962.99
36376,6300.79
36377,6808.56
36378,7118.58
36379,7072.97
36380,7556.87
36381,7083.06
36382,6949.53
36383,6294.73
36384,6574.75
36385,7651.83
36386,19058.41
36387,6888.61
36388,7124.99
36389,7527.3
36390,6971.32
36391,7651.42
36392,7045.26
36393,7847.33
36394,6899.02
36395,7468.55
36396,6891.03
36397,8456.39
36398,6893.54
36399,6935.83
36400,7583.63
36401,7461.2
36402,9296.17
36403,7504.71
36404,7364.94
36405,6839.52
36406,7467.11
36407,15847.33
36408,8231.79
36409,8041.95
36410,6107.77
36411,7470.57
36412,7314.13
36413,6739.56
36414,8316.33
36415,8517.16
36416,7580.27
36417,8413.63
36418,7325.89
36419,7258.81
36420,7268.16
36421,7554.49
36422,7305.55
36423,6952.91
36424,7081.36
36425,7594.21
36426,7683.39
36427,7625.79
36428,7890.5
36429,6999.99
36430,7149.81
36431,6802.93
36432,6191.65
36433,7129.62
36434,7877.7
36435,7215.09
36436,7993.91
36437,7393.18
36438,7625.16
36439,7493.61
36440,6743.01
36441,7410.48
36442,7077.53
36443,7654.04
36444,7322.51
36445,7272.88
36446,7890.5
36447,6872.12
36448,7247.44
36449,8024.94
36450,7191.46
36451,10350.01
36452,6925.97
36453,7845.05
36454,6779.89
36455,7392.24
36456,7847.8
36457,7604.34
36458,4973.51
36459,7343.18
36460,7227.96
36461,6861.03
36462,6642.21
36463,7277.22
36464,6884.66
36465,7919.24
36466,8801.67
36467,7432.04
36468,7855.03
36469,5060.76
36470,7127.94
36471,6990.36
36472,9026.0
36473,7565.82
36474,6611.2
36475,8480.6
36476,7269.73
36477,7527.61
36478,6654.67
36479,6781.73
36480,7055.01
36481,7069.4
36482,7930.93
36483,7411.99
36484,7223.92
36485,7465.38
36486,7679.47
36487,7222.07
36488,7499.54
36489,7191.7
36490,9734.74
36491,6976.72
36492,7308.08
36493,6818.52
36494,7012.01
36495,7572.85
36496,7665.76
36497,7572.12
36498,7315.22
36499,7939.77
36500,6992.53
36501,7605.6
36502,7128.11
36503,12021.76
36504,7639.73
36505,7573.51
36506,7123.46
36507,6918.97
36508,7481.83
36509,8086.51
36510,7368.29
36511,7445.49
36512,7900.39
36513,7890.5
36514,7810.43
36515,6704.12
36516,7294.21
36517,7913.29
36518,9107.75
36519,8203.64
36520,14859.17
36521,7449.24
36522,6960.45
36523,8362.98
36524,7854.2
36525,7778.27
36526,7490.99
36527,8026.71
36528,7957.96
36529,6755.53
36530,7392.0
36531,7103.98
36532,7277.68
36533,7263.63
36534,6968.69
36535,7269.97
36536,7660.5
36537,18146.93
36538,7938.74
36539,7875.22
36540,8606.94
36541,6949.04
36542,8281.51
36543,4586.26
36544,9843.14
36545,7890.5
36546,8079.87
36547,10708.8
36548,10520.44
36549,7539.15
36550,7267.89
36551,4498.05
36552,7392.24
36553,6877.56
36554,7338.88
36555,7348.91
36556,7360.13
36557,6395.42
36558,7241.67
36559,7089.24
36560,7421.58
36561,7919.24
36562,7854.2
36563,7315.42
36564,8364.49
36565,6912.35
36566,7222.07
36567,7845.05
36568,6739.16
36569,8052.2
36570,6944.66
36571,5493.56
36572,7197.64
36573,6828.85
36574,7019.47
36575,6485.03
36576,7717.41
36577,8009.65
36578,7658.73
36579,7810.23
36580,4603.72
36581,6709.28
36582,6881.81
36583,7095.43
36584,7222.07
36585,7080.91
36586,6836.02
36587,8359.24
36588,8053.61
36589,7271.06
36590,7123.21
36591,7919.24
36592,7066.66
36593,10389.1
36594,7451.92
36595,7545.08
36596,7432.56
36597,7910.25
36598,6698.55
36599,9603.17
36600,7111.24
36601,7116.2
36602,7455.3
36603,7664.3
36604,7012.24
36605,7890.5
36606,6929.61
36607,6972.07
36608,7030.1
36609,7563.49
36610,7351.04
36611,6644.81
36612,7216.24
36613,7257.33
36614,7503.11
36615,7926.44
36616,7011.49
36617,7696.21
36618,8139.39
36619,7315.34
36620,7898.81
36621,7550.5
36622,7906.73
36623,7044.27
36624,7993.58
36625,7384.72
36626,6625.73
36627,7648.31
36628,8203.64
36629,7211.13
36630,8023.0
36631,7813.71
36632,5883.15
36633,6589.43
36634,7890.5
36635,7150.05
36636,8079.87
36637,6772.5
36638,7219.25
36639,6988.68
36640,7071.56
36641,7456.61
36642,8565.4
36643,8023.0
36644,7949.61
36645,8008.43
36646,7081.99
36647,7794.54
36648,5677.25
36649,7823.28
36650,7583.8
36651,8336.05
36652,8646.27
36653,6989.62
36654,6712.65
36655,7252.91
36656,8056.06
36657,7938.11
36658,9534.15
36659,7760.8
36660,7477.0
36661,8732.01
36662,7527.23
36663,7596.96
36664,6945.47
36665,6912.35
36666,7211.29
36667,7382.4
36668,7490.38
36669,7186.34
36670,7335.61
36671,7912.51
36672,7513.8
36673,6865.28
36674,9107.75
36675,7168.2
36676,8168.51
36677,7104.18
36678,7388.21
36679,6805.11
36680,6884.66
36681,6804.42
36682,7124.99
36683,7823.85
36684,7110.22
36685,8077.42
36686,6703.22
36687,7348.99
36688,7318.66
36689,7389.28
36690,7055.01
36691,7810.23
36692,7332.77
36693,7279.86
36694,6861.26
36695,7550.5
36696,7890.5
36697,7336.26
36698,9663.96
36699,8998.33
36700,7412.51
36701,7332.31
36702,6872.12
36703,6653.54
36704,7260.69
36705,8616.73
36706,7260.36
36707,7686.42
36708,6933.4
36709,7650.13
36710,8070.06
36711,7221.84
36712,7399.56
36713,7265.37
36714,6089.25
36715,6581.58
36716,6030.15
36717,6739.56
36718,6756.0
36719,7504.94
36720,7126.86
36721,7048.35
36722,8766.83
36723,7026.61
36724,7297.11
36725,7877.69
36726,6312.8
36727,8713.5
36728,7906.21
36729,7792.32
36730,7338.88
36731,7196.14
36732,13873.91
36733,7580.38
36734,7160.73
36735,7672.52
36736,9269.7
36737,8923.32
36738,7172.73
36739,6989.43
36740,7715.94
36741,13388.37
36742,7048.64
36743,7269.95
36744,7241.97
36745,7375.65
36746,7449.29
36747,8956.35
36748,7203.11
36749,7069.36
36750,7351.04
36751,7183.82
36752,8052.2
36753,7405.58
36754,7188.78
36755,5998.97
36756,7762.73
36757,8130.15
36758,7566.1
36759,6983.64
36760,7745.38
36761,7156.87
36762,7854.54
36763,8370.14
36764,6977.15
36765,7579.07
36766,7890.5
36767,7232.67
36768,7955.53
36769,10421.67
36770,6703.6
36771,6766.09
36772,8065.76
36773,7150.87
36774,7473.03
36775,6945.47
36776,7607.84
36777,6836.02
36778,4675.38
36779,7091.63
36780,7043.06
36781,8950.19
36782,7189.32
36783,7671.79
36784,7297.83
36785,8525.22
36786,7315.71
36787,7080.2
36788,8310.05
36789,7955.53
36790,9677.9
36791,7062.8
36792,6802.97
36793,11265.13
36794,9046.83
36795,6889.74
36796,7877.69
36797,7032.08
36798,7433.88
36799,6554.15
36800,6265.55
36801,7352.03
36802,6757.05
36803,7381.18
36804,6597.74
36805,9535.46
36806,7955.53
36807,14298.62
36808,7156.87
36809,6832.34
36810,8142.91
36811,8406.19
36812,7504.71
36813,7322.77
36814,6571.74
36815,7054.77
36816,6851.76
36817,6466.39
36818,6744.49
36819,7384.76
36820,7950.95
36821,7505.29
36822,6982.67
36823,7241.45
36824,6765.86
36825,7927.12
36826,7259.41
36827,11814.63
36828,9146.21
36829,7566.43
36830,8127.49
36831,7822.44
36832,7782.54
36833,9675.81
36834,7217.33
36835,7024.38
36836,6812.92
36837,7038.39
36838,7372.99
36839,6949.04
36840,10091.25
36841,7062.48
36842,7041.3
36843,6961.89
36844,8326.0
36845,6051.28
36846,7845.32
36847,7065.73
36848,7542.01
36849,7731.6
36850,8064.42
36851,7434.53
36852,7457.56
36853,6893.77
36854,6775.86
36855,7851.13
36856,11447.84
36857,6980.76
36858,9511.35
36859,7469.31
36860,6956.33
36861,7970.17
36862,9242.97
36863,6712.65
36864,6929.98
36865,7170.33
36866,7903.78
36867,8072.9
36868,7317.78
36869,6625.73
36870,7513.92
36871,6857.47
36872,10494.83
36873,6775.86
36874,8021.5
36875,6982.44
36876,6821.33
36877,9194.75
36878,7392.08
36879,7589.43
36880,7072.73
36881,8003.23
36882,6519.65
36883,7046.93
36884,7327.8
36885,7334.54
36886,8614.46
36887,7183.83
36888,6721.87
36889,8046.43
36890,7921.45
36891,8043.17
36892,7091.78
36893,6691.58
36894,8119.98
36895,7316.37
36896,6668.8
36897,7834.1
36898,7215.92
36899,6813.29
36900,8043.17
36901,6709.28
36902,7794.79
36903,6864.89
36904,7013.91
36905,7189.32
36906,6959.3
36907,5935.26
36908,6997.83
36909,7039.85
36910,7330.08
36911,6337.59
36912,6694.52
36913,7002.19
36914,6939.12
36915,6698.32
36916,6954.73
36917,8068.27
36918,8757.75
36919,7252.04
36920,7902.71
36921,7242.04
36922,8293.72
36923,6797.85
36924,8867.79
36925,8003.23
36926,7381.36
36927,7951.98
36928,7671.79
36929,7431.03
36930,7960.98
36931,7914.66
36932,7425.96
36933,6705.76
36934,7058.15
36935,6665.06
36936,7563.49
36937,7353.13
36938,6517.16
36939,6775.86
36940,7488.84
36941,7302.9
36942,7917.44
36943,6793.15
36944,8589.41
36945,7792.68
36946,7498.19
36947,6942.49
36948,6980.52
36949,7910.0
36950,5198.58
36951,7901.1
36952,7234.58
36953,8360.92
36954,6581.58
36955,6828.44
36956,7762.34
36957,7186.34
36958,5355.06
36959,11736.24
36960,7756.07
36961,7504.94
36962,6789.87
36963,6092.7
36964,7938.66
36965,7077.46
36966,7942.19
36967,7673.14
36968,7531.0
36969,7300.59
36970,8045.34
36971,7461.39
36972,7384.21
36973,7628.74
36974,7571.3
36975,6876.76
36976,6827.3
36977,6699.99
36978,5988.59
36979,7940.12
36980,7091.78
36981,7186.34
36982,6775.86
36983,7671.79
36984,7875.65
36985,7822.44
36986,7805.72
36987,6775.86
36988,8499.86
36989,7149.05
36990,7974.21
36991,6729.87
36992,6874.05
36993,7111.08
36994,7920.86
36995,7382.31
36996,9085.82
36997,7821.94
36998,9120.89
36999,7728.87
37000,7761.33
37001,7381.66
37002,19944.1
37003,13544.43
37004,7493.85
37005,4665.8
37006,7936.51
37007,9163.53
37008,5440.42
37009,12775.64
37010,19288.1
37011,6947.53
37012,7040.25
37013,7024.89
37014,7696.12
37015,11381.75
37016,8840.86
37017,7967.74
37018,4573.99
37019,7232.89
37020,7503.85
37021,7973.47
37022,7002.31
37023,7384.07
37024,7855.09
37025,6784.91
37026,6846.07
37027,6775.86
37028,7728.44
37029,6956.61
37030,7310.74
37031,7673.69
37032,6589.43
37033,7706.6
37034,7598.39
37035,6776.89
37036,7403.16
37037,8008.35
37038,9325.92
37039,7937.77
37040,7205.74
37041,7927.07
37042,6933.33
37043,7486.74
37044,7029.79
37045,6728.97
37046,7550.5
37047,6935.83
37048,7925.94
37049,7554.49
37050,7387.45
37051,8043.17
37052,7853.91
37053,7615.58
37054,7388.59
37055,16037.88
37056,7802.55
37057,6411.59
37058,7649.6
37059,6589.43
37060,6669.08
37061,5429.1
37062,6827.3
37063,7922.97
37064,7379.13
37065,17828.16
37066,8702.95
37067,7901.1
37068,6836.02
37069,6935.83
37070,7967.74
37071,8606.45
37072,10192.06
37073,7153.27
37074,9168.78
37075,7629.86
37076,7967.74
37077,7548.06
37078,8857.47
37079,7138.43
37080,7607.35
37081,7165.44
37082,6508.21
37083,8066.2
37084,7857.26
37085,7957.53
37086,6822.81
37087,7970.17
37088,10999.52
37089,7416.13
37090,7781.04
37091,7835.12
37092,7404.36
37093,7822.44
37094,7139.8
37095,7634.57
37096,7513.0
37097,7327.32
37098,8914.43
37099,7112.74
37100,7401.35
37101,6724.16
37102,19220.91
37103,8400.44
37104,7102.54
37105,8348.36
37106,6775.86
37107,7889.91
37108,7516.13
37109,6775.86
37110,7933.88
37111,7596.46
37112,6622.19
37113,8447.37
37114,6939.12
37115,7252.22
37116,7678.71
37117,6784.46
37118,6859.84
37119,7716.39
37120,7522.47
37121,7276.2
37122,7015.09
37123,7982.75
37124,7902.71
37125,7052.49
37126,7080.91
37127,7165.44
37128,7866.41
37129,7924.72
37130,6818.52
37131,7183.53
37132,5479.2
37133,7469.69
37134,7849.28
37135,6949.04
37136,5866.66
37137,6494.64
37138,8977.33
37139,7504.25
37140,5584.86
37141,8004.11
37142,7970.17
37143,9601.13
37144,8242.82
37145,7360.96
37146,5710.37
37147,7539.97
37148,6968.3
37149,7536.11
37150,7779.57
37151,6480.53
37152,8895.61
37153,8010.02
37154,10128.13
37155,7164.01
37156,7151.94
37157,7182.65
37158,8215.86
37159,7937.26
37160,7410.65
37161,7397.75
37162,6959.92
37163,9109.43
37164,7074.85
37165,7686.42
37166,8038.92
37167,7914.66
37168,8189.98
37169,7822.44
37170,13826.75
37171,7457.92
37172,7855.09
37173,8111.81
37174,10319.17
37175,7270.64
37176,7477.47
37177,8089.63
37178,7465.38
37179,6784.91
37180,7178.91
37181,7690.44
37182,7146.9
37183,7155.34
37184,6694.52
37185,6949.04
37186,7038.8
37187,9461.71
37188,6765.86
37189,7537.36
37190,7518.99
37191,6747.68
37192,8756.96
37193,7662.46
37194,6095.52
37195,6829.28
37196,7506.46
37197,6802.97
37198,7144.54
37199,7967.74
37200,6721.87
37201,6456.78
37202,7253.38
37203,7671.79
37204,6895.9
37205,8201.47
37206,7566.61
37207,7801.15
37208,7143.38
37209,6992.96
37210,7513.48
37211,8043.17
37212,7866.41
37213,13517.34
37214,7940.12
37215,7901.1
37216,8035.21
37217,9858.44
37218,7967.74
37219,7110.69
37220,6637.16
37221,7750.97
37222,6759.37
37223,5758.34
37224,6960.24
37225,7015.09
37226,7741.46
37227,7260.79
37228,6914.08
37229,7695.22
37230,7580.38
37231,7975.2
37232,6294.06
37233,6807.42
37234,7118.58
37235,7072.97
37236,7556.87
37237,7083.06
37238,6949.53
37239,6494.64
37240,6574.75
37241,7651.83
37242,19282.56
37243,6888.61
37244,7124.99
37245,7569.58
37246,6971.32
37247,7651.42
37248,7045.26
37249,7888.39
37250,6899.02
37251,7468.55
37252,6891.03
37253,8456.39
37254,6893.54
37255,6935.83
37256,7583.63
37257,7461.2
37258,9303.45
37259,7504.71
37260,7459.11
37261,6839.52
37262,7486.65
37263,16286.33
37264,8237.4
37265,8054.16
37266,6101.78
37267,7470.57
37268,7314.13
37269,6739.56
37270,8328.54
37271,8573.48
37272,7580.27
37273,8413.63
37274,7325.89
37275,7258.81
37276,7343.23
37277,7554.49
37278,7305.55
37279,6952.91
37280,7081.36
37281,7594.21
37282,7683.39
37283,7625.79
37284,7902.71
37285,6999.99
37286,7149.81
37287,7030.19
37288,6172.24
37289,7129.62
37290,7889.91
37291,7215.09
37292,8006.12
37293,7393.18
37294,7625.16
37295,7493.61
37296,6743.01
37297,7410.48
37298,7077.53
37299,7654.04
37300,7322.51
37301,7272.88
37302,7902.71
37303,6872.12
37304,7247.44
37305,8081.26
37306,7191.46
37307,11023.56
37308,6925.97
37309,7857.26
37310,6779.89
37311,7445.09
37312,7847.8
37313,7604.34
37314,5077.54
37315,7391.0
37316,7227.96
37317,6861.03
37318,6642.21
37319,7277.22
37320,6884.66
37321,7931.45
37322,8796.31
37323,7432.04
37324,7867.25
37325,5048.09
37326,7127.94
37327,6990.36
37328,9046.65
37329,7565.82
37330,6611.2
37331,8588.05
37332,7269.73
37333,7527.61
37334,6719.58
37335,6781.73
37336,7055.01
37337,7069.4
37338,7943.14
37339,7411.99
37340,7318.09
37341,7465.38
37342,8044.24
37343,7222.07
37344,7499.54
37345,7191.7
37346,9804.08
37347,6976.72
37348,7372.99
37349,6818.52
37350,7012.01
37351,7572.85
37352,7721.06
37353,7572.12
37354,7315.22
37355,7951.98
37356,6992.53
37357,7662.6
37358,7128.11
37359,12210.38
37360,7639.73
37361,7573.51
37362,7155.02
37363,6918.97
37364,7481.83
37365,8086.51
37366,7368.29
37367,8111.81
37368,7900.39
37369,7902.71
37370,7822.64
37371,6704.12
37372,7294.21
37373,7925.5
37374,9128.39
37375,8215.86
37376,14937.15
37377,7502.09
37378,6960.45
37379,8419.3
37380,7866.41
37381,7778.27
37382,7490.99
37383,8038.92
37384,7970.17
37385,6755.53
37386,7392.0
37387,7103.98
37388,7277.68
37389,7263.63
37390,6968.69
37391,7269.97
37392,7660.5
37393,18493.46
37394,7950.95
37395,7887.43
37396,8601.57
37397,6949.04
37398,8293.72
37399,4586.26
37400,9839.44
37401,7902.71
37402,8092.08
37403,10732.15
37404,10468.59
37405,7551.34
37406,7267.89
37407,4498.05
37408,7445.09
37409,6877.56
37410,7338.88
37411,7348.91
37412,7360.13
37413,6470.49
37414,7241.67
37415,7089.24
37416,7421.58
37417,7931.45
37418,7866.41
37419,7315.42
37420,8364.49
37421,6912.35
37422,7222.07
37423,7857.26
37424,6739.16
37425,8064.41
37426,6944.66
37427,5561.79
37428,7197.64
37429,6828.85
37430,7019.47
37431,6485.03
37432,7767.88
37433,8009.65
37434,7658.73
37435,7822.44
37436,4672.88
37437,6709.28
37438,6881.81
37439,7114.96
37440,7222.07
37441,7080.91
37442,6836.02
37443,8359.24
37444,8065.82
37445,7271.06
37446,7178.26
37447,7931.45
37448,7160.84
37449,10389.1
37450,7451.92
37451,7545.08
37452,7432.56
37453,7922.46
37454,6698.55
37455,9603.17
37456,7111.24
37457,7116.2
37458,7455.3
37459,7664.3
37460,7071.21
37461,7902.71
37462,6929.61
37463,6972.07
37464,7030.1
37465,7563.49
37466,7351.04
37467,6644.81
37468,7216.24
37469,7257.33
37470,7503.11
37471,7938.66
37472,7011.49
37473,7696.21
37474,8151.6
37475,7315.34
37476,7911.02
37477,7550.5
37478,7918.94
37479,7044.27
37480,8005.79
37481,7384.72
37482,6625.73
37483,7648.31
37484,8215.86
37485,7211.13
37486,8035.21
37487,7870.03
37488,6170.61
37489,6589.43
37490,7902.71
37491,7150.05
37492,8092.08
37493,6813.74
37494,7219.25
37495,6988.68
37496,7222.39
37497,7563.37
37498,8606.45
37499,8035.21
37500,7956.89
37501,8008.43
37502,7081.99
37503,7806.75
37504,5658.99
37505,7835.49
37506,7583.8
37507,8377.11
37508,8687.33
37509,7037.63
37510,6712.65
37511,7252.91
37512,8068.27
37513,7950.32
37514,9696.92
37515,7760.8
37516,7477.0
37517,8742.52
37518,7527.23
37519,7596.96
37520,6945.47
37521,6912.35
37522,7211.29
37523,7382.4
37524,7490.38
37525,7186.34
37526,7335.61
37527,7924.72
37528,8112.36
37529,6865.28
37530,9128.39
37531,7168.2
37532,8180.72
37533,7104.18
37534,7388.21
37535,6805.11
37536,6884.66
37537,6804.42
37538,7124.99
37539,7836.07
37540,7110.22
37541,8089.63
37542,6703.22
37543,7348.99
37544,7456.49
37545,7389.28
37546,7055.01
37547,7822.44
37548,7530.14
37549,7279.86
37550,6861.26
37551,7550.5
37552,7902.71
37553,7450.11
37554,9623.64
37555,9228.01
37556,7412.51
37557,7332.31
37558,6872.12
37559,6653.54
37560,7292.25
37561,8673.04
37562,7260.36
37563,7686.42
37564,6933.4
37565,7650.13
37566,8084.54
37567,7221.84
37568,7399.56
37569,7265.37
37570,6314.6
37571,6581.58
37572,6030.15
37573,6739.56
37574,6756.0
37575,7504.94
37576,7126.86
37577,7048.35
37578,8761.47
37579,7026.61
37580,7297.11
37581,7889.91
37582,6658.99
37583,8641.87
37584,7906.21
37585,7792.32
37586,7338.88
37587,7196.14
37588,13848.16
37589,7580.38
37590,7160.73
37591,7672.52
37592,9392.77
37593,8923.32
37594,7172.73
37595,6989.43
37596,7715.94
37597,13494.17
37598,7113.55
37599,7269.95
37600,7241.97
37601,7410.65
37602,7449.29
37603,8974.18
37604,7203.11
37605,7069.36
37606,7351.04
37607,7178.45
37608,8064.42
37609,7405.58
37610,7188.78
37611,6054.02
37612,7762.73
37613,8144.03
37614,7566.1
37615,6983.64
37616,7745.38
37617,7156.87
37618,7866.75
37619,8370.14
37620,6977.15
37621,7579.07
37622,7902.71
37623,7320.86
37624,7967.74
37625,10491.0
37626,6703.6
37627,6766.09
37628,8077.97
37629,7150.87
37630,7523.53
37631,6945.47
37632,7607.84
37633,6836.02
37634,4733.43
37635,7091.63
37636,7043.06
37637,8970.84
37638,7189.32
37639,7671.79
37640,7362.74
37641,8519.86
37642,7315.71
37643,7080.2
37644,8310.05
37645,7967.74
37646,9727.97
37647,7062.8
37648,6802.97
37649,11331.06
37650,9075.52
37651,6889.74
37652,7889.91
37653,7032.08
37654,7433.88
37655,6610.66
37656,6332.46
37657,7352.03
37658,6757.05
37659,7381.18
37660,6597.74
37661,9535.46
37662,7967.74
37663,14358.54
37664,7156.87
37665,7732.96
37666,8142.91
37667,8878.23
37668,8466.1
37669,8155.01
37670,7810.94
37671,7405.57
37672,7259.65
37673,6794.12
37674,7274.94
37675,7786.81
37676,8726.68
37677,7933.92
37678,7439.07
37679,7461.38
37680,7275.34
37681,8088.78
37682,7605.13
37683,12311.79
37684,9448.31
37685,8285.92
37686,8648.72
37687,8156.03
37688,8263.98
37689,9319.17
37690,7585.29
37691,7197.24
37692,7834.71
37693,7685.84
37694,8104.92
37695,7431.97
37696,10093.93
37697,7587.52
37698,7960.15
37699,7436.27
37700,8447.19
37701,7433.55
37702,8121.32
37703,8230.37
37704,7822.89
37705,8066.99
37706,8478.57
37707,7859.9
37708,7765.14
37709,6956.9
37710,8000.1
37711,8135.45
37712,11428.82
37713,7505.81
37714,9647.01
37715,7478.51
37716,7389.29
37717,8469.43
37718,9296.38
37719,7097.77
37720,8132.61
37721,7332.93
37722,8226.31
37723,8368.86
37724,7624.27
37725,8112.81
37726,8293.98
37727,7227.2
37728,10525.03
37729,8150.2
37730,8798.46
37731,7225.88
37732,7221.55
37733,9316.52
37734,7854.89
37735,7864.22
37736,7072.73
37737,8544.01
37738,6519.65
37739,7408.01
37740,8167.0
37741,7771.97
37742,8992.16
37743,7612.46
37744,7878.36
37745,8319.63
37746,8565.06
37747,8307.25
37748,7542.66
37749,7772.11
37750,8667.06
37751,7684.33
37752,8028.35
37753,8391.59
37754,8387.16
37755,7354.86
37756,8324.6
37757,7561.81
37758,8355.5
37759,7363.28
37760,7439.74
37761,7692.12
37762,7448.46
37763,7942.75
37764,7446.22
37765,7564.9
37766,7638.68
37767,6844.42
37768,7200.96
37769,7296.01
37770,7391.79
37771,7728.44
37772,7953.4
37773,8671.1
37774,10024.17
37775,7565.55
37776,8480.27
37777,7717.82
37778,8660.31
37779,8110.76
37780,8867.79
37781,8544.01
37782,7940.05
37783,8507.22
37784,7981.31
37785,8153.1
37786,8136.49
37787,8507.22
37788,7851.33
37789,7093.35
37790,7478.03
37791,6865.3
37792,8520.57
37793,7966.42
37794,7096.57
37795,8150.2
37796,8614.41
37797,7654.46
37798,8348.67
37799,8324.97
37800,8721.57
37801,8315.64
37802,7845.77
37803,7410.59
37804,8092.68
37805,8496.6
37806,5783.21
37807,8491.77
37808,7760.21
37809,8483.81
37810,7039.46
37811,7343.11
37812,8116.5
37813,8182.16
37814,5355.06
37815,11935.34
37816,8745.65
37817,7873.34
37818,7898.37
37819,6092.7
37820,8286.03
37821,7497.35
37822,8058.4
37823,8472.81
37824,7811.88
37825,7704.33
37826,8537.98
37827,7920.41
37828,7829.36
37829,7966.73
37830,8086.53
37831,7978.17
37832,7235.19
37833,7761.64
37834,7402.01
37835,8302.97
37836,7542.66
37837,8160.61
37838,8107.94
37839,7981.31
37840,7875.65
37841,8219.23
37842,8135.87
37843,8046.48
37844,8519.93
37845,7595.42
37846,8242.85
37847,8064.75
37848,8309.19
37849,7553.21
37850,8153.16
37851,7828.14
37852,8977.12
37853,8393.83
37854,9193.83
37855,7784.11
37856,8103.74
37857,7916.33
37858,19944.1
37859,13592.45
37860,7465.97
37861,4769.96
37862,8202.58
37863,9202.27
37864,5440.42
37865,12821.45
37866,19389.92
37867,7329.59
37868,7543.05
37869,8041.98
37870,8520.55
37871,11480.63
37872,8840.86
37873,8746.64
37874,4768.29
37875,7574.81
37876,7930.7
37877,8658.49
37878,7439.74
37879,7384.07
37880,8197.96
37881,7283.43
37882,7430.59
37883,8107.94
37884,8068.6
37885,7446.79
37886,8253.72
37887,8383.13
37888,7710.07
37889,8267.73
37890,7844.01
37891,7914.01
37892,8020.82
37893,8299.34
37894,9423.86
37895,8903.11
37896,7540.24
37897,7927.07
37898,8276.43
37899,7879.52
37900,7449.67
37901,7116.56
37902,7955.57
37903,7332.76
37904,8254.99
37905,8113.62
37906,7785.98
37907,8489.0
37908,8214.14
37909,8137.88
37910,7657.52
37911,16745.1
37912,8219.38
37913,6396.81
37914,8104.29
37915,7796.7
37916,7141.79
37917,5492.2
37918,7235.19
37919,8644.18
37920,7733.3
37921,17943.64
37922,8989.94
37923,8099.61
37924,7263.62
37925,7332.76
37926,8722.54
37927,8875.89
37928,10303.14
37929,7153.27
37930,9157.3
37931,8739.35
37932,8722.54
37933,7926.51
37934,8857.47
37935,7567.53
37936,8055.87
37937,7616.32
37938,6681.67
37939,8361.18
37940,8373.03
37941,8225.09
37942,8238.71
37943,8396.26
37944,11193.29
37945,7701.0
37946,8222.49
37947,8391.15
37948,7776.8
37949,8368.86
37950,7520.0
37951,7968.55
37952,7881.4
37953,7634.43
37954,9104.66
37955,8264.41
37956,8389.62
37957,7166.25
37958,19253.63
37959,8410.99
37960,7615.43
37961,8490.48
37962,8074.61
37963,8375.18
37964,7943.04
37965,8074.61
37966,8419.54
37967,8282.57
37968,7951.87
37969,8782.02
37970,7391.79
37971,7698.59
37972,8672.47
37973,7212.06
37974,7257.02
37975,8005.87
37976,7921.0
37977,7748.0
37978,7434.7
37979,8391.18
37980,8480.27
37981,7537.02
37982,8350.36
37983,7616.32
37984,8165.08
37985,8698.7
37986,7226.41
37987,7543.64
37988,5494.29
37989,7790.58
37990,8794.25
37991,7431.97
37992,7247.68
37993,7179.6
37994,9037.57
37995,8065.48
37996,5584.86
37997,8548.62
37998,8378.74
37999,9372.3
38000,8616.64
38001,7601.52
38002,7456.8
38003,7991.73
38004,8010.74
38005,7844.05
38006,8284.96
38007,6595.17
38008,8646.26
38009,8717.83
38010,10180.11
38011,7585.57
38012,7581.42
38013,7548.22
38014,8741.85
38015,8468.0
38016,7522.37
38017,7704.86
38018,8298.25
38019,9643.87
38020,7514.2
38021,8528.25
38022,8317.29
38023,8494.6
38024,8694.86
38025,8314.74
38026,13906.23
38027,7958.94
38028,8287.95
38029,8638.74
38030,10400.17
38031,7659.49
38032,7909.81
38033,8414.63
38034,7949.9
38035,7283.43
38036,7618.27
38037,8645.79
38038,7592.24
38039,7639.86
38040,7119.72
38041,7397.43
38042,7563.84
38043,9051.95
38044,7275.34
38045,7820.12
38046,7715.1
38047,7940.78
38048,9314.11
38049,8411.74
38050,6296.67
38051,7322.87
38052,7785.65
38053,7245.4
38054,7574.01
38055,8722.54
38056,7861.97
38057,6692.9
38058,7627.1
38059,7981.31
38060,7294.44
38061,8861.6
38062,8064.56
38063,8064.8
38064,7572.01
38065,6992.96
38066,7938.85
38067,8671.46
38068,8352.08
38069,13565.36
38070,8313.02
38071,8491.77
38072,8793.3
38073,9361.9
38074,8625.37
38075,7624.19
38076,7982.61
38077,8075.33
38078,7115.94
38079,7224.96
38080,7405.57
38081,7434.7
38082,8128.35
38083,7707.16
38084,7930.22
38085,8019.58
38086,7912.6
38087,8665.76
38088,8126.69
38089,6827.52
38090,8314.02
38091,7502.45
38092,7978.43
38093,8251.04
38094,7525.7
38095,7179.6
38096,7754.7
38097,8425.64
38098,19437.31
38099,7468.02
38100,7575.86
38101,7669.62
38102,7474.12
38103,7993.86
38104,7529.78
38105,8347.93
38106,7355.13
38107,7719.95
38108,7421.48
38109,8519.93
38110,7290.72
38111,7332.76
38112,8191.98
38113,8090.06
38114,9522.39
38115,8282.21
38116,8233.68
38117,7409.22
38118,8364.22
38119,16969.38
38120,8316.28
38121,8287.47
38122,6142.0
38123,7872.61
38124,7742.76
38125,7797.86
38126,8739.85
38127,8840.73
38128,7892.49
38129,8413.63
38130,7833.14
38131,7678.69
38132,7509.43
38133,8246.15
38134,7568.35
38135,7801.15
38136,7439.31
38137,8053.23
38138,8824.95
38139,8008.89
38140,8370.65
38141,7420.8
38142,7600.69
38143,7648.55
38144,8056.49
38145,7519.02
38146,8401.97
38147,7643.73
38148,8652.24
38149,8508.56
38150,8062.77
38151,7978.13
38152,8179.82
38153,7673.29
38154,7435.77
38155,7963.55
38156,8043.34
38157,8248.16
38158,8384.89
38159,7158.12
38160,7467.37
38161,8567.11
38162,7613.02
38163,11322.8
38164,7902.98
38165,8423.24
38166,7295.52
38167,7999.79
38168,8311.58
38169,8046.08
38170,5196.27
38171,7560.78
38172,7534.43
38173,7747.62
38174,7114.91
38175,8207.4
38176,8069.95
38177,8438.95
38178,8969.71
38179,7885.74
38180,8391.15
38181,5048.09
38182,7589.71
38183,7293.66
38184,9046.65
38185,7964.35
38186,7053.29
38187,8611.91
38188,7810.77
38189,8010.09
38190,7192.14
38191,7189.61
38192,7474.61
38193,7584.07
38194,8507.57
38195,7939.95
38196,8108.75
38197,7949.9
38198,8636.82
38199,7599.12
38200,7768.47
38201,7492.65
38202,9886.49
38203,7535.42
38204,8008.44
38205,7226.41
38206,7556.92
38207,7847.34
38208,8070.41
38209,8020.63
38210,7842.81
38211,8564.82
38212,7491.21
38213,7662.6
38214,7508.1
38215,12624.41
38216,7835.84
38217,8049.58
38218,7304.57
38219,8386.66
38220,7909.81
38221,8086.51
38222,7751.38
38223,8638.74
38224,8196.89
38225,8311.27
38226,8000.76
38227,7756.86
38228,7668.01
38229,8533.97
38230,9128.39
38231,8766.18
38232,15318.94
38233,8060.48
38234,7452.09
38235,8803.59
38236,8165.08
38237,8132.44
38238,8340.95
38239,8664.55
38240,8396.26
38241,7239.91
38242,7794.04
38243,7549.64
38244,7724.06
38245,7581.72
38246,7932.7
38247,7701.73
38248,7961.18
38249,18758.99
38250,8740.93
38251,8434.7
38252,8906.03
38253,7431.97
38254,8544.83
38255,4586.26
38256,10065.43
38257,8307.16
38258,8802.48
38259,9705.36
38260,10704.71
38261,7812.82
38262,7999.59
38263,6879.69
38264,7999.79
38265,7848.13
38266,7706.84
38267,7656.77
38268,7673.64
38269,6639.21
38270,7634.45
38271,7529.72
38272,7723.73
38273,8264.9
38274,8274.42
38275,8310.94
38276,8364.49
38277,7872.76
38278,7599.12
38279,8401.97
38280,7181.26
38281,8794.25
38282,8063.76
38283,6868.34
38284,7568.45
38285,7356.28
38286,7441.46
38287,6485.03
38288,7970.79
38289,8222.85
38290,8440.7
38291,8151.9
38292,4881.2
38293,7535.78
38294,7247.14
38295,7942.96
38296,7599.12
38297,8062.84
38298,7302.58
38299,8570.85
38300,8325.55
38301,8183.91
38302,7264.21
38303,8438.95
38304,7817.17
38305,9299.97
38306,7952.94
38307,7946.68
38308,7862.04
38309,8510.72
38310,7712.01
38311,10230.13
38312,7540.08
38313,7558.33
38314,7684.45
38315,8005.47
38316,7167.34
38317,8401.97
38318,7357.7
38319,7409.5
38320,7419.37
38321,8469.26
38322,7832.48
38323,7924.74
38324,7637.8
38325,7686.81
38326,8415.01
38327,8430.35
38328,7444.45
38329,8022.33
38330,8610.05
38331,7747.1
38332,8507.57
38333,7926.7
38334,8281.11
38335,7441.06
38336,8473.74
38337,7806.74
38338,7994.48
38339,8066.7
38340,8804.93
38341,7726.13
38342,8710.22
38343,8364.8
38344,6350.85
38345,7710.07
38346,8311.27
38347,7958.17
38348,8458.53
38349,6813.74
38350,7741.55
38351,7491.48
38352,7272.66
38353,8307.21
38354,8875.89
38355,8793.3
38356,8272.21
38357,8379.85
38358,7501.88
38359,8603.88
38360,6005.25
38361,8389.66
38362,7884.48
38363,8655.39
38364,8896.75
38365,7226.97
38366,7097.77
38367,7655.98
38368,8671.1
38369,8596.44
38370,10736.24
38371,8024.72
38372,7890.81
38373,8972.08
38374,8361.29
38375,8078.4
38376,7359.55
38377,7764.03
38378,7600.69
38379,7627.52
38380,7858.78
38381,8182.16
38382,7759.64
38383,8530.14
38384,8588.38
38385,7286.38
38386,9128.39
38387,7596.83
38388,8668.79
38389,8222.57
38390,7946.9
38391,8307.36
38392,7880.98
38393,7303.61
38394,7575.86
38395,8364.68
38396,8462.91
38397,8548.31
38398,7145.31
38399,7750.54
38400,7512.31
38401,8277.53
38402,7474.61
38403,8219.23
38404,7725.26
38405,7695.59
38406,7329.04
38407,7955.57
38408,8480.27
38409,7880.6
38410,10269.96
38411,9329.36
38412,8868.6
38413,7715.4
38414,7158.12
38415,7232.95
38416,7457.34
38417,9042.67
38418,7545.23
38419,8528.25
38420,7176.84
38421,8338.76
38422,8648.72
38423,7566.85
38424,7619.49
38425,7805.4
38426,6478.18
38427,7078.42
38428,7548.32
38429,7899.49
38430,7198.1
38431,7873.34
38432,7446.35
38433,7351.65
38434,9033.81
38435,7446.22
38436,8472.81
38437,8472.63
38438,6717.42
38439,8950.53
38440,8307.73
38441,8047.67
38442,7706.84
38443,7761.98
38444,15872.89
38445,7846.57
38446,7480.56
38447,8170.48
38448,9674.04
38449,8606.88
38450,8267.49
38451,7798.82
38452,7892.94
38453,13629.47
38454,7804.28
38455,8001.18
38456,7549.09
38457,7522.37
38458,7999.52
38459,9016.2
38460,7649.48
38461,7495.66
38462,7832.48
38463,7382.47
38464,8563.75
38465,7887.02
38466,7628.13
38467,6209.38
38468,8124.82
38469,8483.16
38470,7973.37
38471,8459.53
38472,8035.31
38473,7607.74
38474,8391.59
38475,8719.13
38476,8200.26
38477,7986.34
38478,8447.88
38479,7539.64
38480,8585.93
38481,10517.58
38482,7247.62
38483,8433.68
38484,8514.38
38485,7601.75
38486,8363.81
38487,7359.55
38488,8057.81
38489,7302.58
38490,4998.46
38491,7511.51
38492,7462.67
38493,8970.84
38494,7672.45
38495,7981.31
38496,8046.78
38497,8829.85
38498,8229.6
38499,7509.68
38500,8291.2
38501,8637.03
38502,9998.11
38503,7565.43
38504,7210.86
38505,11498.68
38506,9192.27
38507,7255.07
38508,8447.39
38509,7477.42
38510,7806.31
38511,6796.96
38512,6458.5
38513,7735.13
38514,7241.42
38515,7681.25
38516,7078.77
38517,8971.24
38518,8746.64
38519,13995.68
38520,7607.74
38521,9564.63
38522,9260.68
38523,12120.22
38524,10170.57
38525,10693.66
38526,8507.26
38527,9145.95
38528,9248.26
38529,8704.9
38530,8544.79
38531,9093.5
38532,10702.31
38533,9203.5
38534,8567.91
38535,7984.99
38536,8373.23
38537,9378.38
38538,9409.65
38539,11263.51
38540,14038.78
38541,11116.41
38542,10799.74
38543,9862.51
38544,8495.61
38545,11814.79
38546,9312.77
38547,8834.64
38548,9402.48
38549,8768.39
38550,8951.57
38551,9155.13
38552,13636.64
38553,8741.21
38554,8595.53
38555,8156.0
38556,11144.98
38557,8672.08
38558,10003.33
38559,10021.19
38560,8550.01
38561,9664.33
38562,10149.62
38563,8948.45
38564,9000.8
38565,8545.34
38566,10121.84
38567,8504.36
38568,14899.2
38569,8435.72
38570,11796.79
38571,10359.58
38572,8340.02
38573,10684.3
38574,11714.96
38575,8555.65
38576,8363.39
38577,10298.05
38578,9638.05
38579,12611.71
38580,9234.65
38581,9060.34
38582,10833.1
38583,8570.88
38584,14012.96
38585,9702.11
38586,10878.48
38587,8242.42
38588,8435.97
38589,10399.14
38590,8269.26
38591,10594.07
38592,9452.47
38593,10848.3
38594,8773.03
38595,8113.55
38596,10000.05
38597,9199.98
38598,10489.52
38599,8971.57
38600,9383.76
38601,11465.04
38602,10338.1
38603,9521.0
38604,9057.39
38605,8766.18
38606,11136.51
38607,9154.79
38608,8999.14
38609,10356.77
38610,10373.06
38611,8571.65
38612,9799.84
38613,8209.35
38614,8634.26
38615,8343.55
38616,9166.44
38617,8560.52
38618,8071.99
38619,8857.15
38620,9007.53
38621,8576.88
38622,9066.95
38623,8472.24
38624,8576.97
38625,9254.46
38626,8105.6
38627,8230.28
38628,10033.22
38629,11005.35
38630,11822.97
38631,9191.77
38632,10912.29
38633,8816.14
38634,11823.53
38635,10632.96
38636,11175.09
38637,11123.45
38638,8537.91
38639,11069.74
38640,8541.66
38641,11444.38
38642,10509.31
38643,10793.31
38644,8978.74
38645,8497.26
38646,8257.77
38647,9376.21
38648,10793.66
38649,8528.35
38650,8357.29
38651,9749.64
38652,11563.11
38653,8638.87
38654,9569.85
38655,9494.75
38656,10516.07
38657,10200.09
38658,9135.12
38659,9155.13
38660,8828.02
38661,10871.4
38662,7086.43
38663,10703.11
38664,8458.2
38665,10833.76
38666,8531.59
38667,8592.52
38668,9039.39
38669,9947.93
38670,9133.43
38671,13573.01
38672,9883.87
38673,8928.05
38674,9793.03
38675,7093.05
38676,9985.01
38677,8425.67
38678,8757.54
38679,13312.62
38680,8463.35
38681,8197.23
38682,10631.96
38683,9390.8
38684,8702.99
38685,9018.62
38686,10556.46
38687,8602.62
38688,8371.11
38689,7740.54
38690,8589.58
38691,9842.13
38692,9057.39
38693,9999.13
38694,9879.49
38695,8515.12
38696,10966.17
38697,10059.17
38698,8990.26
38699,10013.16
38700,13710.63
38701,8599.47
38702,10135.37
38703,9181.57
38704,9994.87
38705,8312.53
38706,10002.67
38707,8572.08
38708,11465.54
38709,10084.69
38710,12791.72
38711,9313.27
38712,9243.56
38713,8562.85
38714,23085.16
38715,15216.3
38716,10139.24
38717,7318.68
38718,8562.31
38719,11493.09
38720,8628.35
38721,13006.17
38722,18257.34
38723,9084.65
38724,8606.41
38725,9890.94
38726,9882.07
38727,14801.63
38728,10733.66
38729,11006.37
38730,7430.75
38731,8893.46
38732,9057.39
38733,10762.94
38734,9224.04
38735,8675.91
38736,10038.73
38737,8528.79
38738,8458.37
38739,9782.34
38740,8463.61
38741,8438.45
38742,10000.37
38743,11333.39
38744,8527.22
38745,9379.47
38746,8779.87
38747,9491.73
38748,9789.17
38749,9878.49
38750,10338.12
38751,10245.68
38752,9183.94
38753,9402.63
38754,9681.35
38755,7966.02
38756,8559.67
38757,8660.39
38758,8761.87
38759,9240.12
38760,9525.97
38761,10037.14
38762,8355.04
38763,10017.9
38764,12426.83
38765,8634.26
38766,9145.82
38767,18581.54
38768,8984.65
38769,8886.76
38770,8108.97
38771,8356.26
38772,8422.95
38773,8376.67
38774,8894.5
38775,10517.16
38776,9012.14
38777,18171.0
38778,12205.2
38779,8102.23
38780,9171.2
38781,9229.35
38782,10983.51
38783,9879.33
38784,12284.09
38785,10596.22
38786,13004.75
38787,11981.69
38788,10983.51
38789,8612.5
38790,11407.58
38791,8697.27
38792,8695.64
38793,9023.08
38794,8006.81
38795,10455.31
38796,10359.7
38797,8990.75
38798,10740.11
38799,10957.39
38800,13888.89
38801,8046.39
38802,8269.26
38803,10940.68
38804,9401.78
38805,9997.39
38806,8484.1
38807,9079.25
38808,9244.03
38809,8094.01
38810,10437.66
38811,10245.48
38812,8859.79
38813,9148.67
38814,21455.25
38815,11457.25
38816,9095.87
38817,11282.26
38818,10322.74
38819,10495.18
38820,9137.85
38821,10163.17
38822,9776.78
38823,10542.82
38824,8483.66
38825,10686.56
38826,8105.6
38827,8676.23
38828,9901.36
38829,9171.2
38830,8617.64
38831,9279.32
38832,8213.09
38833,8138.72
38834,8987.63
38835,10685.15
38836,10912.29
38837,9092.39
38838,9848.08
38839,9023.08
38840,10887.37
38841,10287.1
38842,8987.63
38843,8564.48
38844,7058.33
38845,9110.58
38846,10744.17
38847,9155.13
38848,8245.73
38849,8952.64
38850,12133.64
38851,8604.76
38852,9213.33
38853,10387.61
38854,10981.17
38855,11755.9
38856,11329.52
38857,8910.68
38858,7802.86
38859,8550.59
38860,9829.81
38861,8096.24
38862,9394.54
38863,8363.89
38864,10640.63
38865,10540.72
38866,12504.54
38867,8449.17
38868,8567.91
38869,9072.56
38870,11211.0
38871,10165.74
38872,9627.0
38873,8535.37
38874,10168.73
38875,10872.96
38876,9056.28
38877,10896.22
38878,11144.74
38879,10918.59
38880,13399.81
38881,9894.6
38882,16543.42
38883,8576.88
38884,9845.75
38885,8551.03
38886,11211.46
38887,8497.23
38888,8295.85
38889,10185.22
38890,9151.45
38891,8528.79
38892,9051.59
38893,10118.89
38894,8670.46
38895,9203.07
38896,8576.97
38897,9273.16
38898,8576.88
38899,12074.73
38900,8353.33
38901,8279.81
38902,7960.74
38903,8243.68
38904,10516.83
38905,10558.72
38906,8158.5
38907,8629.77
38908,9003.11
38909,9171.2
38910,8674.82
38911,10983.51
38912,9349.32
38913,8236.6
38914,8850.36
38915,8949.34
38916,10394.14
38917,11365.12
38918,9285.04
38919,8363.45
38920,8935.18
38921,7277.68
38922,9074.92
38923,10164.39
38924,10167.97
38925,15496.54
38926,10000.3
38927,10568.85
38928,10738.82
38929,11860.7
38930,10880.56
38931,8539.48
38932,9380.1
38933,9533.5
38934,8191.52
38935,8405.82
38936,8738.21
38937,8854.02
38938,9751.92
38939,8646.24
38940,9134.54
38941,9575.15
38942,8894.18
38943,10306.65
38944,9724.32
38945,10280.13
38946,10289.14
38947,8877.34
38948,8311.92
38949,9937.8
38950,8525.67
38951,8952.64
38952,7181.75
38953,10002.54
38954,20200.12
38955,8486.58
38956,9023.08
38957,11066.96
38958,8455.73
38959,8613.35
38960,8999.49
38961,8885.79
38962,8493.38
38963,9165.52
38964,8544.79
38965,12038.7
38966,8376.2
38967,9229.35
38968,10512.09
38969,10847.48
38970,11314.0
38971,10127.57
38972,9998.05
38973,8458.37
38974,8837.61
38975,17354.98
38976,8902.49
38977,10027.41
38978,8427.19
38979,8981.31
38980,9167.53
38981,9284.9
38982,12024.62
38983,9952.74
38984,8747.27
38985,10560.49
38986,8516.16
38987,8499.96
38988,8665.5
38989,10238.35
38990,8475.78
38991,9042.89
38992,8312.44
38993,9105.65
38994,11173.87
38995,9223.99
38996,10810.84
38997,8849.16
38998,9053.37
38999,8304.59
39000,9702.95
39001,8786.65
39002,10495.18
39003,8576.52
39004,10415.33
39005,10705.93
39006,8893.31
39007,9187.42
39008,9482.89
39009,8342.0
39010,8104.1
39011,9015.98
39012,8917.98
39013,10448.41
39014,10889.43
39015,8678.74
39016,7514.37
39017,10372.15
39018,8478.29
39019,14011.21
39020,9009.98
39021,10448.41
39022,8544.79
39023,9418.53
39024,9024.06
39025,9106.41
39026,7644.24
39027,10391.54
39028,8724.84
39029,9423.67
39030,8531.59
39031,10456.38
39032,10603.26
39033,11076.25
39034,12092.76
39035,8296.35
39036,10868.47
39037,7482.45
39038,8579.32
39039,9022.08
39040,11168.95
39041,8434.79
39042,8505.56
39043,9241.61
39044,8621.11
39045,8326.81
39046,8001.16
39047,8371.11
39048,8894.5
39049,8670.46
39050,11194.43
39051,9450.68
39052,9267.69
39053,9187.42
39054,9190.38
39055,9538.39
39056,9681.98
39057,8563.55
39058,10518.53
39059,8896.34
39060,8707.54
39061,8854.02
39062,8552.66
39063,8430.76
39064,7913.3
39065,9060.03
39066,8516.16
39067,10823.26
39068,8493.07
39069,10396.71
39070,8674.82
39071,14585.65
39072,8063.56
39073,8481.86
39074,9137.69
39075,9378.73
39076,8128.08
39077,9939.98
39078,9270.01
39079,8551.03
39080,8892.95
39081,10861.95
39082,9227.7
39083,9196.72
39084,7835.2
39085,10347.19
39086,12221.44
39087,11274.16
39088,16295.28
39089,10180.22
39090,8087.37
39091,11141.97
39092,10756.93
39093,9039.39
39094,10406.11
39095,11003.62
39096,10981.17
39097,8555.19
39098,9047.57
39099,8555.65
39100,8509.09
39101,8473.67
39102,9094.2
39103,8505.09
39104,9513.98
39105,17709.63
39106,10702.31
39107,10419.37
39108,11462.16
39109,9155.13
39110,11398.54
39111,4842.47
39112,11073.88
39113,10810.84
39114,10980.62
39115,12469.45
39116,8488.85
39117,11075.22
39118,9949.77
39119,5413.18
39120,9418.53
39121,9157.58
39122,9375.14
39123,8320.6
39124,9241.45
39125,8391.7
39126,8129.32
39127,8771.72
39128,9065.28
39129,11058.08
39130,10981.76
39131,11006.93
39132,10908.74
39133,9344.28
39134,8433.4
39135,10356.29
39136,8505.56
39137,11184.35
39138,9420.51
39139,7678.08
39140,9038.16
39141,8553.41
39142,8098.69
39143,8985.92
39144,10673.41
39145,9703.2
39146,11188.17
39147,10027.38
39148,8938.78
39149,8450.02
39150,8421.43
39151,8306.13
39152,8558.31
39153,9727.75
39154,9171.2
39155,9273.29
39156,10364.87
39157,9907.88
39158,8151.45
39159,11076.25
39160,9376.16
39161,12241.63
39162,8654.23
39163,9257.54
39164,8567.01
39165,10156.1
39166,9006.31
39167,12101.03
39168,8500.98
39169,8261.63
39170,9425.61
39171,10233.31
39172,8441.49
39173,10684.3
39174,8660.86
39175,9199.98
39176,8010.29
39177,10790.27
39178,8520.55
39179,9095.87
39180,8210.61
39181,8455.13
39182,10323.37
39183,10407.09
39184,7886.12
39185,9147.21
39186,11220.75
39187,8492.97
39188,11117.31
39189,8730.75
39190,9625.93
39191,9401.78
39192,11003.62
39193,9339.31
39194,8606.09
39195,8619.05
39196,11204.77
39197,8579.32
39198,10731.11
39199,8835.09
39200,7146.97
39201,8509.07
39202,10871.7
39203,10161.77
39204,11207.32
39205,10126.02
39206,8744.43
39207,8637.67
39208,8622.14
39209,9197.98
39210,10994.02
39211,10738.82
39212,11350.87
39213,7822.76
39214,8550.59
39215,10235.42
39216,7164.03
39217,10077.54
39218,9263.03
39219,10038.48
39220,10530.48
39221,9824.57
39222,8555.65
39223,9233.04
39224,11192.57
39225,10423.2
39226,10520.23
39227,8902.87
39228,9151.45
39229,9797.08
39230,10172.03
39231,8611.04
39232,8485.3
39233,9537.48
39234,8414.51
39235,8251.06
39236,9067.0
39237,10157.32
39238,9282.71
39239,9927.34
39240,9157.54
39241,9114.7
39242,11117.18
39243,9069.44
39244,11450.86
39245,9840.64
39246,8592.65
39247,10763.68
39248,9329.95
39249,8555.19
39250,9023.08
39251,10707.63
39252,10592.44
39253,10501.68
39254,8583.62
39255,9205.29
39256,8583.16
39257,10669.77
39258,8894.5
39259,10034.1
39260,9143.24
39261,9079.25
39262,8601.15
39263,8697.27
39264,10907.84
39265,10175.17
39266,12229.07
39267,11693.79
39268,10680.77
39269,9300.91
39270,8256.47
39271,8475.59
39272,8870.88
39273,9854.54
39274,9060.06
39275,10941.29
39276,8236.17
39277,11067.38
39278,10837.5
39279,9264.16
39280,7992.79
39281,8691.2
39282,7139.8
39283,8849.16
39284,8077.62
39285,9348.8
39286,8570.88
39287,8910.3
39288,8202.19
39289,9070.41
39290,11422.66
39291,8987.63
39292,9645.9
39293,10420.55
39294,7644.58
39295,10054.76
39296,9179.72
39297,9523.66
39298,9248.21
39299,8545.85
39300,18687.95
39301,8470.44
39302,7925.4
39303,9353.05
39304,11794.72
39305,10760.64
39306,10242.15
39307,9198.42
39308,9539.11
39309,16856.36
39310,8610.39
39311,9179.15
39312,8831.78
39313,9632.13
39314,9598.22
39315,10249.44
39316,9045.3
39317,8501.29
39318,8520.55
39319,9448.63
39320,11249.76
39321,8488.45
39322,9048.85
39323,7420.42
39324,8866.71
39325,10560.99
39326,9175.06
39327,12058.82
39328,8714.0
39329,9053.37
39330,10186.94
39331,10232.47
39332,9779.5
39333,9167.53
39334,10889.43
39335,10250.36
39336,10880.56
39337,12588.05
39338,8458.37
39339,10323.05
39340,10256.96
39341,9120.62
39342,10958.16
39343,8542.93
39344,8936.63
39345,9182.52
39346,7515.28
39347,8322.94
39348,8894.5
39349,11580.36
39350,8560.52
39351,8507.71
39352,9081.41
39353,11059.07
39354,10308.29
39355,8618.05
39356,10958.81
39357,10909.38
39358,13074.06
39359,8601.15
39360,9207.82
39361,11402.71
39362,13514.58
39363,8421.43
39364,10442.6
39365,8547.32
39366,9404.38
39367,8590.45
39368,8593.32
39369,8980.14
39370,8560.57
39371,8509.56
39372,8596.69
39373,15137.38
39374,11006.37
39375,19571.42
39376,9053.37
39377,0.0
39378,0.0
39379,0.0
39380,0.0
39381,0.0
39382,0.0
39383,0.0
39384,0.0
39385,0.0
39386,0.0
39387,0.0
39388,0.0
39389,0.0
39390,0.0
39391,0.0
39392,0.0
39393,0.0
39394,0.0
39395,0.0
39396,0.0
39397,0.0
39398,0.0
39399,0.0
39400,0.0
39401,0.0
39402,0.0
39403,0.0
39404,0.0
39405,0.0
39406,0.0
39407,0.0
39408,0.0
39409,0.0
39410,0.0
39411,0.0
39412,0.0
39413,0.0
39414,0.0
39415,0.0
39416,0.0
39417,0.0
39418,0.0
39419,0.0
39420,0.0
39421,0.0
39422,0.0
39423,0.0
39424,0.0
39425,0.0
39426,0.0
39427,0.0
39428,0.0
39429,0.0
39430,0.0
39431,0.0
39432,0.0
39433,0.0
39434,0.0
39435,0.0
39436,0.0
39437,0.0
39438,0.0
39439,0.0
39440,0.0
39441,0.0
39442,0.0
39443,0.0
39444,0.0
39445,0.0
39446,0.0
39447,0.0
39448,0.0
39449,0.0
39450,0.0
39451,0.0
39452,0.0
39453,0.0
39454,0.0
39455,0.0
39456,0.0
39457,0.0
39458,0.0
39459,0.0
39460,0.0
39461,0.0
39462,0.0
39463,0.0
39464,0.0
39465,0.0
39466,0.0
39467,0.0
39468,8242.2
39469,0.0
39470,0.0
39471,0.0
39472,0.0
39473,0.0
39474,0.0
39475,0.0
39476,0.0
39477,0.0
39478,0.0
39479,0.0
39480,0.0
39481,0.0
39482,0.0
39483,0.0
39484,0.0
39485,0.0
39486,0.0
39487,0.0
39488,0.0
39489,0.0
39490,0.0
39491,0.0
39492,0.0
39493,0.0
39494,0.0
39495,0.0
39496,0.0
39497,0.0
39498,0.0
39499,0.0
39500,0.0
39501,0.0
39502,0.0
39503,0.0
39504,0.0
39505,0.0
39506,0.0
39507,0.0
39508,0.0
39509,0.0
39510,0.0
39511,0.0
39512,0.0
39513,0.0
39514,0.0
39515,0.0
39516,0.0
39517,0.0
39518,0.0
39519,0.0
39520,0.0
39521,0.0
39522,0.0
39523,0.0
39524,0.0
39525,0.0
39526,0.0
39527,0.0
39528,0.0
39529,0.0
39530,0.0
39531,0.0
39532,0.0
39533,0.0
39534,0.0
39535,0.0
39536,7442.69
39537,0.0
39538,0.0
39539,0.0
39540,0.0
39541,0.0
39542,0.0
39543,0.0
39544,0.0
39545,0.0
39546,0.0
39547,0.0
39548,0.0
39549,0.0
39550,0.0
39551,0.0
39552,0.0
39553,0.0
39554,0.0
39555,0.0
39556,0.0
39557,0.0
39558,0.0
39559,0.0
39560,0.0
39561,0.0
39562,0.0
39563,0.0
39564,0.0
39565,0.0
39566,0.0
39567,0.0
39568,0.0
39569,0.0
39570,0.0
39571,0.0
39572,0.0
39573,0.0
39574,0.0
39575,0.0
39576,0.0
39577,15166.03
39578,13542.16
39579,0.0
39580,0.0
39581,0.0
39582,0.0
39583,0.0
39584,0.0
39585,0.0
39586,7282.3
39587,0.0
39588,0.0
39589,0.0
39590,0.0
39591,0.0
39592,0.0
39593,0.0
39594,0.0
39595,0.0
39596,0.0
39597,0.0
39598,0.0
39599,0.0
39600,0.0
39601,0.0
39602,0.0
39603,0.0
39604,0.0
39605,8613.52
39606,0.0
39607,0.0
39608,0.0
39609,0.0
39610,0.0
39611,0.0
39612,0.0
39613,0.0
39614,0.0
39615,7215.44
39616,0.0
39617,0.0
39618,0.0
39619,0.0
39620,0.0
39621,0.0
39622,0.0
39623,0.0
39624,0.0
39625,0.0
39626,0.0
39627,0.0
39628,0.0
39629,0.0
39630,0.0
39631,0.0
39632,0.0
39633,9382.82
39634,0.0
39635,0.0
39636,0.0
39637,0.0
39638,0.0
39639,0.0
39640,0.0
39641,0.0
39642,0.0
39643,0.0
39644,0.0
39645,0.0
39646,0.0
39647,0.0
39648,0.0
39649,0.0
39650,8085.05
39651,0.0
39652,0.0
39653,0.0
39654,0.0
39655,0.0
39656,0.0
39657,0.0
39658,0.0
39659,0.0
39660,0.0
39661,0.0
39662,0.0
39663,0.0
39664,0.0
39665,0.0
39666,0.0
39667,0.0
39668,0.0
39669,0.0
39670,0.0
39671,0.0
39672,0.0
39673,0.0
39674,0.0
39675,0.0
39676,0.0
39677,0.0
39678,0.0
39679,0.0
39680,0.0
39681,0.0
39682,0.0
39683,0.0
39684,0.0
39685,0.0
39686,0.0
39687,0.0
39688,0.0
39689,0.0
39690,0.0
39691,0.0
39692,0.0
39693,0.0
39694,0.0
39695,0.0
39696,0.0
39697,0.0
39698,0.0
39699,0.0
39700,0.0
39701,0.0
39702,0.0
39703,0.0
39704,0.0
39705,0.0
39706,0.0
39707,0.0
39708,0.0
39709,0.0
39710,0.0
39711,0.0
39712,8255.1
39713,0.0
39714,0.0
39715,0.0
39716,0.0
39717,0.0
39718,0.0
39719,0.0
39720,0.0
39721,0.0
39722,0.0
39723,0.0
39724,0.0
39725,0.0
39726,8319.6
39727,0.0
39728,0.0
39729,0.0
39730,0.0
39731,0.0
39732,0.0
39733,0.0
39734,0.0
39735,0.0
39736,0.0
39737,0.0
39738,0.0
39739,0.0
39740,0.0
39741,0.0
39742,0.0
39743,0.0
39744,0.0
39745,0.0
39746,0.0
39747,0.0
39748,0.0
39749,0.0
39750,0.0
39751,0.0
39752,0.0
39753,0.0
39754,0.0
39755,0.0
39756,0.0
39757,0.0
39758,0.0
39759,0.0
39760,0.0
39761,0.0
39762,0.0
39763,0.0
39764,0.0
39765,0.0
39766,0.0
39767,0.0
39768,0.0
39769,6927.46
39770,0.0
39771,0.0
39772,0.0
39773,0.0
39774,0.0
39775,0.0
39776,0.0
39777,0.0
39778,0.0
39779,8160.32
39780,0.0
39781,0.0
39782,0.0
39783,7918.74
39784,0.0
39785,0.0
39786,0.0
39787,0.0
39788,0.0
39789,0.0
39790,0.0
39791,0.0
39792,0.0
39793,0.0
39794,0.0
39795,0.0
39796,0.0
39797,0.0
39798,0.0
39799,0.0
39800,0.0
39801,0.0
39802,0.0
39803,0.0
39804,0.0
39805,0.0
39806,0.0
39807,0.0
39808,0.0
39809,0.0
39810,19069.03
39811,0.0
39812,0.0
39813,0.0
39814,0.0
39815,0.0
39816,0.0
39817,0.0
39818,0.0
39819,0.0
39820,0.0
39821,0.0
39822,0.0
39823,0.0
39824,7541.23
39825,0.0
39826,0.0
39827,0.0
39828,0.0
39829,0.0
39830,0.0
39831,0.0
39832,0.0
39833,0.0
39834,0.0
39835,0.0
39836,0.0
39837,0.0
39838,0.0
39839,0.0
39840,0.0
39841,0.0
39842,0.0
39843,0.0
39844,0.0
39845,0.0
39846,0.0
39847,0.0
39848,0.0
39849,0.0
39850,0.0
39851,0.0
39852,0.0
39853,0.0
39854,0.0
39855,0.0
39856,0.0
39857,0.0
39858,0.0
39859,0.0
39860,0.0
39861,0.0
39862,0.0
39863,0.0
39864,0.0
39865,0.0
39866,0.0
39867,0.0
39868,0.0
39869,0.0
39870,0.0
39871,0.0
39872,0.0
39873,0.0
39874,0.0
39875,0.0
39876,0.0
39877,0.0
39878,0.0
39879,0.0
39880,0.0
39881,0.0
39882,0.0
39883,0.0
39884,0.0
39885,0.0
39886,0.0
39887,0.0
39888,0.0
39889,0.0
39890,0.0
39891,0.0
39892,0.0
39893,0.0
39894,0.0
39895,0.0
39896,0.0
39897,0.0
39898,0.0
39899,12475.89
39900,0.0
39901,0.0
39902,0.0
39903,0.0
39904,0.0
39905,0.0
39906,0.0
39907,0.0
39908,0.0
39909,0.0
39910,0.0
39911,0.0
39912,0.0
39913,0.0
39914,0.0
39915,0.0
39916,0.0
39917,0.0
39918,0.0
39919,0.0
39920,0.0
39921,0.0
39922,0.0
39923,0.0
39924,0.0
39925,0.0
39926,0.0
39927,0.0
39928,0.0
39929,0.0
39930,0.0
39931,0.0
39932,0.0
39933,0.0
39934,0.0
39935,0.0
39936,0.0
39937,0.0
39938,0.0
39939,0.0
39940,0.0
39941,0.0
39942,0.0
39943,8319.6
39944,16794.38
39945,0.0
39946,0.0
39947,0.0
39948,0.0
39949,0.0
39950,0.0
39951,0.0
39952,0.0
39953,0.0
39954,0.0
39955,0.0
39956,0.0
39957,0.0
39958,0.0
39959,0.0
39960,0.0
39961,0.0
39962,0.0
39963,0.0
39964,0.0
39965,0.0
39966,0.0
39967,0.0
39968,0.0
39969,0.0
39970,0.0
39971,0.0
39972,12770.02
39973,0.0
39974,0.0
39975,0.0
39976,0.0
39977,0.0
39978,0.0
39979,0.0
39980,0.0
39981,0.0
39982,0.0
39983,0.0
39984,0.0
39985,0.0
39986,0.0
39987,0.0
39988,0.0
39989,0.0
39990,0.0
39991,0.0
39992,0.0
39993,0.0
39994,0.0
39995,0.0
39996,0.0
39997,0.0
39998,0.0
39999,0.0
40000,0.0
40001,0.0
40002,0.0
40003,0.0
40004,0.0
40005,0.0
40006,0.0
40007,0.0
40008,0.0
40009,0.0
40010,0.0
40011,0.0
40012,0.0
40013,0.0
40014,0.0
40015,0.0
40016,0.0
40017,0.0
40018,0.0
40019,0.0
40020,0.0
40021,0.0
40022,0.0
40023,0.0
40024,0.0
40025,0.0
40026,0.0
40027,0.0
40028,0.0
40029,0.0
40030,0.0
40031,0.0
40032,0.0
40033,0.0
40034,0.0
40035,0.0
40036,0.0
40037,0.0
40038,0.0
40039,0.0
40040,0.0
40041,0.0
40042,8257.95
40043,0.0
40044,0.0
40045,0.0
40046,8526.8
40047,0.0
40048,0.0
40049,0.0
40050,0.0
40051,0.0
40052,0.0
40053,0.0
40054,0.0
40055,0.0
40056,0.0
40057,0.0
40058,0.0
40059,0.0
40060,0.0
40061,0.0
40062,0.0
40063,0.0
40064,0.0
40065,0.0
40066,0.0
40067,0.0
40068,0.0
40069,0.0
40070,0.0
40071,0.0
40072,0.0
40073,0.0
40074,0.0
40075,0.0
40076,0.0
40077,0.0
40078,0.0
40079,0.0
40080,0.0
40081,0.0
40082,0.0
40083,0.0
40084,0.0
40085,0.0
40086,0.0
40087,0.0
40088,0.0
40089,0.0
40090,0.0
40091,0.0
40092,0.0
40093,0.0
40094,0.0
40095,0.0
40096,0.0
40097,7756.93
40098,0.0
40099,0.0
40100,0.0
40101,0.0
40102,0.0
40103,0.0
40104,0.0
40105,0.0
40106,0.0
40107,0.0
40108,0.0
40109,0.0
40110,0.0
40111,0.0
40112,12183.71
40113,0.0
40114,0.0
40115,0.0
40116,0.0
40117,0.0
40118,0.0
40119,0.0
40120,0.0
40121,0.0
40122,0.0
40123,0.0
40124,0.0
40125,0.0
40126,0.0
40127,0.0
40128,0.0
40129,0.0
40130,0.0
40131,0.0
40132,0.0
40133,0.0
40134,0.0
40135,0.0
40136,0.0
40137,0.0
40138,0.0
40139,0.0
40140,0.0
40141,0.0
40142,0.0
40143,0.0
40144,0.0
40145,0.0
40146,0.0
40147,0.0
40148,0.0
40149,0.0
40150,0.0
40151,0.0
40152,0.0
40153,0.0
40154,0.0
40155,0.0
40156,0.0
40157,0.0
40158,0.0
40159,0.0
40160,0.0
40161,0.0
40162,0.0
40163,0.0
40164,0.0
40165,0.0
40166,0.0
40167,0.0
40168,0.0
40169,0.0
40170,0.0
40171,0.0
40172,0.0
40173,0.0
40174,0.0
40175,0.0
40176,8064.75
40177,0.0
40178,0.0
40179,0.0
40180,0.0
40181,0.0
40182,0.0
40183,0.0
40184,0.0
40185,0.0
40186,0.0
40187,0.0
40188,0.0
40189,0.0
40190,0.0
40191,0.0
40192,0.0
40193,0.0
40194,0.0
40195,0.0
40196,0.0
40197,0.0
40198,0.0
40199,0.0
40200,0.0
40201,0.0
40202,0.0
40203,0.0
40204,0.0
40205,0.0
40206,0.0
40207,0.0
40208,0.0
40209,0.0
40210,0.0
40211,0.0
40212,0.0
40213,0.0
40214,0.0
40215,0.0
40216,0.0
40217,12871.72
40218,9450.79
40219,0.0
40220,0.0
40221,0.0
40222,0.0
40223,0.0
40224,0.0
40225,0.0
40226,0.0
40227,0.0
40228,0.0
40229,0.0
40230,0.0
40231,0.0
40232,0.0
40233,7698.19
40234,5955.6
40235,8333.0
40236,6217.62
40237,8264.27
40238,6053.49
40239,8054.44
40240,7331.21
40241,6295.8
40242,5720.58
40243,8521.76
40244,8253.23
40245,7094.5
40246,6346.31
40247,7369.64
40248,5488.96
40249,6960.53
40250,7990.04
40251,8256.12
40252,7303.62
40253,9284.88
40254,6051.78
40255,8851.88
40256,5408.0
40257,9736.71
40258,7997.36
40259,7840.79
40260,6941.55
40261,4003.64
40262,7152.87
40263,7483.36
40264,8935.47
40265,7104.59
40266,7506.95
40267,6488.05
40268,8257.43
40269,5808.2
40270,8916.87
40271,7262.83
40272,7242.88
40273,8616.18
40274,8379.18
40275,8080.22
40276,7547.02
40277,8853.7
40278,6374.82
40279,8438.38
40280,8457.47
40281,7139.06
40282,7729.41
40283,7915.05
40284,7282.76
40285,8587.56
40286,5886.59
40287,4903.51
40288,7809.81
40289,7501.26
40290,8620.99
40291,9571.76
40292,8382.18
40293,6375.91
40294,7874.03
40295,5114.85
40296,5838.85
40297,6409.26
40298,8136.06
40299,5108.77
40300,5037.08
40301,7616.71
40302,6757.77
40303,6414.56
40304,6230.31
40305,8440.22
40306,7867.58
40307,7526.22
40308,7684.33
40309,7464.45
40310,5462.07
40311,6900.29
40312,6035.13
40313,9052.15
40314,8149.28
40315,8519.83
40316,7544.03
40317,5815.23
40318,9241.73
40319,8397.52
40320,5934.45
40321,8731.12
40322,8605.95
40323,6137.03
40324,8519.83
40325,5859.73
40326,6599.56
40327,6058.83
40328,7186.95
40329,5665.42
40330,5604.42
40331,7247.48
40332,7610.85
40333,6845.81
40334,7616.14
40335,6312.22
40336,5820.82
40337,7742.95
40338,7562.61
40339,6001.15
40340,7142.45
40341,8061.09
40342,7116.89
40343,7882.22
40344,8874.47
40345,6076.1
40346,9410.17
40347,6484.9
40348,5911.16
40349,8502.04
40350,6702.44
40351,8092.77
40352,7719.43
40353,7359.73
40354,8609.89
40355,8092.77
40356,8031.95
40357,5496.83
40358,4665.91
40359,8566.79
40360,6164.59
40361,5830.94
40362,5826.86
40363,6409.26
40364,7083.57
40365,6258.92
40366,6896.42
40367,6310.22
40368,8889.91
40369,7375.81
40370,6063.35
40371,7266.97
40372,6239.24
40373,8898.64
40374,3995.1
40375,8260.39
40376,5412.91
40377,7105.45
40378,5499.91
40379,5991.66
40380,8321.27
40381,7187.76
40382,7762.16
40383,11436.94
40384,7632.89
40385,8315.52
40386,6079.78
40387,6983.17
40388,8763.04
40389,5495.48
40390,6829.47
40391,6767.1
40392,7441.57
40393,4756.37
40394,8675.4
40395,8302.59
40396,7285.65
40397,6295.81
40398,7012.78
40399,7049.54
40400,6587.93
40401,5682.05
40402,5747.86
40403,8588.14
40404,7610.52
40405,7112.53
40406,6409.26
40407,7652.77
40408,8490.15
40409,8851.1
40410,8524.7
40411,6524.48
40412,7655.77
40413,5832.52
40414,7187.61
40415,8550.06
40416,9654.4
40417,6708.29
40418,7292.16
40419,5950.32
40420,9798.1
40421,8537.65
40422,8203.53
40423,8903.06
40424,8660.07
40425,6365.53
40426,20555.15
40427,8410.82
40428,7845.65
40429,4852.88
40430,8460.18
40431,9394.06
40432,5880.13
40433,10479.02
40434,8515.67
40435,7877.35
40436,5910.84
40437,10506.75
40438,6067.51
40439,7649.64
40440,6104.8
40441,8275.35
40442,4546.02
40443,8109.29
40444,7736.53
40445,8806.51
40446,7440.46
40447,7965.06
40448,8944.27
40449,5623.73
40450,6187.93
40451,6461.51
40452,6946.69
40453,5483.8
40454,6664.95
40455,6041.25
40456,6039.92
40457,6936.95
40458,5847.02
40459,5977.56
40460,7562.69
40461,8952.99
40462,8639.39
40463,8452.88
40464,7781.96
40465,6211.04
40466,6137.54
40467,7345.73
40468,5389.71
40469,6188.17
40470,7195.98
40471,7151.27
40472,8181.84
40473,7415.38
40474,4730.17
40475,8485.94
40476,7818.66
40477,6812.1
40478,8076.21
40479,15736.54
40480,8266.24
40481,8573.9
40482,6950.19
40483,6033.19
40484,5545.79
40485,6121.65
40486,6641.73
40487,8555.15
40488,8424.58
40489,9743.44
40490,8333.59
40491,7858.28
40492,7237.21
40493,7151.27
40494,8257.46
40495,8421.4
40496,7765.03
40497,6906.31
40498,9164.01
40499,6641.73
40500,8275.35
40501,7863.3
40502,6340.59
40503,6959.94
40504,5799.68
40505,7637.92
40506,5063.61
40507,8409.65
40508,8346.04
40509,8421.6
40510,5920.51
40511,8863.13
40512,9704.28
40513,6673.1
40514,6807.63
40515,8847.91
40516,8050.69
40517,8444.73
40518,7157.49
40519,8073.78
40520,8477.83
40521,7668.59
40522,9207.01
40523,8625.42
40524,7440.23
40525,5796.6
40526,20394.0
40527,6791.36
40528,8322.33
40529,7207.92
40530,6442.79
40531,8397.14
40532,6350.1
40533,6387.44
40534,9031.43
40535,7971.48
40536,5937.81
40537,8286.44
40538,7562.61
40539,5693.72
40540,5927.62
40541,7408.77
40542,5881.78
40543,8026.72
40544,5316.43
40545,6373.01
40546,7652.53
40547,5827.3
40548,8823.38
40549,7916.7
40550,7882.6
40551,7492.26
40552,8805.35
40553,8443.12
40554,7196.99
40555,5517.75
40556,7117.96
40557,8477.82
40558,8301.55
40559,7469.43
40560,7367.64
40561,7815.0
40562,9272.4
40563,6619.64
40564,7970.11
40565,9152.52
40566,8863.13
40567,7492.02
40568,8552.45
40569,6224.44
40570,5931.31
40571,7648.02
40572,7969.23
40573,5858.45
40574,7995.88
40575,4706.73
40576,8226.22
40577,8555.15
40578,8714.14
40579,7124.37
40580,5193.06
40581,7663.78
40582,8582.73
40583,9080.61
40584,6724.49
40585,7626.03
40586,7166.3
40587,6316.21
40588,8055.43
40589,6281.99
40590,8606.34
40591,8066.82
40592,9886.97
40593,8688.98
40594,14145.77
40595,7155.39
40596,8792.85
40597,7307.99
40598,9530.57
40599,5645.99
40600,7275.07
40601,8112.27
40602,7420.96
40603,5439.3
40604,8149.21
40605,8176.01
40606,5951.85
40607,7984.2
40608,6112.76
40609,7483.36
40610,7075.92
40611,9272.35
40612,6009.31
40613,7575.35
40614,8350.14
40615,8506.96
40616,6813.77
40617,10272.62
40618,5462.42
40619,6009.15
40620,7570.45
40621,7281.27
40622,5684.17
40623,8275.35
40624,5964.58
40625,5186.71
40626,8120.06
40627,7747.71
40628,5360.95
40629,8037.4
40630,8144.76
40631,8202.42
40632,6849.72
40633,6980.13
40634,8263.56
40635,8437.95
40636,9217.03
40637,7519.17
40638,8732.05
40639,8093.77
40640,8187.41
40641,10478.13
40642,8239.26
40643,6380.05
40644,5987.6
40645,8104.8
40646,5001.18
40647,5688.15
40648,6474.66
40649,7659.08
40650,7753.9
40651,5676.7
40652,8116.01
40653,7836.71
40654,8344.92
40655,8773.97
40656,8632.66
40657,7358.96
40658,8625.51
40659,6129.56
40660,7242.34
40661,8741.12
40662,6355.3
40663,7815.0
40664,5993.89
40665,7684.33
40666,14412.13
40667,5460.1
40668,7621.95
40669,6841.24
40670,5016.84
40671,5657.29
40672,7454.25
40673,8532.42
40674,6436.78
40675,7901.66
40676,5813.18
40677,7655.77
40678,4779.55
40679,7151.27
40680,7513.48
40681,8905.87
40682,9375.94
40683,6307.81
40684,7621.76
40685,5906.05
40686,7527.76
40687,17541.3
40688,9989.18
40689,8919.1
40690,6176.78
40691,8625.11
40692,7171.35
40693,5929.93
40694,9204.46
40695,5502.59
40696,6175.09
40697,8349.13
40698,6721.58
40699,5106.79
40700,5193.12
40701,7676.68
40702,7372.57
40703,6326.78
40704,5667.71
40705,8316.74
40706,8396.53
40707,7763.74
40708,8668.51
40709,5496.29
40710,7625.5
40711,7527.84
40712,8632.66
40713,6162.23
40714,8356.72
40715,5786.35
40716,8946.48
40717,8505.79
40718,6210.15
40719,7444.26
40720,5983.0
40721,7298.31
40722,5684.91
40723,7652.77
40724,7585.74
40725,6157.33
40726,8886.55
40727,7387.29
40728,7468.2
40729,6515.16
40730,8554.32
40731,9456.36
40732,6505.99
40733,8483.92
40734,5825.9
40735,7825.7
40736,8093.35
40737,8792.79
40738,4954.68
40739,7715.76
40740,7271.7
40741,7513.31
40742,5442.56
40743,8896.42
40744,7610.1
40745,8174.07
40746,6078.25
40747,7503.43
40748,8784.11
40749,7110.53
40750,5715.64
40751,7462.8
40752,7598.0
40753,5036.33
40754,5096.89
40755,5882.72
40756,6927.29
40757,7229.25
40758,6251.84
40759,6442.3
40760,7511.3
40761,6182.36
40762,9003.94
40763,7218.66
40764,7511.9
40765,7445.53
40766,7417.69
40767,5953.87
40768,8416.08
40769,5191.85
40770,9011.01
40771,8351.3
40772,7066.4
40773,7109.27
40774,6464.36
40775,5725.49
40776,7176.87
40777,6333.08
40778,6864.79
40779,8082.18
40780,6255.26
40781,6983.21
40782,5459.09
40783,9717.13
40784,8025.54
40785,6478.73
40786,7637.49
40787,6289.13
40788,7447.12
40789,7168.65
40790,7944.48
40791,7289.09
40792,8182.43
40793,8780.5
40794,8685.62
40795,5894.19
40796,7064.59
40797,9019.67
40798,6443.23
40799,8582.73
40800,15924.98
40801,6724.96
40802,7469.56
40803,5442.76
40804,8763.43
40805,8321.27
40806,7199.68
40807,8578.73
40808,8863.13
40809,5678.45
40810,8118.44
40811,6418.49
40812,4709.51
40813,7132.56
40814,6677.06
40815,5173.66
40816,8853.21
40817,17764.97
40818,8292.72
40819,9328.62
40820,6060.35
40821,7459.42
40822,9382.71
40823,7544.79
40824,8141.06
40825,8663.6
40826,8048.23
40827,8504.28
40828,12737.13
40829,6543.95
40830,5873.21
40831,8142.43
40832,7692.58
40833,7163.91
40834,8072.56
40835,5944.53
40836,7985.64
40837,4969.59
40838,7937.12
40839,5727.18
40840,8240.71
40841,8106.45
40842,8861.33
40843,6236.63
40844,7057.41
40845,7269.99
40846,5612.51
40847,8390.41
40848,5071.16
40849,8580.94
40850,7348.74
40851,4026.85
40852,7725.22
40853,6214.29
40854,7253.57
40855,7082.94
40856,6265.39
40857,6003.37
40858,5981.94
40859,8965.14
40860,7041.86
40861,5679.13
40862,5244.16
40863,8335.39
40864,5646.29
40865,7838.55
40866,7310.03
40867,8393.69
40868,8152.28
40869,5443.01
40870,5305.55
40871,8225.69
40872,7110.94
40873,8380.97
40874,6948.39
40875,7647.59
40876,5019.14
40877,7663.23
40878,5979.44
40879,10447.87
40880,5037.42
40881,6926.82
40882,7644.09
40883,7962.74
40884,7048.64
40885,8546.25
40886,6393.52
40887,7440.46
40888,5095.72
40889,6301.53
40890,5235.68
40891,5993.89
40892,7031.33
40893,4869.54
40894,7958.7
40895,9062.26
40896,7189.31
40897,7714.31
40898,8546.95
40899,5238.79
40900,9015.1
40901,6980.71
40902,8837.15
40903,7853.74
40904,8623.16
40905,7898.64
40906,6428.16
40907,7131.8
40908,8487.86
40909,6186.57
40910,8376.23
40911,3821.04
40912,7742.89
40913,5973.24
40914,8856.55
40915,7397.11
40916,7949.17
40917,6782.47
40918,8576.09
40919,6172.82
40920,8793.6
40921,6620.2
40922,8003.88
40923,8187.41
40924,6988.08
40925,7906.22
40926,5847.93
40927,8156.95
40928,7649.0
40929,8891.55
40930,8519.35
40931,8778.8
40932,8624.74
40933,7898.82
40934,4917.5
40935,7525.9
40936,8061.09
40937,8802.26
40938,7815.52
40939,8289.59
40940,8653.61
40941,8690.56
40942,6309.13
40943,5642.84
40944,5915.03
40945,7578.7
40946,5442.23
40947,7114.21
40948,8304.76
40949,7187.76
40950,7849.94
40951,8348.44
40952,7639.75
40953,7718.96
40954,6419.19
40955,7180.11
40956,8910.71
40957,7320.74
40958,6158.91
40959,6032.03
40960,7754.85
40961,5665.74
40962,7528.82
40963,8625.52
40964,8770.67
40965,8230.23
40966,4901.6
40967,6709.14
40968,5946.1
40969,6171.25
40970,7566.99
40971,8857.11
40972,5962.86
40973,8014.33
40974,5162.69
40975,6929.26
40976,8791.56
40977,7231.42
40978,9754.86
40979,7646.69
40980,8106.59
40981,8024.42
40982,7083.74
40983,4372.73
40984,7903.68
40985,7247.47
40986,6912.17
40987,6281.99
40988,4996.6
40989,6064.66
40990,6051.78
40991,6881.65
40992,8401.17
40993,5384.73
40994,7742.89
40995,5437.85
40996,6232.38
40997,6024.54
40998,5018.87
40999,8048.7
41000,4928.05
41001,7559.97
41002,6015.39
41003,7610.85
41004,6647.09
41005,8743.14
41006,5035.59
41007,5673.45
41008,8782.78
41009,8374.24
41010,8064.55
41011,5384.73
41012,9684.33
41013,8256.57
41014,6882.35
41015,8241.45
41016,9147.53
41017,8930.41
41018,9120.66
41019,6801.38
41020,7458.88
41021,10520.59
41022,6045.87
41023,6922.42
41024,7577.2
41025,7027.45
41026,7605.82
41027,9439.69
41028,6395.73
41029,6849.92
41030,5235.68
41031,6691.37
41032,8362.1
41033,5228.59
41034,8192.13
41035,5234.74
41036,7824.2
41037,6975.63
41038,7180.31
41039,6292.86
41040,7000.6
41041,7625.5
41042,8660.37
41043,8383.44
41044,8829.58
41045,7272.85
41046,8889.46
41047,5871.25
41048,8239.26
41049,9445.98
41050,5788.45
41051,6379.57
41052,9182.08
41053,7711.56
41054,8401.49
41055,5975.27
41056,7398.28
41057,7041.0
41058,8026.84
41059,4745.49
41060,7370.19
41061,6507.81
41062,5726.7
41063,7656.34
41064,6935.96
41065,5844.61
41066,8841.51
41067,6136.59
41068,6884.59
41069,8143.34
41070,10950.45
41071,6560.54
41072,7289.93
41073,8759.56
41074,9639.45
41075,5327.63
41076,8714.25
41077,5975.27
41078,8094.81
41079,5362.95
41080,7282.04
41081,7624.52
41082,5825.9
41083,6892.45
41084,5453.63
41085,8809.5
41086,8257.83
41087,19090.93
41088,7522.87
